activity_id,lead_id,activity_type,activity_date,activity_status,notes
1,861,SMS,2025-10-25,Completed,Customer requested more details.
2,1295,WhatsApp,2026-03-24,Completed,Customer requested more details.
3,1131,Call,2025-03-20,Pending,Discussed budget and preferred location.
4,1096,WhatsApp,2025-06-28,Failed,No response from customer.
5,1639,WhatsApp,2025-09-06,Pending,Shared available property options.
6,2170,SMS,2026-01-30,Completed,Discussed budget and preferred location.
7,467,SMS,2025-07-14,Pending,Scheduled follow-up call.
8,1239,Follow-up,2025-03-20,Failed,Sent lease and booking information.
9,331,Site Visit,2025-11-24,Pending,Sent lease and booking information.
10,1483,Email,2026-01-22,Completed,Shared available property options.
11,2136,Call,2025-02-28,Pending,Scheduled follow-up call.
12,2920,Site Visit,2026-06-26,Pending,No response from customer.
13,131,SMS,2026-01-09,Failed,Discussed budget and preferred location.
14,1686,SMS,2025-05-31,Completed,No response from customer.
15,770,Call,2026-03-18,Failed,No response from customer.
16,2392,Email,2025-01-11,Pending,Shared available property options.
17,1516,Follow-up,2025-06-16,Pending,No response from customer.
18,2854,WhatsApp,2026-06-24,Completed,Discussed budget and preferred location.
19,2434,Call,2025-12-14,Pending,No response from customer.
20,1216,WhatsApp,2025-03-20,Failed,Customer requested more details.
21,956,Document Shared,2025-03-23,Completed,No response from customer.
22,2325,Follow-up,2025-04-10,Failed,Discussed budget and preferred location.
23,1185,Site Visit,2026-06-04,Pending,Shared available property options.
24,460,Call,2026-04-23,Pending,Customer requested more details.
25,22,Email,2025-10-27,Completed,Discussed budget and preferred location.
26,2301,WhatsApp,2025-05-20,Failed,Scheduled follow-up call.
27,748,Email,2025-07-27,Pending,Scheduled follow-up call.
28,2905,Site Visit,2025-07-02,Failed,Discussed budget and preferred location.
29,475,Follow-up,2025-11-16,Failed,Discussed budget and preferred location.
30,1083,Follow-up,2025-06-14,Pending,Scheduled follow-up call.
31,2559,Document Shared,2025-08-05,Failed,Discussed budget and preferred location.
32,2048,WhatsApp,2026-04-13,Pending,No response from customer.
33,2748,Email,2025-09-13,Completed,Discussed budget and preferred location.
34,976,WhatsApp,2025-12-25,Completed,No response from customer.
35,1807,Email,2026-04-03,Completed,Shared available property options.
36,190,Follow-up,2025-08-02,Failed,Scheduled follow-up call.
37,2735,Document Shared,2025-05-05,Failed,Customer requested more details.
38,563,Site Visit,2026-04-28,Failed,Scheduled follow-up call.
39,1900,Site Visit,2025-07-21,Completed,Scheduled follow-up call.
40,1268,Site Visit,2025-12-04,Completed,No response from customer.
41,2880,WhatsApp,2025-04-19,Completed,No response from customer.
42,1529,Email,2025-11-07,Pending,No response from customer.
43,647,SMS,2025-07-22,Completed,No response from customer.
44,2069,Site Visit,2025-03-01,Failed,Scheduled follow-up call.
45,2889,SMS,2025-06-20,Pending,Scheduled follow-up call.
46,2215,Follow-up,2025-05-23,Pending,Scheduled follow-up call.
47,1298,WhatsApp,2026-04-11,Pending,Discussed budget and preferred location.
48,2436,WhatsApp,2026-01-28,Completed,Discussed budget and preferred location.
49,601,Email,2026-02-05,Completed,Sent lease and booking information.
50,2364,Site Visit,2025-07-23,Pending,Discussed budget and preferred location.
51,2062,Follow-up,2025-01-19,Failed,Customer requested more details.
52,242,Call,2025-04-21,Completed,Shared available property options.
53,2042,Document Shared,2025-01-29,Completed,Customer requested more details.
54,2825,Document Shared,2025-11-26,Failed,No response from customer.
55,2613,Site Visit,2025-09-21,Pending,Shared available property options.
56,2946,Follow-up,2026-06-14,Pending,No response from customer.
57,1364,Document Shared,2025-02-27,Failed,Scheduled follow-up call.
58,2140,Call,2025-11-28,Failed,Discussed budget and preferred location.
59,1391,Email,2026-06-20,Failed,Sent lease and booking information.
60,1479,Follow-up,2025-09-10,Completed,Sent lease and booking information.
61,2557,SMS,2025-04-16,Pending,No response from customer.
62,776,Call,2025-08-04,Pending,No response from customer.
63,35,Document Shared,2025-05-18,Completed,Sent lease and booking information.
64,2254,Site Visit,2025-01-26,Completed,Discussed budget and preferred location.
65,1956,Email,2026-04-10,Completed,Discussed budget and preferred location.
66,1586,SMS,2025-10-03,Failed,Discussed budget and preferred location.
67,1022,Email,2025-10-09,Pending,Shared available property options.
68,2614,Call,2026-04-25,Failed,Customer requested more details.
69,1130,SMS,2025-09-29,Pending,Customer requested more details.
70,1501,Email,2025-06-02,Pending,Discussed budget and preferred location.
71,703,Site Visit,2025-06-15,Pending,Scheduled follow-up call.
72,2450,Follow-up,2025-01-17,Completed,Sent lease and booking information.
73,2778,Call,2025-11-22,Completed,Discussed budget and preferred location.
74,1580,Site Visit,2025-06-26,Pending,Sent lease and booking information.
75,162,Follow-up,2025-05-23,Failed,Shared available property options.
76,202,Email,2025-02-21,Pending,Sent lease and booking information.
77,1982,Follow-up,2026-05-11,Pending,Scheduled follow-up call.
78,996,Call,2026-02-25,Failed,No response from customer.
79,2318,WhatsApp,2025-05-20,Completed,Scheduled follow-up call.
80,816,Follow-up,2025-12-14,Completed,No response from customer.
81,456,Email,2025-11-07,Completed,Sent lease and booking information.
82,1276,Document Shared,2025-03-02,Pending,No response from customer.
83,1017,SMS,2026-07-08,Failed,Customer requested more details.
84,2344,Site Visit,2025-04-29,Completed,No response from customer.
85,2768,Email,2025-10-08,Pending,Scheduled follow-up call.
86,338,Site Visit,2025-09-03,Completed,Scheduled follow-up call.
87,879,Email,2025-10-10,Completed,Discussed budget and preferred location.
88,1077,WhatsApp,2025-12-10,Completed,Scheduled follow-up call.
89,792,WhatsApp,2026-02-06,Failed,Discussed budget and preferred location.
90,2265,Call,2026-05-09,Failed,Shared available property options.
91,764,Site Visit,2025-06-28,Failed,Discussed budget and preferred location.
92,2236,WhatsApp,2025-09-29,Completed,Customer requested more details.
93,380,Call,2026-04-08,Failed,Customer requested more details.
94,493,Email,2025-09-25,Pending,Shared available property options.
95,1181,Follow-up,2026-04-08,Pending,Customer requested more details.
96,2063,Email,2026-02-12,Pending,Shared available property options.
97,65,Follow-up,2026-03-24,Pending,Customer requested more details.
98,2569,Follow-up,2025-10-02,Completed,Customer requested more details.
99,1368,Site Visit,2025-02-27,Pending,Sent lease and booking information.
100,1153,SMS,2025-10-23,Pending,Discussed budget and preferred location.
101,2028,Follow-up,2025-04-17,Completed,Customer requested more details.
102,2696,Follow-up,2026-02-22,Failed,Shared available property options.
103,1496,Call,2026-06-19,Failed,Scheduled follow-up call.
104,1163,WhatsApp,2026-03-01,Failed,Sent lease and booking information.
105,1523,Site Visit,2026-04-23,Completed,Discussed budget and preferred location.
106,2641,Email,2025-03-13,Completed,No response from customer.
107,392,WhatsApp,2025-06-03,Completed,Shared available property options.
108,1699,WhatsApp,2025-05-25,Failed,Discussed budget and preferred location.
109,419,WhatsApp,2025-11-18,Completed,Customer requested more details.
110,2337,WhatsApp,2025-11-28,Completed,Customer requested more details.
111,379,Email,2026-05-30,Completed,No response from customer.
112,1797,Call,2025-01-20,Completed,Shared available property options.
113,2279,Email,2025-11-06,Completed,Discussed budget and preferred location.
114,2089,Email,2026-01-29,Completed,Sent lease and booking information.
115,2183,Document Shared,2026-02-05,Completed,Discussed budget and preferred location.
116,201,Call,2025-08-15,Pending,No response from customer.
117,1864,Follow-up,2026-05-10,Completed,Sent lease and booking information.
118,780,Site Visit,2026-03-17,Pending,Discussed budget and preferred location.
119,2978,Document Shared,2026-06-06,Completed,Discussed budget and preferred location.
120,503,Call,2026-03-02,Failed,Sent lease and booking information.
121,2455,Email,2025-06-09,Completed,Discussed budget and preferred location.
122,1752,Document Shared,2026-05-28,Completed,Discussed budget and preferred location.
123,805,Site Visit,2026-03-26,Pending,Shared available property options.
124,2147,Site Visit,2026-05-02,Failed,Customer requested more details.
125,2732,Site Visit,2026-01-15,Pending,Customer requested more details.
126,1896,Email,2025-04-18,Failed,Discussed budget and preferred location.
127,2774,Email,2025-10-12,Completed,Sent lease and booking information.
128,1571,Follow-up,2025-12-11,Pending,Sent lease and booking information.
129,961,Follow-up,2025-07-03,Failed,Discussed budget and preferred location.
130,2661,Follow-up,2025-06-03,Pending,No response from customer.
131,1486,Site Visit,2025-11-16,Pending,Scheduled follow-up call.
132,2691,Follow-up,2026-04-12,Pending,Customer requested more details.
133,1029,Site Visit,2026-01-15,Pending,Sent lease and booking information.
134,503,Email,2026-02-10,Pending,Shared available property options.
135,2815,Site Visit,2025-11-29,Completed,Shared available property options.
136,398,SMS,2025-06-05,Pending,Discussed budget and preferred location.
137,871,Call,2025-07-13,Failed,Customer requested more details.
138,2843,Follow-up,2025-07-31,Pending,Scheduled follow-up call.
139,393,Follow-up,2025-11-21,Failed,Scheduled follow-up call.
140,207,Call,2025-05-14,Failed,Scheduled follow-up call.
141,1039,SMS,2025-02-10,Completed,No response from customer.
142,1882,Email,2025-03-19,Pending,Scheduled follow-up call.
143,2940,Email,2025-05-22,Pending,No response from customer.
144,1485,Follow-up,2026-06-27,Failed,Scheduled follow-up call.
145,864,Call,2025-06-29,Completed,Sent lease and booking information.
146,2791,Site Visit,2025-05-16,Completed,No response from customer.
147,564,WhatsApp,2025-10-19,Completed,Discussed budget and preferred location.
148,1021,Follow-up,2026-01-27,Pending,Scheduled follow-up call.
149,96,SMS,2026-05-05,Completed,Discussed budget and preferred location.
150,1924,Site Visit,2026-04-19,Failed,No response from customer.
151,1758,WhatsApp,2026-01-13,Pending,No response from customer.
152,2533,Follow-up,2025-05-14,Completed,Sent lease and booking information.
153,2279,Follow-up,2025-11-08,Completed,Scheduled follow-up call.
154,2797,WhatsApp,2026-05-12,Pending,Customer requested more details.
155,1679,Email,2025-10-22,Failed,Sent lease and booking information.
156,541,Follow-up,2025-04-30,Pending,Customer requested more details.
157,1060,Email,2025-12-02,Pending,Shared available property options.
158,2573,SMS,2025-10-12,Pending,Sent lease and booking information.
159,1184,Document Shared,2026-02-03,Failed,Discussed budget and preferred location.
160,1723,Document Shared,2025-12-29,Failed,Discussed budget and preferred location.
161,1820,Email,2025-10-24,Completed,Sent lease and booking information.
162,2626,Site Visit,2025-11-04,Pending,Scheduled follow-up call.
163,2730,WhatsApp,2025-07-27,Failed,Shared available property options.
164,2605,WhatsApp,2026-01-30,Failed,No response from customer.
165,1598,Document Shared,2025-07-20,Failed,Scheduled follow-up call.
166,2694,Follow-up,2025-10-08,Completed,Customer requested more details.
167,796,Site Visit,2026-03-28,Completed,No response from customer.
168,1052,Call,2025-06-30,Pending,Discussed budget and preferred location.
169,1644,SMS,2025-08-31,Pending,Scheduled follow-up call.
170,1364,Site Visit,2025-03-04,Failed,Customer requested more details.
171,1982,Document Shared,2026-05-18,Failed,Shared available property options.
172,1355,Follow-up,2025-06-21,Completed,Customer requested more details.
173,1664,WhatsApp,2025-09-04,Completed,Sent lease and booking information.
174,1530,Call,2025-12-24,Pending,No response from customer.
175,2039,Document Shared,2025-09-02,Failed,Scheduled follow-up call.
176,1497,SMS,2025-08-01,Completed,Scheduled follow-up call.
177,2238,Document Shared,2026-02-26,Pending,Discussed budget and preferred location.
178,1409,Email,2025-06-23,Completed,Customer requested more details.
179,1401,Follow-up,2025-07-08,Pending,Customer requested more details.
180,1307,Follow-up,2025-07-12,Failed,Discussed budget and preferred location.
181,2681,WhatsApp,2025-02-16,Pending,Shared available property options.
182,2676,Site Visit,2026-04-30,Failed,Sent lease and booking information.
183,973,Email,2025-09-25,Completed,No response from customer.
184,1769,Email,2026-04-30,Pending,No response from customer.
185,1283,Follow-up,2025-02-12,Pending,Discussed budget and preferred location.
186,710,Email,2025-09-16,Completed,Discussed budget and preferred location.
187,1480,WhatsApp,2025-03-18,Failed,Sent lease and booking information.
188,1435,SMS,2025-07-17,Completed,Shared available property options.
189,649,Email,2025-07-29,Pending,Customer requested more details.
190,318,Email,2026-01-21,Pending,Scheduled follow-up call.
191,1258,WhatsApp,2025-01-12,Failed,Customer requested more details.
192,684,Site Visit,2025-09-27,Completed,No response from customer.
193,664,Document Shared,2025-08-08,Pending,Customer requested more details.
194,1999,Document Shared,2025-11-06,Completed,Scheduled follow-up call.
195,1632,Site Visit,2026-03-15,Pending,Discussed budget and preferred location.
196,1496,Site Visit,2026-06-13,Failed,No response from customer.
197,1137,Email,2025-04-19,Pending,Discussed budget and preferred location.
198,1854,Follow-up,2025-02-28,Failed,Customer requested more details.
199,1521,WhatsApp,2026-02-12,Pending,Scheduled follow-up call.
200,2490,Follow-up,2026-05-10,Completed,Sent lease and booking information.
201,564,Site Visit,2025-10-23,Pending,Discussed budget and preferred location.
202,1292,SMS,2026-02-28,Pending,Customer requested more details.
203,1637,WhatsApp,2025-09-02,Pending,No response from customer.
204,3000,Follow-up,2025-02-08,Pending,Scheduled follow-up call.
205,699,WhatsApp,2025-11-28,Pending,Sent lease and booking information.
206,2161,Site Visit,2025-07-25,Failed,Scheduled follow-up call.
207,2,SMS,2025-03-02,Completed,Shared available property options.
208,642,Email,2025-12-16,Pending,Sent lease and booking information.
209,2268,Call,2026-01-27,Failed,Sent lease and booking information.
210,1590,Call,2025-01-10,Completed,No response from customer.
211,855,Document Shared,2025-10-07,Failed,Customer requested more details.
212,1760,Call,2025-07-11,Failed,Shared available property options.
213,2433,Site Visit,2025-12-30,Failed,Shared available property options.
214,1662,Email,2025-01-05,Completed,No response from customer.
215,1154,Document Shared,2025-10-01,Pending,Customer requested more details.
216,1077,Follow-up,2025-12-05,Pending,Customer requested more details.
217,1708,Follow-up,2026-03-15,Completed,Sent lease and booking information.
218,2778,Follow-up,2025-11-30,Completed,Customer requested more details.
219,1696,Call,2025-02-09,Failed,Customer requested more details.
220,1734,Site Visit,2026-03-18,Completed,Shared available property options.
221,1440,Follow-up,2025-05-11,Pending,Discussed budget and preferred location.
222,2295,WhatsApp,2025-11-08,Failed,Scheduled follow-up call.
223,836,Call,2026-06-26,Pending,No response from customer.
224,203,Site Visit,2025-07-17,Pending,Discussed budget and preferred location.
225,123,Follow-up,2026-01-15,Pending,Customer requested more details.
226,401,SMS,2025-03-02,Completed,Shared available property options.
227,767,Site Visit,2025-12-12,Failed,Scheduled follow-up call.
228,294,WhatsApp,2026-01-06,Pending,Discussed budget and preferred location.
229,2328,Email,2025-07-28,Completed,Shared available property options.
230,2932,SMS,2026-01-11,Pending,Customer requested more details.
231,198,Document Shared,2025-12-31,Completed,Customer requested more details.
232,1931,Document Shared,2025-10-05,Failed,Discussed budget and preferred location.
233,2800,Email,2026-04-07,Pending,Shared available property options.
234,2192,WhatsApp,2025-05-01,Failed,Sent lease and booking information.
235,609,Email,2025-10-08,Completed,Discussed budget and preferred location.
236,1148,Email,2025-06-14,Failed,Sent lease and booking information.
237,187,Email,2026-03-01,Completed,No response from customer.
238,2512,Call,2025-05-13,Completed,Shared available property options.
239,1795,Call,2025-10-28,Failed,Discussed budget and preferred location.
240,660,Follow-up,2026-04-03,Failed,Discussed budget and preferred location.
241,2812,WhatsApp,2025-09-03,Failed,Sent lease and booking information.
242,1956,Follow-up,2026-04-19,Completed,No response from customer.
243,2451,WhatsApp,2025-02-09,Completed,Shared available property options.
244,1370,Call,2025-10-17,Failed,Scheduled follow-up call.
245,1987,Site Visit,2025-02-16,Failed,No response from customer.
246,1535,WhatsApp,2025-12-03,Failed,Sent lease and booking information.
247,147,Follow-up,2025-01-22,Pending,Shared available property options.
248,2912,Document Shared,2025-11-23,Failed,Customer requested more details.
249,1735,SMS,2026-03-25,Failed,Shared available property options.
250,1844,SMS,2025-11-04,Pending,Customer requested more details.
251,489,Document Shared,2026-06-05,Pending,Shared available property options.
252,2977,Email,2025-10-10,Completed,Discussed budget and preferred location.
253,1960,Follow-up,2025-01-21,Completed,Scheduled follow-up call.
254,1664,Call,2025-08-20,Pending,No response from customer.
255,2599,Document Shared,2025-09-15,Completed,Shared available property options.
256,2386,Follow-up,2025-07-26,Completed,Scheduled follow-up call.
257,2920,Follow-up,2026-05-29,Failed,Discussed budget and preferred location.
258,641,Email,2026-02-11,Failed,Sent lease and booking information.
259,1803,Document Shared,2025-06-10,Completed,Sent lease and booking information.
260,2521,Call,2025-12-28,Completed,Discussed budget and preferred location.
261,1970,Email,2026-01-07,Failed,Scheduled follow-up call.
262,2199,Call,2025-04-29,Pending,No response from customer.
263,1439,Call,2026-06-03,Failed,Customer requested more details.
264,1635,SMS,2025-05-19,Completed,Scheduled follow-up call.
265,263,SMS,2025-01-28,Pending,Customer requested more details.
266,1788,Email,2025-06-01,Pending,Discussed budget and preferred location.
267,2192,Call,2025-05-27,Failed,Scheduled follow-up call.
268,2394,Email,2025-11-24,Failed,No response from customer.
269,624,Email,2025-04-15,Pending,No response from customer.
270,1017,Call,2026-06-18,Pending,Shared available property options.
271,881,Email,2025-10-31,Pending,Scheduled follow-up call.
272,2050,WhatsApp,2025-09-23,Failed,Shared available property options.
273,2945,Email,2026-05-20,Failed,Sent lease and booking information.
274,1328,SMS,2025-08-29,Pending,Customer requested more details.
275,2302,Call,2026-01-23,Completed,Sent lease and booking information.
276,453,SMS,2025-10-28,Failed,Discussed budget and preferred location.
277,1184,Call,2026-03-06,Failed,Shared available property options.
278,2057,Call,2025-07-04,Failed,Shared available property options.
279,1683,Site Visit,2025-11-08,Completed,Scheduled follow-up call.
280,2864,SMS,2025-01-31,Completed,Sent lease and booking information.
281,2256,Site Visit,2025-07-11,Pending,Discussed budget and preferred location.
282,1155,SMS,2025-01-19,Failed,Sent lease and booking information.
283,404,SMS,2025-06-07,Pending,Discussed budget and preferred location.
284,2200,SMS,2026-02-23,Pending,Sent lease and booking information.
285,2102,SMS,2025-07-18,Failed,Scheduled follow-up call.
286,1697,Document Shared,2025-03-12,Pending,Customer requested more details.
287,628,Site Visit,2025-04-29,Pending,Customer requested more details.
288,587,SMS,2025-04-24,Pending,Discussed budget and preferred location.
289,1649,Email,2025-10-04,Pending,Discussed budget and preferred location.
290,1444,Call,2025-03-24,Failed,Scheduled follow-up call.
291,1446,Email,2025-04-06,Failed,Discussed budget and preferred location.
292,104,Call,2025-05-28,Failed,Discussed budget and preferred location.
293,254,Call,2026-06-14,Pending,Customer requested more details.
294,2558,Site Visit,2026-04-11,Failed,Scheduled follow-up call.
295,1497,Call,2025-08-01,Completed,Shared available property options.
296,99,WhatsApp,2025-04-07,Completed,Shared available property options.
297,2201,Site Visit,2026-04-16,Pending,Shared available property options.
298,1885,Email,2025-04-25,Completed,Discussed budget and preferred location.
299,2962,Email,2026-04-28,Pending,Discussed budget and preferred location.
300,1920,Site Visit,2025-09-10,Failed,No response from customer.
301,878,WhatsApp,2026-03-24,Pending,No response from customer.
302,338,WhatsApp,2025-08-22,Completed,Scheduled follow-up call.
303,2870,Follow-up,2026-01-17,Failed,Shared available property options.
304,957,Email,2025-11-02,Completed,Discussed budget and preferred location.
305,1705,Follow-up,2025-07-02,Pending,Shared available property options.
306,161,WhatsApp,2026-06-12,Completed,No response from customer.
307,1604,WhatsApp,2025-10-09,Failed,Discussed budget and preferred location.
308,2849,WhatsApp,2026-06-19,Pending,Scheduled follow-up call.
309,398,WhatsApp,2025-06-08,Failed,Sent lease and booking information.
310,1301,Email,2026-02-27,Failed,No response from customer.
311,816,Email,2025-12-01,Pending,Sent lease and booking information.
312,1528,Document Shared,2025-04-21,Completed,Scheduled follow-up call.
313,1920,Follow-up,2025-08-18,Failed,Sent lease and booking information.
314,1416,SMS,2025-11-30,Completed,Scheduled follow-up call.
315,1159,Call,2026-03-14,Pending,Shared available property options.
316,1219,Call,2025-08-29,Pending,Shared available property options.
317,401,WhatsApp,2025-03-22,Completed,Scheduled follow-up call.
318,640,Call,2026-01-10,Failed,Sent lease and booking information.
319,2736,Site Visit,2025-09-10,Pending,No response from customer.
320,460,WhatsApp,2026-04-18,Pending,No response from customer.
321,955,SMS,2025-12-27,Pending,No response from customer.
322,470,SMS,2025-12-14,Failed,No response from customer.
323,1046,Site Visit,2025-10-31,Failed,Customer requested more details.
324,2798,Email,2025-03-24,Completed,Customer requested more details.
325,1694,Follow-up,2025-04-30,Pending,Sent lease and booking information.
326,2086,Call,2025-02-22,Completed,Scheduled follow-up call.
327,2278,Call,2026-03-06,Failed,Sent lease and booking information.
328,563,Document Shared,2026-04-13,Pending,Shared available property options.
329,2486,SMS,2025-05-27,Failed,Scheduled follow-up call.
330,1800,SMS,2025-12-20,Pending,Discussed budget and preferred location.
331,2075,SMS,2026-02-11,Failed,No response from customer.
332,226,Email,2025-08-27,Failed,Customer requested more details.
333,798,Email,2025-07-25,Pending,Discussed budget and preferred location.
334,2332,WhatsApp,2025-11-16,Pending,No response from customer.
335,2927,Call,2026-03-28,Failed,Sent lease and booking information.
336,960,Document Shared,2026-05-23,Pending,Sent lease and booking information.
337,1505,SMS,2026-01-02,Completed,Scheduled follow-up call.
338,453,Document Shared,2025-10-03,Failed,Shared available property options.
339,816,SMS,2025-11-25,Completed,Shared available property options.
340,659,SMS,2026-02-25,Pending,Scheduled follow-up call.
341,547,WhatsApp,2026-03-29,Failed,Discussed budget and preferred location.
342,1216,SMS,2025-02-28,Completed,Sent lease and booking information.
343,17,Call,2025-09-21,Completed,No response from customer.
344,1244,WhatsApp,2025-07-12,Failed,Shared available property options.
345,2206,Site Visit,2025-02-01,Completed,Scheduled follow-up call.
346,2525,Email,2025-12-23,Completed,Discussed budget and preferred location.
347,1070,SMS,2025-05-05,Pending,Scheduled follow-up call.
348,2566,Site Visit,2025-12-17,Completed,No response from customer.
349,2147,Document Shared,2026-05-06,Failed,Scheduled follow-up call.
350,1769,Call,2026-05-07,Pending,Scheduled follow-up call.
351,1061,SMS,2025-12-12,Failed,Sent lease and booking information.
352,2328,Call,2025-07-17,Failed,Customer requested more details.
353,2545,Document Shared,2025-05-12,Pending,Shared available property options.
354,302,Site Visit,2025-05-25,Completed,Customer requested more details.
355,181,Document Shared,2026-01-06,Completed,Scheduled follow-up call.
356,607,WhatsApp,2026-01-07,Pending,Shared available property options.
357,700,Call,2025-10-17,Pending,Scheduled follow-up call.
358,993,Follow-up,2026-04-23,Pending,Shared available property options.
359,1140,Email,2025-07-24,Completed,Shared available property options.
360,191,Site Visit,2026-03-30,Failed,Shared available property options.
361,2301,Follow-up,2025-05-08,Completed,No response from customer.
362,981,Follow-up,2025-06-11,Completed,Sent lease and booking information.
363,2976,Call,2025-01-30,Failed,Discussed budget and preferred location.
364,2007,Site Visit,2025-07-16,Pending,Customer requested more details.
365,1185,Follow-up,2026-05-16,Failed,Discussed budget and preferred location.
366,128,WhatsApp,2026-04-21,Failed,Customer requested more details.
367,2066,Site Visit,2025-10-14,Failed,Discussed budget and preferred location.
368,1817,Follow-up,2025-12-22,Pending,Sent lease and booking information.
369,1759,Call,2025-10-28,Failed,Customer requested more details.
370,2614,WhatsApp,2026-05-12,Failed,No response from customer.
371,570,SMS,2026-05-29,Completed,Shared available property options.
372,1347,WhatsApp,2025-06-10,Pending,Discussed budget and preferred location.
373,1896,Site Visit,2025-05-22,Completed,Shared available property options.
374,2734,Call,2025-04-22,Failed,Shared available property options.
375,626,Email,2026-05-04,Pending,Sent lease and booking information.
376,2902,Call,2025-03-23,Pending,Discussed budget and preferred location.
377,1687,SMS,2025-03-20,Completed,Sent lease and booking information.
378,155,SMS,2025-04-05,Pending,Sent lease and booking information.
379,2538,Site Visit,2025-05-08,Failed,Scheduled follow-up call.
380,1410,Follow-up,2026-02-06,Completed,Sent lease and booking information.
381,785,Email,2026-05-09,Failed,Scheduled follow-up call.
382,246,Document Shared,2025-10-31,Pending,Shared available property options.
383,1501,Follow-up,2025-06-14,Failed,Discussed budget and preferred location.
384,1706,Document Shared,2025-07-07,Pending,Shared available property options.
385,2807,SMS,2025-08-21,Failed,Scheduled follow-up call.
386,538,WhatsApp,2025-06-14,Completed,Discussed budget and preferred location.
387,1891,Email,2025-03-21,Completed,Shared available property options.
388,1842,Email,2025-12-29,Completed,Discussed budget and preferred location.
389,921,Email,2026-02-18,Pending,No response from customer.
390,2456,Document Shared,2026-05-31,Pending,Discussed budget and preferred location.
391,525,WhatsApp,2025-03-12,Completed,Sent lease and booking information.
392,2876,SMS,2025-06-19,Failed,Scheduled follow-up call.
393,1530,SMS,2026-01-16,Completed,Scheduled follow-up call.
394,2951,Follow-up,2026-01-05,Failed,Discussed budget and preferred location.
395,36,WhatsApp,2026-06-13,Failed,Customer requested more details.
396,685,SMS,2025-01-14,Completed,Customer requested more details.
397,20,Email,2026-02-27,Pending,Scheduled follow-up call.
398,2369,WhatsApp,2025-07-25,Pending,Customer requested more details.
399,2560,Call,2025-08-31,Pending,No response from customer.
400,400,Call,2025-09-14,Completed,Discussed budget and preferred location.
401,2702,Call,2026-05-25,Completed,No response from customer.
402,972,Follow-up,2025-06-29,Pending,Scheduled follow-up call.
403,1907,Call,2025-12-15,Completed,Scheduled follow-up call.
404,2519,Site Visit,2025-06-04,Pending,Scheduled follow-up call.
405,1167,Site Visit,2025-02-26,Pending,Customer requested more details.
406,1116,Email,2025-12-09,Pending,Shared available property options.
407,834,SMS,2026-01-16,Failed,Shared available property options.
408,1824,WhatsApp,2025-05-27,Pending,Sent lease and booking information.
409,2775,Call,2025-07-09,Pending,Shared available property options.
410,1983,Email,2026-04-26,Pending,Customer requested more details.
411,854,WhatsApp,2025-03-13,Completed,Shared available property options.
412,51,Email,2025-10-08,Pending,Shared available property options.
413,575,Site Visit,2025-11-11,Failed,Sent lease and booking information.
414,1149,Site Visit,2026-05-05,Completed,Discussed budget and preferred location.
415,2198,Call,2026-01-26,Completed,Scheduled follow-up call.
416,2362,Call,2025-01-23,Completed,Shared available property options.
417,2618,WhatsApp,2026-02-01,Pending,Discussed budget and preferred location.
418,2353,WhatsApp,2025-10-25,Completed,Scheduled follow-up call.
419,1716,Site Visit,2025-05-18,Pending,Customer requested more details.
420,682,WhatsApp,2025-12-21,Pending,Scheduled follow-up call.
421,838,Call,2025-12-01,Completed,No response from customer.
422,1078,SMS,2026-05-16,Failed,Scheduled follow-up call.
423,2492,Call,2025-11-05,Pending,No response from customer.
424,2661,Document Shared,2025-06-14,Pending,Scheduled follow-up call.
425,2312,Email,2026-03-02,Completed,No response from customer.
426,1596,SMS,2026-02-17,Completed,No response from customer.
427,5,Document Shared,2025-12-27,Pending,Sent lease and booking information.
428,1127,Document Shared,2026-06-08,Failed,Discussed budget and preferred location.
429,1220,WhatsApp,2025-08-31,Pending,Discussed budget and preferred location.
430,774,Call,2025-04-10,Failed,Customer requested more details.
431,877,SMS,2026-02-25,Failed,No response from customer.
432,992,Follow-up,2025-10-10,Failed,Sent lease and booking information.
433,2932,Follow-up,2026-01-16,Completed,No response from customer.
434,47,WhatsApp,2025-11-16,Completed,No response from customer.
435,2915,Follow-up,2026-01-18,Completed,Customer requested more details.
436,2871,SMS,2025-11-16,Completed,Scheduled follow-up call.
437,2984,Follow-up,2026-03-17,Pending,Discussed budget and preferred location.
438,2704,WhatsApp,2025-06-06,Completed,Shared available property options.
439,269,Call,2025-09-06,Failed,Sent lease and booking information.
440,370,Call,2025-12-01,Completed,Sent lease and booking information.
441,636,Follow-up,2026-01-29,Pending,Shared available property options.
442,1130,Site Visit,2025-10-11,Pending,No response from customer.
443,1694,WhatsApp,2025-04-18,Completed,Scheduled follow-up call.
444,1683,WhatsApp,2025-11-24,Failed,No response from customer.
445,657,SMS,2025-05-29,Pending,Scheduled follow-up call.
446,120,Email,2025-12-07,Failed,Scheduled follow-up call.
447,831,SMS,2025-11-23,Pending,Scheduled follow-up call.
448,1811,WhatsApp,2026-04-11,Pending,Sent lease and booking information.
449,1082,Email,2025-11-30,Completed,Discussed budget and preferred location.
450,1975,Call,2025-04-13,Pending,Shared available property options.
451,1370,Follow-up,2025-10-14,Completed,No response from customer.
452,741,Call,2025-06-03,Pending,Sent lease and booking information.
453,117,Site Visit,2026-04-29,Failed,Discussed budget and preferred location.
454,1854,Email,2025-02-14,Pending,No response from customer.
455,2839,Site Visit,2025-11-14,Pending,Customer requested more details.
456,1151,Site Visit,2025-07-12,Failed,Sent lease and booking information.
457,1932,Email,2025-03-07,Completed,Shared available property options.
458,1013,Call,2026-03-30,Completed,Shared available property options.
459,1665,Site Visit,2025-08-17,Pending,No response from customer.
460,1082,Email,2025-12-03,Pending,No response from customer.
461,634,Site Visit,2026-05-31,Failed,Scheduled follow-up call.
462,513,WhatsApp,2025-03-16,Completed,Shared available property options.
463,2850,WhatsApp,2026-03-26,Pending,Sent lease and booking information.
464,1120,Call,2026-01-02,Completed,Discussed budget and preferred location.
465,1142,Email,2026-06-18,Completed,Scheduled follow-up call.
466,560,Call,2025-12-16,Pending,Shared available property options.
467,488,Site Visit,2025-05-07,Completed,Scheduled follow-up call.
468,897,SMS,2025-08-18,Completed,Shared available property options.
469,1213,SMS,2025-10-30,Pending,Scheduled follow-up call.
470,704,SMS,2025-08-15,Failed,Scheduled follow-up call.
471,1471,Document Shared,2025-08-02,Failed,Discussed budget and preferred location.
472,581,Document Shared,2025-12-11,Completed,No response from customer.
473,2838,Call,2026-01-06,Completed,Customer requested more details.
474,2909,Follow-up,2026-05-30,Pending,Sent lease and booking information.
475,2295,WhatsApp,2025-10-24,Pending,Customer requested more details.
476,154,Call,2025-12-27,Pending,No response from customer.
477,1680,Call,2025-09-24,Pending,Customer requested more details.
478,997,SMS,2025-03-03,Failed,No response from customer.
479,2745,Document Shared,2026-05-14,Pending,Shared available property options.
480,1244,WhatsApp,2025-08-04,Pending,Shared available property options.
481,1093,Document Shared,2025-06-12,Completed,Customer requested more details.
482,1009,Call,2025-04-20,Pending,Discussed budget and preferred location.
483,2142,WhatsApp,2026-04-24,Completed,Shared available property options.
484,1774,Email,2025-12-13,Failed,No response from customer.
485,958,SMS,2026-01-26,Completed,Discussed budget and preferred location.
486,453,WhatsApp,2025-11-02,Failed,Scheduled follow-up call.
487,1228,WhatsApp,2025-07-20,Pending,Scheduled follow-up call.
488,2960,Site Visit,2025-11-07,Failed,Discussed budget and preferred location.
489,2266,SMS,2026-01-27,Completed,Discussed budget and preferred location.
490,2522,SMS,2025-09-19,Failed,Shared available property options.
491,2480,Follow-up,2025-11-11,Completed,No response from customer.
492,2389,Site Visit,2025-11-23,Pending,Shared available property options.
493,551,Document Shared,2025-10-17,Pending,Sent lease and booking information.
494,1636,Follow-up,2025-09-30,Completed,No response from customer.
495,1313,Site Visit,2025-07-07,Completed,No response from customer.
496,1758,WhatsApp,2026-01-14,Failed,Sent lease and booking information.
497,357,WhatsApp,2026-05-27,Pending,No response from customer.
498,2071,Follow-up,2026-01-29,Completed,Shared available property options.
499,1786,Call,2025-02-07,Failed,Customer requested more details.
500,2570,Document Shared,2025-10-06,Failed,Sent lease and booking information.
501,1782,Site Visit,2025-10-29,Failed,Discussed budget and preferred location.
502,2850,WhatsApp,2026-04-11,Pending,No response from customer.
503,2810,Follow-up,2025-11-07,Completed,Customer requested more details.
504,2490,Call,2026-05-18,Pending,Scheduled follow-up call.
505,1632,WhatsApp,2026-03-28,Completed,No response from customer.
506,2817,Site Visit,2025-07-07,Pending,Customer requested more details.
507,1016,Document Shared,2026-04-17,Failed,Sent lease and booking information.
508,1349,Call,2025-11-21,Failed,Customer requested more details.
509,516,Email,2025-05-03,Completed,Shared available property options.
510,2840,Document Shared,2025-09-02,Pending,Shared available property options.
511,336,Site Visit,2025-06-17,Pending,Customer requested more details.
512,1783,SMS,2025-09-09,Completed,Discussed budget and preferred location.
513,2306,SMS,2025-09-06,Failed,Discussed budget and preferred location.
514,497,SMS,2025-06-08,Completed,Customer requested more details.
515,896,Document Shared,2026-06-15,Failed,Sent lease and booking information.
516,2208,Call,2026-02-28,Completed,Sent lease and booking information.
517,852,Follow-up,2026-03-26,Completed,Discussed budget and preferred location.
518,1688,Follow-up,2025-08-25,Pending,Sent lease and booking information.
519,1932,Email,2025-03-27,Pending,Sent lease and booking information.
520,2738,Site Visit,2026-03-21,Pending,Discussed budget and preferred location.
521,2428,SMS,2026-05-07,Failed,Customer requested more details.
522,1569,WhatsApp,2025-03-02,Pending,Customer requested more details.
523,957,Call,2025-11-16,Failed,Customer requested more details.
524,2739,SMS,2025-10-14,Pending,Discussed budget and preferred location.
525,1637,Email,2025-08-03,Completed,Shared available property options.
526,1292,Email,2026-03-05,Failed,Customer requested more details.
527,1441,Email,2025-06-04,Failed,No response from customer.
528,1192,WhatsApp,2025-05-10,Failed,Sent lease and booking information.
529,1067,WhatsApp,2025-06-18,Completed,Shared available property options.
530,285,Follow-up,2026-01-04,Failed,Scheduled follow-up call.
531,2445,Call,2025-03-11,Completed,Discussed budget and preferred location.
532,12,Site Visit,2025-06-27,Pending,Scheduled follow-up call.
533,1631,Follow-up,2025-04-07,Completed,Shared available property options.
534,2547,Follow-up,2025-12-27,Completed,Shared available property options.
535,754,Site Visit,2026-03-16,Pending,Sent lease and booking information.
536,2083,Follow-up,2025-06-26,Completed,Discussed budget and preferred location.
537,2775,Site Visit,2025-07-17,Completed,Scheduled follow-up call.
538,2897,WhatsApp,2025-08-23,Completed,Scheduled follow-up call.
539,90,Site Visit,2026-02-27,Pending,No response from customer.
540,776,Follow-up,2025-07-14,Pending,Shared available property options.
541,2653,Email,2025-07-06,Completed,Scheduled follow-up call.
542,1626,Document Shared,2026-01-28,Failed,Scheduled follow-up call.
543,418,WhatsApp,2025-11-10,Pending,Shared available property options.
544,115,Document Shared,2025-12-22,Completed,No response from customer.
545,617,Site Visit,2025-05-16,Pending,Shared available property options.
546,826,Follow-up,2025-01-28,Pending,Shared available property options.
547,1650,Document Shared,2026-02-01,Completed,Discussed budget and preferred location.
548,1517,WhatsApp,2026-04-01,Pending,Scheduled follow-up call.
549,413,Site Visit,2025-11-08,Failed,Discussed budget and preferred location.
550,729,Site Visit,2025-04-06,Pending,Shared available property options.
551,2809,Email,2025-05-14,Pending,Scheduled follow-up call.
552,676,Email,2025-02-19,Pending,Scheduled follow-up call.
553,1893,Document Shared,2025-07-01,Failed,Discussed budget and preferred location.
554,2505,Document Shared,2026-01-21,Failed,Sent lease and booking information.
555,2968,Call,2025-07-25,Failed,Customer requested more details.
556,2240,Document Shared,2026-02-18,Completed,Sent lease and booking information.
557,2787,Site Visit,2026-04-16,Completed,Customer requested more details.
558,1123,SMS,2025-03-08,Failed,No response from customer.
559,1572,WhatsApp,2026-01-14,Completed,Sent lease and booking information.
560,978,Email,2025-11-13,Pending,No response from customer.
561,1009,Document Shared,2025-05-26,Completed,Sent lease and booking information.
562,2144,WhatsApp,2026-01-11,Completed,Customer requested more details.
563,1688,Site Visit,2025-09-14,Failed,Discussed budget and preferred location.
564,2711,SMS,2025-07-19,Pending,Shared available property options.
565,37,Email,2026-04-06,Failed,No response from customer.
566,1549,Site Visit,2026-03-02,Failed,No response from customer.
567,2327,Email,2026-03-26,Failed,Customer requested more details.
568,2265,Document Shared,2026-05-23,Pending,Discussed budget and preferred location.
569,2915,WhatsApp,2026-01-20,Pending,Discussed budget and preferred location.
570,873,SMS,2026-04-30,Failed,Shared available property options.
571,1822,Follow-up,2025-02-05,Completed,Scheduled follow-up call.
572,1297,Email,2025-08-14,Completed,Discussed budget and preferred location.
573,2110,Site Visit,2026-06-01,Failed,Shared available property options.
574,596,Call,2026-01-11,Completed,Shared available property options.
575,1904,WhatsApp,2025-05-19,Failed,Scheduled follow-up call.
576,729,Call,2025-03-16,Failed,Shared available property options.
577,1366,Document Shared,2026-03-17,Failed,No response from customer.
578,397,Email,2026-05-10,Pending,Discussed budget and preferred location.
579,699,Site Visit,2026-01-04,Completed,Discussed budget and preferred location.
580,2225,Document Shared,2025-05-04,Failed,Discussed budget and preferred location.
581,1636,Call,2025-10-09,Completed,Scheduled follow-up call.
582,396,Call,2026-01-28,Pending,Discussed budget and preferred location.
583,2493,Document Shared,2025-08-25,Failed,Sent lease and booking information.
584,76,Email,2026-03-20,Completed,Scheduled follow-up call.
585,265,SMS,2026-02-04,Completed,Sent lease and booking information.
586,2503,WhatsApp,2025-05-25,Failed,Scheduled follow-up call.
587,1820,Site Visit,2025-11-09,Failed,No response from customer.
588,718,Site Visit,2025-11-09,Pending,Sent lease and booking information.
589,2783,Site Visit,2026-04-13,Pending,Scheduled follow-up call.
590,851,Site Visit,2025-07-25,Failed,No response from customer.
591,1391,WhatsApp,2026-05-31,Failed,Customer requested more details.
592,144,Site Visit,2025-05-18,Completed,Shared available property options.
593,885,Email,2025-07-06,Failed,Customer requested more details.
594,396,Email,2026-02-01,Pending,Discussed budget and preferred location.
595,2996,WhatsApp,2025-06-25,Pending,Customer requested more details.
596,2939,Follow-up,2025-06-21,Failed,No response from customer.
597,1493,SMS,2025-06-22,Completed,Customer requested more details.
598,1168,Document Shared,2025-12-24,Failed,Sent lease and booking information.
599,2617,Call,2026-04-13,Pending,Customer requested more details.
600,1063,Email,2025-06-20,Pending,Scheduled follow-up call.
601,2157,Call,2025-11-09,Completed,Customer requested more details.
602,1066,Call,2025-11-10,Completed,Shared available property options.
603,1210,SMS,2026-01-08,Failed,Discussed budget and preferred location.
604,2983,Call,2025-11-06,Completed,No response from customer.
605,2446,Call,2025-07-13,Pending,Customer requested more details.
606,634,Follow-up,2026-05-26,Completed,Discussed budget and preferred location.
607,1157,Document Shared,2025-11-21,Pending,Sent lease and booking information.
608,1239,Follow-up,2025-03-31,Completed,Customer requested more details.
609,733,Call,2026-06-10,Pending,Sent lease and booking information.
610,235,WhatsApp,2025-11-01,Completed,No response from customer.
611,2706,Email,2025-04-24,Completed,Customer requested more details.
612,751,Call,2025-11-25,Pending,Discussed budget and preferred location.
613,2636,Site Visit,2025-10-28,Completed,Scheduled follow-up call.
614,954,Email,2026-03-20,Completed,Sent lease and booking information.
615,2540,Follow-up,2025-02-13,Pending,Discussed budget and preferred location.
616,2961,SMS,2026-04-20,Pending,Sent lease and booking information.
617,1543,WhatsApp,2025-11-02,Pending,Shared available property options.
618,1198,Document Shared,2025-12-16,Pending,No response from customer.
619,1677,Follow-up,2026-01-19,Pending,Shared available property options.
620,1192,Document Shared,2025-04-15,Pending,Shared available property options.
621,2218,Follow-up,2025-08-21,Completed,Discussed budget and preferred location.
622,1417,Document Shared,2025-02-05,Failed,Sent lease and booking information.
623,2994,Call,2025-04-24,Pending,Discussed budget and preferred location.
624,2843,SMS,2025-07-10,Pending,Shared available property options.
625,2682,Email,2025-01-17,Pending,Scheduled follow-up call.
626,1218,Follow-up,2026-04-12,Pending,Customer requested more details.
627,1541,Site Visit,2025-05-14,Failed,Discussed budget and preferred location.
628,2077,WhatsApp,2025-05-17,Failed,Customer requested more details.
629,1446,SMS,2025-04-10,Failed,Shared available property options.
630,2387,Call,2026-02-14,Pending,Shared available property options.
631,1520,Call,2026-03-28,Pending,Discussed budget and preferred location.
632,1389,Follow-up,2026-02-19,Failed,Discussed budget and preferred location.
633,1857,WhatsApp,2025-11-04,Failed,Customer requested more details.
634,1366,Site Visit,2026-03-15,Completed,Sent lease and booking information.
635,500,WhatsApp,2025-03-22,Completed,Shared available property options.
636,1681,Document Shared,2025-07-05,Completed,Sent lease and booking information.
637,511,Email,2026-02-21,Pending,Discussed budget and preferred location.
638,217,Follow-up,2026-02-05,Pending,Shared available property options.
639,1325,WhatsApp,2026-03-07,Completed,Customer requested more details.
640,1156,SMS,2025-05-26,Failed,No response from customer.
641,1828,Email,2025-05-25,Completed,Shared available property options.
642,1811,Follow-up,2026-03-26,Pending,Discussed budget and preferred location.
643,2493,Follow-up,2025-09-01,Pending,Discussed budget and preferred location.
644,2924,SMS,2026-05-19,Failed,No response from customer.
645,1206,SMS,2025-07-15,Completed,Scheduled follow-up call.
646,2215,SMS,2025-05-23,Completed,No response from customer.
647,91,Document Shared,2025-02-05,Failed,No response from customer.
648,714,SMS,2025-03-13,Pending,Scheduled follow-up call.
649,1882,WhatsApp,2025-03-31,Completed,Sent lease and booking information.
650,39,Call,2026-05-07,Failed,Discussed budget and preferred location.
651,173,Email,2025-06-20,Failed,Discussed budget and preferred location.
652,653,Email,2026-01-17,Completed,Scheduled follow-up call.
653,754,SMS,2026-04-02,Failed,Sent lease and booking information.
654,1244,Follow-up,2025-08-08,Pending,Sent lease and booking information.
655,1082,Site Visit,2025-12-10,Pending,Scheduled follow-up call.
656,1684,WhatsApp,2026-03-25,Pending,Customer requested more details.
657,2524,WhatsApp,2025-10-16,Failed,Customer requested more details.
658,456,WhatsApp,2025-11-30,Pending,Customer requested more details.
659,829,Site Visit,2025-02-28,Failed,Discussed budget and preferred location.
660,895,SMS,2025-09-29,Failed,Sent lease and booking information.
661,1385,WhatsApp,2025-12-13,Failed,No response from customer.
662,1959,Call,2026-03-28,Completed,Shared available property options.
663,2435,Document Shared,2026-04-24,Completed,Shared available property options.
664,1997,WhatsApp,2025-11-17,Failed,Scheduled follow-up call.
665,2396,Email,2025-11-26,Failed,Shared available property options.
666,190,SMS,2025-09-13,Failed,Scheduled follow-up call.
667,505,Follow-up,2025-11-20,Completed,Discussed budget and preferred location.
668,1215,WhatsApp,2026-02-14,Completed,Discussed budget and preferred location.
669,1532,SMS,2025-03-05,Failed,Sent lease and booking information.
670,824,SMS,2025-12-14,Failed,Discussed budget and preferred location.
671,929,SMS,2026-05-13,Failed,Discussed budget and preferred location.
672,934,Site Visit,2026-07-06,Completed,Customer requested more details.
673,1141,Call,2025-10-11,Pending,Customer requested more details.
674,134,Call,2025-03-05,Pending,Sent lease and booking information.
675,2106,Call,2026-02-22,Failed,Shared available property options.
676,685,WhatsApp,2025-02-08,Pending,Shared available property options.
677,2720,WhatsApp,2026-04-06,Failed,Discussed budget and preferred location.
678,2221,SMS,2025-10-09,Pending,Sent lease and booking information.
679,1853,Document Shared,2025-09-27,Pending,Discussed budget and preferred location.
680,815,Site Visit,2025-06-18,Completed,Customer requested more details.
681,1173,Call,2025-03-02,Failed,Scheduled follow-up call.
682,80,Follow-up,2025-03-10,Completed,Scheduled follow-up call.
683,2934,SMS,2025-08-23,Completed,Shared available property options.
684,203,SMS,2025-08-09,Completed,Shared available property options.
685,2812,Site Visit,2025-10-01,Pending,Shared available property options.
686,1253,Follow-up,2026-06-03,Completed,No response from customer.
687,1700,Site Visit,2025-08-21,Pending,Sent lease and booking information.
688,1251,Call,2026-02-09,Completed,Discussed budget and preferred location.
689,1683,Document Shared,2025-10-25,Failed,Discussed budget and preferred location.
690,1556,SMS,2025-09-03,Failed,Scheduled follow-up call.
691,2095,Site Visit,2026-06-16,Failed,Scheduled follow-up call.
692,1257,Document Shared,2025-06-15,Completed,Scheduled follow-up call.
693,1550,Site Visit,2025-09-02,Failed,Customer requested more details.
694,1167,WhatsApp,2025-01-31,Pending,Scheduled follow-up call.
695,1397,Document Shared,2025-11-21,Completed,Customer requested more details.
696,2704,Call,2025-05-02,Failed,Discussed budget and preferred location.
697,471,Follow-up,2025-03-14,Pending,Discussed budget and preferred location.
698,1036,Email,2026-04-11,Failed,Discussed budget and preferred location.
699,1354,Email,2025-09-24,Completed,No response from customer.
700,2784,Email,2025-10-07,Failed,Shared available property options.
701,2832,Call,2025-04-11,Pending,Scheduled follow-up call.
702,968,Follow-up,2025-05-06,Failed,Discussed budget and preferred location.
703,358,Site Visit,2026-03-27,Completed,Discussed budget and preferred location.
704,668,WhatsApp,2025-05-31,Pending,Discussed budget and preferred location.
705,373,Document Shared,2025-02-02,Failed,Discussed budget and preferred location.
706,1032,Call,2025-02-01,Pending,Customer requested more details.
707,1146,WhatsApp,2025-04-21,Completed,Customer requested more details.
708,1372,Call,2025-11-17,Pending,Shared available property options.
709,2724,Call,2026-03-11,Completed,Discussed budget and preferred location.
710,90,Email,2026-03-22,Failed,Scheduled follow-up call.
711,2746,Call,2025-05-31,Completed,Scheduled follow-up call.
712,540,Follow-up,2025-08-02,Failed,Sent lease and booking information.
713,2780,WhatsApp,2026-02-21,Completed,Discussed budget and preferred location.
714,869,Follow-up,2026-04-05,Completed,Shared available property options.
715,41,Email,2025-02-15,Completed,No response from customer.
716,740,SMS,2026-03-17,Completed,Scheduled follow-up call.
717,1947,Follow-up,2026-06-07,Pending,Customer requested more details.
718,2550,WhatsApp,2026-03-02,Completed,Sent lease and booking information.
719,1225,Email,2026-03-20,Failed,Customer requested more details.
720,929,Call,2026-05-21,Pending,Shared available property options.
721,2037,SMS,2025-04-11,Pending,Discussed budget and preferred location.
722,2509,Call,2025-09-20,Completed,Scheduled follow-up call.
723,2780,Follow-up,2026-02-22,Completed,No response from customer.
724,2800,Call,2026-04-04,Pending,No response from customer.
725,925,SMS,2026-06-11,Failed,Sent lease and booking information.
726,2957,SMS,2025-06-21,Pending,Scheduled follow-up call.
727,1582,Site Visit,2026-03-01,Completed,Customer requested more details.
728,390,Call,2025-05-28,Pending,Scheduled follow-up call.
729,1618,Call,2025-10-31,Completed,No response from customer.
730,2931,SMS,2026-01-04,Completed,Shared available property options.
731,256,Email,2025-04-16,Pending,Sent lease and booking information.
732,709,Call,2026-04-26,Pending,Scheduled follow-up call.
733,1839,Site Visit,2025-03-26,Completed,No response from customer.
734,1945,WhatsApp,2025-12-06,Failed,Scheduled follow-up call.
735,2498,SMS,2025-11-27,Failed,Shared available property options.
736,10,SMS,2026-01-02,Pending,Sent lease and booking information.
737,2872,Site Visit,2025-09-05,Pending,Sent lease and booking information.
738,798,Call,2025-07-27,Completed,Shared available property options.
739,877,SMS,2026-03-07,Failed,Customer requested more details.
740,1029,Call,2026-02-21,Pending,Discussed budget and preferred location.
741,1016,Document Shared,2026-04-16,Completed,Discussed budget and preferred location.
742,1825,Follow-up,2026-06-06,Failed,Discussed budget and preferred location.
743,374,Document Shared,2025-05-02,Completed,Sent lease and booking information.
744,2194,Follow-up,2026-01-21,Failed,Sent lease and booking information.
745,224,WhatsApp,2025-10-28,Completed,Customer requested more details.
746,1263,WhatsApp,2025-05-31,Pending,Shared available property options.
747,2225,Email,2025-03-27,Failed,No response from customer.
748,1803,Follow-up,2025-05-26,Completed,No response from customer.
749,853,WhatsApp,2026-02-02,Completed,Shared available property options.
750,63,Site Visit,2026-03-18,Pending,Scheduled follow-up call.
751,1241,WhatsApp,2025-10-03,Completed,Discussed budget and preferred location.
752,2875,Call,2026-07-06,Completed,Discussed budget and preferred location.
753,2843,Email,2025-07-09,Failed,Scheduled follow-up call.
754,689,Document Shared,2025-08-21,Failed,Shared available property options.
755,1485,Email,2026-07-01,Failed,Scheduled follow-up call.
756,1634,WhatsApp,2025-11-16,Completed,Sent lease and booking information.
757,2153,Document Shared,2026-04-29,Failed,Sent lease and booking information.
758,511,Document Shared,2026-02-10,Pending,Customer requested more details.
759,385,Follow-up,2025-09-28,Failed,Customer requested more details.
760,405,SMS,2026-02-04,Completed,Shared available property options.
761,2871,Follow-up,2025-11-13,Pending,Scheduled follow-up call.
762,518,WhatsApp,2025-05-01,Pending,Discussed budget and preferred location.
763,476,SMS,2026-05-21,Failed,Discussed budget and preferred location.
764,2001,Email,2025-04-24,Pending,Customer requested more details.
765,2757,Email,2026-06-13,Failed,Sent lease and booking information.
766,1669,SMS,2025-02-05,Failed,Scheduled follow-up call.
767,1894,Email,2025-10-14,Pending,Discussed budget and preferred location.
768,2819,Site Visit,2025-10-07,Failed,Scheduled follow-up call.
769,1461,Document Shared,2025-07-22,Failed,Shared available property options.
770,2725,Document Shared,2025-06-27,Completed,No response from customer.
771,714,WhatsApp,2025-03-08,Completed,Customer requested more details.
772,83,Email,2025-12-21,Pending,Shared available property options.
773,1169,Follow-up,2026-02-09,Completed,Shared available property options.
774,2505,Call,2026-01-28,Failed,Shared available property options.
775,1902,SMS,2026-04-10,Pending,No response from customer.
776,2049,Follow-up,2026-02-16,Failed,Customer requested more details.
777,51,SMS,2025-09-24,Pending,Scheduled follow-up call.
778,685,Follow-up,2025-02-04,Failed,No response from customer.
779,717,Document Shared,2025-03-27,Completed,No response from customer.
780,1470,Follow-up,2025-04-25,Failed,Sent lease and booking information.
781,449,Site Visit,2025-07-15,Pending,Scheduled follow-up call.
782,881,Email,2025-11-14,Pending,Sent lease and booking information.
783,488,SMS,2025-06-11,Failed,Discussed budget and preferred location.
784,1824,Email,2025-07-01,Failed,No response from customer.
785,2082,SMS,2026-02-16,Pending,Scheduled follow-up call.
786,2143,Document Shared,2025-04-13,Completed,Customer requested more details.
787,1575,Call,2026-06-26,Failed,No response from customer.
788,2202,Site Visit,2025-12-04,Completed,No response from customer.
789,250,Site Visit,2025-04-02,Failed,Sent lease and booking information.
790,674,Call,2025-07-17,Failed,Shared available property options.
791,438,SMS,2026-03-16,Pending,No response from customer.
792,2166,WhatsApp,2025-08-17,Completed,Sent lease and booking information.
793,771,Call,2025-12-20,Failed,Sent lease and booking information.
794,268,Document Shared,2025-02-13,Pending,Discussed budget and preferred location.
795,1985,Document Shared,2025-06-02,Pending,Customer requested more details.
796,1078,Call,2026-05-28,Failed,Shared available property options.
797,236,Call,2025-04-17,Failed,Sent lease and booking information.
798,389,Call,2025-11-02,Pending,No response from customer.
799,763,SMS,2026-03-15,Failed,Sent lease and booking information.
800,1849,Follow-up,2026-01-29,Failed,Sent lease and booking information.
801,2449,Follow-up,2025-10-11,Pending,No response from customer.
802,624,WhatsApp,2025-03-26,Completed,No response from customer.
803,2815,Document Shared,2025-11-24,Completed,Scheduled follow-up call.
804,2967,SMS,2025-07-24,Failed,Discussed budget and preferred location.
805,1253,Site Visit,2026-06-05,Failed,Sent lease and booking information.
806,2901,Call,2026-02-25,Completed,Discussed budget and preferred location.
807,578,Document Shared,2026-01-14,Failed,Customer requested more details.
808,2123,Document Shared,2026-04-03,Failed,Scheduled follow-up call.
809,435,SMS,2026-04-17,Pending,No response from customer.
810,2151,WhatsApp,2025-07-09,Pending,Discussed budget and preferred location.
811,764,Email,2025-07-27,Pending,Discussed budget and preferred location.
812,2786,WhatsApp,2025-11-22,Completed,No response from customer.
813,2854,Email,2026-05-30,Pending,Discussed budget and preferred location.
814,1330,Follow-up,2026-02-06,Completed,Scheduled follow-up call.
815,2146,WhatsApp,2026-05-19,Failed,Shared available property options.
816,2846,Follow-up,2025-09-11,Completed,Discussed budget and preferred location.
817,1359,Document Shared,2025-11-11,Pending,Sent lease and booking information.
818,2907,Document Shared,2026-02-24,Completed,Sent lease and booking information.
819,2483,Follow-up,2025-11-23,Pending,Sent lease and booking information.
820,447,SMS,2026-01-11,Completed,Sent lease and booking information.
821,2018,WhatsApp,2026-05-07,Failed,Shared available property options.
822,1332,SMS,2025-12-16,Pending,Shared available property options.
823,249,Call,2025-05-24,Pending,Scheduled follow-up call.
824,166,Site Visit,2025-11-14,Pending,Shared available property options.
825,1359,Document Shared,2025-11-11,Pending,Sent lease and booking information.
826,1020,Document Shared,2026-03-30,Failed,No response from customer.
827,542,Site Visit,2026-04-24,Failed,Scheduled follow-up call.
828,759,Email,2026-06-08,Completed,Sent lease and booking information.
829,2129,Site Visit,2025-06-19,Pending,Customer requested more details.
830,2181,Email,2026-01-21,Pending,No response from customer.
831,797,Document Shared,2025-06-17,Failed,Scheduled follow-up call.
832,2948,Site Visit,2025-08-15,Pending,Scheduled follow-up call.
833,138,Email,2026-05-03,Completed,Discussed budget and preferred location.
834,2232,SMS,2026-05-14,Failed,Sent lease and booking information.
835,1354,Email,2025-09-10,Failed,Discussed budget and preferred location.
836,2833,Site Visit,2025-06-03,Failed,No response from customer.
837,1876,Follow-up,2025-03-11,Failed,Customer requested more details.
838,69,Email,2025-09-12,Completed,No response from customer.
839,2594,Follow-up,2025-08-25,Failed,Shared available property options.
840,2101,Call,2026-03-08,Failed,Customer requested more details.
841,1474,Email,2025-09-23,Completed,Discussed budget and preferred location.
842,205,Follow-up,2025-02-09,Completed,Customer requested more details.
843,2174,Site Visit,2025-09-25,Failed,Scheduled follow-up call.
844,43,Document Shared,2025-02-17,Pending,Customer requested more details.
845,1907,Email,2025-11-18,Failed,Scheduled follow-up call.
846,2159,Document Shared,2026-01-12,Completed,Customer requested more details.
847,761,Email,2025-11-02,Completed,Scheduled follow-up call.
848,2896,WhatsApp,2026-02-17,Failed,Customer requested more details.
849,2143,Document Shared,2025-03-28,Failed,No response from customer.
850,1995,Email,2026-02-15,Pending,Scheduled follow-up call.
851,1936,Call,2026-02-21,Completed,No response from customer.
852,900,Email,2025-12-04,Pending,Customer requested more details.
853,360,Document Shared,2025-10-10,Failed,Customer requested more details.
854,2948,Follow-up,2025-09-04,Completed,Shared available property options.
855,1720,Follow-up,2026-06-14,Failed,Customer requested more details.
856,281,Follow-up,2025-02-14,Pending,Scheduled follow-up call.
857,1888,SMS,2026-03-24,Completed,Scheduled follow-up call.
858,667,Document Shared,2025-03-22,Completed,Sent lease and booking information.
859,93,Site Visit,2025-08-26,Pending,Scheduled follow-up call.
860,672,SMS,2025-03-20,Completed,Shared available property options.
861,1970,Site Visit,2026-02-03,Failed,Customer requested more details.
862,61,Follow-up,2025-10-20,Completed,Customer requested more details.
863,2682,WhatsApp,2025-01-26,Pending,Customer requested more details.
864,1029,Call,2026-01-16,Completed,Scheduled follow-up call.
865,1490,Call,2025-10-07,Pending,Sent lease and booking information.
866,604,Email,2025-09-15,Failed,Customer requested more details.
867,682,Document Shared,2025-11-18,Completed,Scheduled follow-up call.
868,2582,WhatsApp,2025-02-10,Completed,Sent lease and booking information.
869,1429,SMS,2026-04-14,Failed,No response from customer.
870,2886,Site Visit,2026-03-13,Pending,Scheduled follow-up call.
871,2693,Call,2026-01-07,Completed,Sent lease and booking information.
872,2281,Call,2026-02-28,Pending,Scheduled follow-up call.
873,524,SMS,2026-04-14,Completed,No response from customer.
874,2394,Follow-up,2025-11-10,Completed,No response from customer.
875,2594,Follow-up,2025-08-13,Pending,Shared available property options.
876,1969,WhatsApp,2025-10-21,Completed,Discussed budget and preferred location.
877,1102,Document Shared,2026-03-27,Pending,No response from customer.
878,1754,Email,2026-05-02,Pending,No response from customer.
879,1837,Document Shared,2025-06-10,Completed,Customer requested more details.
880,2842,Document Shared,2025-08-12,Failed,No response from customer.
881,2297,Call,2026-02-22,Completed,Scheduled follow-up call.
882,2095,Call,2026-06-15,Completed,Shared available property options.
883,1145,Site Visit,2025-04-13,Failed,Shared available property options.
884,2262,SMS,2026-06-03,Completed,Discussed budget and preferred location.
885,2287,Document Shared,2025-03-14,Pending,No response from customer.
886,1080,SMS,2026-05-04,Failed,No response from customer.
887,2398,SMS,2025-07-13,Completed,Shared available property options.
888,107,SMS,2025-09-13,Pending,Discussed budget and preferred location.
889,2879,Site Visit,2026-04-07,Pending,Discussed budget and preferred location.
890,48,Document Shared,2025-10-10,Pending,Discussed budget and preferred location.
891,337,WhatsApp,2025-10-24,Pending,Customer requested more details.
892,1050,Call,2025-05-27,Failed,Sent lease and booking information.
893,2852,WhatsApp,2025-03-27,Completed,Customer requested more details.
894,1281,SMS,2025-01-27,Failed,Discussed budget and preferred location.
895,2056,WhatsApp,2025-07-24,Pending,Discussed budget and preferred location.
896,625,Call,2026-04-17,Completed,Sent lease and booking information.
897,1891,Email,2025-04-02,Failed,No response from customer.
898,1277,Call,2025-03-03,Failed,No response from customer.
899,1716,Follow-up,2025-04-12,Pending,No response from customer.
900,2767,Call,2025-11-22,Pending,Sent lease and booking information.
901,303,SMS,2026-02-20,Completed,Sent lease and booking information.
902,639,Document Shared,2025-03-02,Completed,Scheduled follow-up call.
903,56,Call,2025-09-28,Pending,Shared available property options.
904,726,Document Shared,2025-03-01,Pending,Customer requested more details.
905,526,SMS,2025-09-20,Failed,Scheduled follow-up call.
906,474,Email,2025-10-07,Pending,No response from customer.
907,28,Call,2025-05-01,Completed,Shared available property options.
908,2126,Call,2026-03-18,Pending,Sent lease and booking information.
909,365,Email,2025-01-26,Pending,No response from customer.
910,2714,Site Visit,2025-04-05,Completed,Customer requested more details.
911,526,Site Visit,2025-10-07,Failed,Shared available property options.
912,2747,Follow-up,2025-05-08,Completed,Customer requested more details.
913,1336,Site Visit,2026-05-09,Completed,No response from customer.
914,883,Site Visit,2025-03-14,Pending,Sent lease and booking information.
915,1031,SMS,2026-04-15,Pending,Discussed budget and preferred location.
916,1027,WhatsApp,2025-04-24,Failed,Scheduled follow-up call.
917,1647,Document Shared,2025-06-08,Pending,Sent lease and booking information.
918,919,Document Shared,2026-01-14,Pending,Customer requested more details.
919,2798,Site Visit,2025-02-18,Completed,Discussed budget and preferred location.
920,2411,SMS,2025-08-19,Pending,Sent lease and booking information.
921,1775,Site Visit,2025-08-10,Pending,Scheduled follow-up call.
922,1532,Call,2025-04-09,Completed,No response from customer.
923,2854,Site Visit,2026-06-04,Failed,Scheduled follow-up call.
924,2787,Document Shared,2026-04-16,Failed,Sent lease and booking information.
925,1907,Site Visit,2025-11-22,Completed,Discussed budget and preferred location.
926,1216,Follow-up,2025-03-22,Failed,Sent lease and booking information.
927,1655,SMS,2026-01-03,Pending,Sent lease and booking information.
928,485,SMS,2026-05-04,Failed,No response from customer.
929,2076,Follow-up,2026-01-12,Completed,Shared available property options.
930,714,WhatsApp,2025-01-31,Pending,Discussed budget and preferred location.
931,1063,Follow-up,2025-07-04,Pending,Scheduled follow-up call.
932,1977,Call,2025-06-06,Failed,No response from customer.
933,1297,Site Visit,2025-08-05,Pending,Discussed budget and preferred location.
934,1255,Call,2025-11-21,Failed,Shared available property options.
935,2134,WhatsApp,2026-06-23,Failed,Discussed budget and preferred location.
936,126,Site Visit,2025-09-10,Completed,Sent lease and booking information.
937,2860,Site Visit,2026-05-06,Failed,Discussed budget and preferred location.
938,537,Follow-up,2025-12-15,Completed,Customer requested more details.
939,2193,Call,2025-06-18,Completed,Discussed budget and preferred location.
940,2073,SMS,2025-03-23,Pending,Discussed budget and preferred location.
941,1604,Follow-up,2025-10-28,Failed,Scheduled follow-up call.
942,67,Follow-up,2025-12-12,Pending,Scheduled follow-up call.
943,233,Document Shared,2026-01-03,Completed,No response from customer.
944,2157,SMS,2025-11-16,Pending,Customer requested more details.
945,1170,Call,2026-02-16,Failed,Discussed budget and preferred location.
946,2159,Follow-up,2026-01-07,Pending,Discussed budget and preferred location.
947,2276,Call,2025-10-05,Failed,Scheduled follow-up call.
948,111,Follow-up,2025-12-11,Failed,No response from customer.
949,1494,WhatsApp,2025-08-10,Pending,Sent lease and booking information.
950,2082,Email,2026-03-02,Completed,Customer requested more details.
951,623,SMS,2026-04-06,Completed,Scheduled follow-up call.
952,2796,Email,2025-06-19,Failed,Discussed budget and preferred location.
953,2643,Call,2026-05-07,Failed,Sent lease and booking information.
954,2473,Follow-up,2025-05-07,Failed,No response from customer.
955,2661,Follow-up,2025-07-03,Pending,Scheduled follow-up call.
956,1542,SMS,2025-09-29,Completed,Customer requested more details.
957,2740,Email,2025-08-21,Completed,Shared available property options.
958,1306,SMS,2025-06-02,Pending,Customer requested more details.
959,1762,Follow-up,2026-05-29,Failed,Shared available property options.
960,1976,Document Shared,2025-06-18,Pending,Sent lease and booking information.
961,2363,SMS,2025-03-20,Pending,Sent lease and booking information.
962,877,Call,2026-02-27,Failed,Discussed budget and preferred location.
963,1990,Email,2026-01-22,Completed,Customer requested more details.
964,1313,Document Shared,2025-06-24,Failed,Discussed budget and preferred location.
965,1461,Follow-up,2025-08-15,Failed,No response from customer.
966,2710,Email,2025-04-22,Pending,Customer requested more details.
967,2325,Email,2025-03-24,Completed,Discussed budget and preferred location.
968,1734,Document Shared,2026-03-14,Completed,Scheduled follow-up call.
969,1606,Document Shared,2026-01-15,Completed,Customer requested more details.
970,1527,SMS,2025-11-29,Failed,Shared available property options.
971,2672,SMS,2026-05-15,Failed,Scheduled follow-up call.
972,2564,Follow-up,2026-03-11,Pending,No response from customer.
973,2891,Follow-up,2026-05-06,Pending,Sent lease and booking information.
974,2398,Call,2025-07-23,Failed,Discussed budget and preferred location.
975,1631,SMS,2025-05-04,Pending,Customer requested more details.
976,2871,Email,2025-10-17,Failed,Customer requested more details.
977,1161,Document Shared,2025-06-05,Failed,Sent lease and booking information.
978,759,Call,2026-05-22,Failed,Sent lease and booking information.
979,2947,Call,2025-01-30,Failed,Discussed budget and preferred location.
980,243,WhatsApp,2025-04-07,Failed,Discussed budget and preferred location.
981,2591,Follow-up,2025-04-19,Failed,Scheduled follow-up call.
982,1064,Site Visit,2026-04-28,Failed,No response from customer.
983,229,Follow-up,2026-06-20,Pending,Discussed budget and preferred location.
984,2596,Email,2025-12-02,Pending,Shared available property options.
985,920,WhatsApp,2025-07-16,Pending,Customer requested more details.
986,1247,Follow-up,2025-05-16,Pending,Customer requested more details.
987,6,Email,2026-06-29,Completed,Scheduled follow-up call.
988,468,Site Visit,2026-03-22,Pending,Customer requested more details.
989,1756,Document Shared,2026-03-26,Pending,Discussed budget and preferred location.
990,75,Site Visit,2025-03-28,Failed,Customer requested more details.
991,4,Document Shared,2026-01-09,Pending,Shared available property options.
992,1871,Site Visit,2025-06-05,Completed,Scheduled follow-up call.
993,646,Call,2025-11-08,Completed,Discussed budget and preferred location.
994,118,Document Shared,2025-11-21,Failed,Customer requested more details.
995,2929,Site Visit,2026-06-07,Pending,No response from customer.
996,1630,Site Visit,2025-08-23,Failed,No response from customer.
997,2552,WhatsApp,2025-06-15,Completed,Scheduled follow-up call.
998,2022,Site Visit,2026-05-11,Failed,Discussed budget and preferred location.
999,947,Document Shared,2025-10-24,Pending,Shared available property options.
1000,2622,Site Visit,2025-02-16,Pending,No response from customer.
1001,1465,SMS,2025-10-20,Pending,Customer requested more details.
1002,194,Follow-up,2025-05-28,Failed,No response from customer.
1003,847,Follow-up,2025-12-28,Pending,Sent lease and booking information.
1004,2763,Site Visit,2025-09-17,Pending,Sent lease and booking information.
1005,1416,Site Visit,2025-12-02,Completed,Shared available property options.
1006,1459,Site Visit,2025-09-23,Completed,No response from customer.
1007,2221,Email,2025-10-21,Failed,Discussed budget and preferred location.
1008,1669,SMS,2025-02-13,Completed,Discussed budget and preferred location.
1009,2374,Site Visit,2025-03-08,Pending,Shared available property options.
1010,1434,Follow-up,2026-01-16,Failed,Scheduled follow-up call.
1011,1142,SMS,2026-06-03,Pending,No response from customer.
1012,2884,SMS,2026-04-22,Pending,Customer requested more details.
1013,1811,SMS,2026-03-16,Completed,Scheduled follow-up call.
1014,724,Document Shared,2025-09-01,Failed,Scheduled follow-up call.
1015,225,WhatsApp,2025-06-25,Completed,Discussed budget and preferred location.
1016,532,Follow-up,2025-04-04,Failed,No response from customer.
1017,113,Document Shared,2025-05-01,Pending,Discussed budget and preferred location.
1018,2188,Call,2025-09-06,Completed,Discussed budget and preferred location.
1019,559,Email,2025-04-11,Pending,Sent lease and booking information.
1020,2049,SMS,2026-01-16,Pending,Scheduled follow-up call.
1021,2138,Call,2025-07-19,Completed,No response from customer.
1022,654,WhatsApp,2026-04-23,Failed,Customer requested more details.
1023,320,SMS,2026-03-10,Failed,Sent lease and booking information.
1024,1574,Follow-up,2025-08-10,Failed,Scheduled follow-up call.
1025,1829,Site Visit,2025-06-23,Completed,Shared available property options.
1026,1918,Follow-up,2026-01-11,Failed,Discussed budget and preferred location.
1027,139,WhatsApp,2026-03-25,Completed,Sent lease and booking information.
1028,2893,Site Visit,2025-07-04,Completed,Customer requested more details.
1029,2027,SMS,2025-09-28,Completed,Discussed budget and preferred location.
1030,2307,SMS,2025-06-22,Completed,Discussed budget and preferred location.
1031,902,Follow-up,2025-04-14,Pending,Customer requested more details.
1032,690,Email,2026-04-26,Pending,Sent lease and booking information.
1033,2040,Document Shared,2025-05-16,Pending,Customer requested more details.
1034,10,SMS,2025-12-26,Failed,Scheduled follow-up call.
1035,261,Follow-up,2026-06-04,Pending,Discussed budget and preferred location.
1036,1943,Follow-up,2025-08-25,Pending,No response from customer.
1037,1674,Call,2025-11-04,Failed,Scheduled follow-up call.
1038,2220,SMS,2025-05-28,Pending,Sent lease and booking information.
1039,2946,Follow-up,2026-05-25,Pending,No response from customer.
1040,2061,SMS,2026-03-26,Completed,Customer requested more details.
1041,1192,Document Shared,2025-04-29,Failed,Shared available property options.
1042,1620,Email,2025-12-29,Pending,Discussed budget and preferred location.
1043,321,Document Shared,2026-03-31,Pending,Shared available property options.
1044,1343,Call,2026-03-14,Pending,Discussed budget and preferred location.
1045,1637,WhatsApp,2025-08-27,Pending,Discussed budget and preferred location.
1046,2377,Site Visit,2026-06-29,Pending,Sent lease and booking information.
1047,2833,Document Shared,2025-06-07,Failed,No response from customer.
1048,2825,Email,2025-12-05,Completed,Discussed budget and preferred location.
1049,1995,SMS,2026-02-18,Failed,No response from customer.
1050,2959,SMS,2025-03-10,Pending,Discussed budget and preferred location.
1051,1944,Email,2025-07-17,Completed,No response from customer.
1052,2039,Site Visit,2025-09-05,Completed,No response from customer.
1053,1119,Follow-up,2025-10-15,Pending,Shared available property options.
1054,1605,Site Visit,2025-08-17,Completed,Shared available property options.
1055,2366,Document Shared,2025-06-17,Completed,Scheduled follow-up call.
1056,236,Email,2025-05-18,Pending,Shared available property options.
1057,1970,Follow-up,2026-01-25,Pending,Sent lease and booking information.
1058,334,Follow-up,2025-06-10,Pending,Shared available property options.
1059,1909,Follow-up,2026-05-20,Failed,No response from customer.
1060,376,Call,2025-08-02,Pending,Sent lease and booking information.
1061,1161,Site Visit,2025-05-02,Pending,No response from customer.
1062,2636,Email,2025-11-19,Pending,Discussed budget and preferred location.
1063,1571,WhatsApp,2025-11-28,Pending,Discussed budget and preferred location.
1064,2561,Document Shared,2025-06-16,Completed,Discussed budget and preferred location.
1065,1320,Follow-up,2026-05-21,Failed,Discussed budget and preferred location.
1066,2966,SMS,2026-05-24,Failed,Sent lease and booking information.
1067,1856,Document Shared,2026-01-02,Pending,Discussed budget and preferred location.
1068,1373,Site Visit,2025-10-23,Completed,No response from customer.
1069,873,Site Visit,2026-05-05,Failed,Sent lease and booking information.
1070,1253,SMS,2026-06-21,Completed,Customer requested more details.
1071,2318,Document Shared,2025-05-19,Completed,Scheduled follow-up call.
1072,1852,Call,2026-03-05,Failed,Discussed budget and preferred location.
1073,2846,Call,2025-10-09,Failed,Customer requested more details.
1074,1315,SMS,2025-09-09,Completed,Shared available property options.
1075,725,SMS,2026-03-16,Failed,Shared available property options.
1076,2053,Follow-up,2026-05-14,Completed,Shared available property options.
1077,2899,Call,2025-11-21,Pending,Shared available property options.
1078,78,Follow-up,2025-07-04,Failed,Customer requested more details.
1079,2622,Site Visit,2025-01-28,Failed,No response from customer.
1080,132,Email,2025-05-14,Pending,Discussed budget and preferred location.
1081,601,Document Shared,2026-02-11,Failed,Shared available property options.
1082,1773,Email,2025-07-26,Completed,No response from customer.
1083,1066,Site Visit,2025-11-08,Completed,Shared available property options.
1084,2137,WhatsApp,2025-09-01,Completed,Discussed budget and preferred location.
1085,2450,Follow-up,2025-01-18,Pending,Discussed budget and preferred location.
1086,2344,Follow-up,2025-05-10,Completed,Sent lease and booking information.
1087,1864,WhatsApp,2026-06-02,Failed,No response from customer.
1088,1319,WhatsApp,2026-02-14,Completed,Customer requested more details.
1089,616,SMS,2026-04-08,Pending,No response from customer.
1090,2848,Follow-up,2025-05-10,Pending,No response from customer.
1091,2470,Call,2026-02-18,Failed,Sent lease and booking information.
1092,1889,SMS,2026-04-29,Completed,Discussed budget and preferred location.
1093,1047,Email,2025-12-24,Pending,Sent lease and booking information.
1094,575,Follow-up,2025-11-09,Completed,Shared available property options.
1095,2191,WhatsApp,2025-09-02,Pending,Sent lease and booking information.
1096,993,Follow-up,2026-04-21,Completed,Shared available property options.
1097,2713,Call,2025-12-26,Failed,Sent lease and booking information.
1098,2193,Follow-up,2025-06-01,Pending,Scheduled follow-up call.
1099,1249,Follow-up,2025-04-28,Completed,Scheduled follow-up call.
1100,503,SMS,2026-02-07,Failed,No response from customer.
1101,1998,Document Shared,2025-12-16,Completed,Shared available property options.
1102,821,SMS,2025-04-16,Completed,Scheduled follow-up call.
1103,2152,Email,2026-03-25,Pending,No response from customer.
1104,1971,Email,2025-11-10,Pending,Scheduled follow-up call.
1105,198,Document Shared,2026-01-19,Pending,Discussed budget and preferred location.
1106,1670,Email,2025-07-28,Failed,Shared available property options.
1107,2627,Email,2025-11-15,Completed,Scheduled follow-up call.
1108,2439,Call,2025-04-24,Failed,Shared available property options.
1109,1203,Call,2025-08-15,Completed,No response from customer.
1110,2602,Follow-up,2026-02-03,Completed,Customer requested more details.
1111,1472,Email,2025-02-03,Failed,Customer requested more details.
1112,1647,Follow-up,2025-06-18,Failed,Sent lease and booking information.
1113,1693,Site Visit,2026-02-05,Completed,No response from customer.
1114,1313,Email,2025-06-05,Failed,Scheduled follow-up call.
1115,2036,Email,2025-12-17,Failed,Shared available property options.
1116,478,Document Shared,2025-03-04,Completed,Discussed budget and preferred location.
1117,1255,Site Visit,2025-11-23,Failed,Discussed budget and preferred location.
1118,923,Site Visit,2026-03-23,Completed,No response from customer.
1119,420,Site Visit,2025-08-07,Pending,Sent lease and booking information.
1120,2205,Email,2026-04-08,Completed,Shared available property options.
1121,2598,Site Visit,2025-02-01,Failed,Discussed budget and preferred location.
1122,1121,Site Visit,2025-10-26,Failed,Sent lease and booking information.
1123,951,Follow-up,2025-03-23,Failed,Sent lease and booking information.
1124,2337,Document Shared,2025-11-19,Pending,Discussed budget and preferred location.
1125,1278,Call,2026-05-03,Failed,Shared available property options.
1126,2244,Site Visit,2025-08-11,Pending,No response from customer.
1127,2646,Follow-up,2025-06-28,Failed,No response from customer.
1128,1858,Site Visit,2025-12-14,Completed,Scheduled follow-up call.
1129,517,Email,2025-01-28,Pending,No response from customer.
1130,1659,WhatsApp,2026-01-09,Completed,Sent lease and booking information.
1131,1866,SMS,2025-03-02,Failed,No response from customer.
1132,2913,Call,2025-04-01,Pending,Sent lease and booking information.
1133,1142,Document Shared,2026-06-10,Pending,Customer requested more details.
1134,2854,Document Shared,2026-07-01,Failed,Customer requested more details.
1135,1933,Call,2025-10-20,Pending,Customer requested more details.
1136,815,WhatsApp,2025-07-22,Failed,Discussed budget and preferred location.
1137,2276,SMS,2025-10-11,Pending,Customer requested more details.
1138,1901,SMS,2025-06-02,Completed,Shared available property options.
1139,2264,SMS,2026-05-04,Failed,Sent lease and booking information.
1140,2996,Follow-up,2025-07-16,Pending,Scheduled follow-up call.
1141,2063,SMS,2026-03-04,Completed,No response from customer.
1142,2095,Email,2026-06-17,Failed,Customer requested more details.
1143,2372,Email,2026-05-10,Failed,Discussed budget and preferred location.
1144,2892,SMS,2025-11-10,Pending,Shared available property options.
1145,130,Follow-up,2025-03-26,Pending,Sent lease and booking information.
1146,95,Site Visit,2026-01-05,Completed,Discussed budget and preferred location.
1147,2675,WhatsApp,2025-11-12,Pending,Sent lease and booking information.
1148,2803,Site Visit,2025-04-28,Completed,Customer requested more details.
1149,1956,Follow-up,2026-04-05,Failed,Sent lease and booking information.
1150,794,SMS,2026-04-14,Failed,Customer requested more details.
1151,1835,Document Shared,2025-08-22,Failed,Customer requested more details.
1152,2117,Follow-up,2025-08-26,Failed,No response from customer.
1153,1684,SMS,2026-03-06,Completed,Shared available property options.
1154,11,Site Visit,2026-01-27,Pending,Scheduled follow-up call.
1155,1866,SMS,2025-03-04,Completed,Customer requested more details.
1156,2920,Site Visit,2026-06-12,Completed,No response from customer.
1157,2598,WhatsApp,2025-02-10,Completed,Shared available property options.
1158,712,SMS,2026-01-10,Failed,Customer requested more details.
1159,2071,Site Visit,2025-12-27,Failed,Discussed budget and preferred location.
1160,815,WhatsApp,2025-06-21,Pending,Sent lease and booking information.
1161,346,WhatsApp,2026-06-16,Completed,No response from customer.
1162,2350,SMS,2026-03-25,Failed,Customer requested more details.
1163,363,SMS,2025-08-23,Failed,No response from customer.
1164,2444,Site Visit,2026-01-11,Completed,Sent lease and booking information.
1165,2266,Site Visit,2026-02-19,Failed,Scheduled follow-up call.
1166,2189,Call,2026-02-17,Completed,Customer requested more details.
1167,985,WhatsApp,2026-02-10,Completed,Discussed budget and preferred location.
1168,1640,Document Shared,2025-02-20,Completed,Shared available property options.
1169,828,Follow-up,2025-02-11,Completed,No response from customer.
1170,2731,Document Shared,2025-11-18,Failed,Customer requested more details.
1171,356,WhatsApp,2026-03-26,Pending,Sent lease and booking information.
1172,1348,Document Shared,2025-02-14,Pending,Shared available property options.
1173,2936,Document Shared,2025-09-15,Failed,Scheduled follow-up call.
1174,1864,Site Visit,2026-04-27,Failed,Scheduled follow-up call.
1175,127,Email,2026-04-18,Pending,Discussed budget and preferred location.
1176,604,Site Visit,2025-08-28,Failed,Scheduled follow-up call.
1177,1929,Follow-up,2026-06-12,Failed,No response from customer.
1178,1014,WhatsApp,2026-04-26,Failed,Discussed budget and preferred location.
1179,51,Call,2025-10-11,Pending,Scheduled follow-up call.
1180,2827,WhatsApp,2026-01-08,Failed,Scheduled follow-up call.
1181,1431,WhatsApp,2025-08-09,Failed,Shared available property options.
1182,1793,Follow-up,2025-01-31,Completed,Customer requested more details.
1183,2862,Follow-up,2025-12-04,Failed,Discussed budget and preferred location.
1184,1637,Call,2025-09-04,Failed,Sent lease and booking information.
1185,1646,WhatsApp,2026-02-15,Completed,No response from customer.
1186,2468,Email,2026-03-12,Pending,Scheduled follow-up call.
1187,1206,Follow-up,2025-07-18,Completed,Customer requested more details.
1188,2873,SMS,2025-11-25,Pending,Customer requested more details.
1189,1855,Email,2026-05-09,Completed,Scheduled follow-up call.
1190,567,Site Visit,2025-05-08,Failed,No response from customer.
1191,2419,Call,2025-05-12,Pending,Scheduled follow-up call.
1192,936,Document Shared,2026-02-20,Completed,Discussed budget and preferred location.
1193,1935,Follow-up,2025-07-27,Completed,Shared available property options.
1194,2709,Document Shared,2025-07-09,Pending,Shared available property options.
1195,1333,Document Shared,2025-02-26,Pending,No response from customer.
1196,202,Follow-up,2025-02-19,Pending,No response from customer.
1197,2361,Site Visit,2025-08-07,Pending,No response from customer.
1198,117,Call,2026-04-21,Failed,Sent lease and booking information.
1199,937,Email,2025-02-03,Failed,Scheduled follow-up call.
1200,575,Document Shared,2025-10-24,Completed,Customer requested more details.
1201,2292,Document Shared,2025-11-20,Failed,Discussed budget and preferred location.
1202,537,SMS,2025-11-08,Failed,Sent lease and booking information.
1203,1626,Document Shared,2026-01-12,Completed,Customer requested more details.
1204,2123,Email,2026-03-28,Completed,Discussed budget and preferred location.
1205,386,WhatsApp,2025-09-24,Failed,Sent lease and booking information.
1206,475,Follow-up,2025-11-18,Pending,Customer requested more details.
1207,418,Site Visit,2025-11-28,Failed,Sent lease and booking information.
1208,2395,WhatsApp,2025-03-15,Completed,Discussed budget and preferred location.
1209,2688,Document Shared,2025-10-20,Pending,Shared available property options.
1210,939,Follow-up,2025-06-05,Failed,Discussed budget and preferred location.
1211,955,Site Visit,2025-12-25,Pending,Customer requested more details.
1212,876,Email,2025-06-29,Pending,Shared available property options.
1213,763,Email,2026-03-31,Failed,Scheduled follow-up call.
1214,1203,Call,2025-08-11,Failed,Sent lease and booking information.
1215,1206,SMS,2025-06-14,Failed,Customer requested more details.
1216,664,WhatsApp,2025-08-22,Failed,Scheduled follow-up call.
1217,25,Site Visit,2025-02-10,Completed,Sent lease and booking information.
1218,1991,Document Shared,2025-07-23,Completed,Customer requested more details.
1219,1204,Follow-up,2026-03-24,Pending,No response from customer.
1220,710,Document Shared,2025-09-07,Completed,Discussed budget and preferred location.
1221,1880,SMS,2025-10-17,Failed,Shared available property options.
1222,1185,Site Visit,2026-06-07,Completed,Customer requested more details.
1223,2225,Follow-up,2025-04-16,Completed,Scheduled follow-up call.
1224,285,Document Shared,2025-12-08,Failed,Scheduled follow-up call.
1225,63,Email,2026-03-11,Pending,Customer requested more details.
1226,1003,Site Visit,2025-09-17,Failed,Sent lease and booking information.
1227,662,Follow-up,2026-06-16,Failed,Shared available property options.
1228,2714,SMS,2025-03-21,Pending,Shared available property options.
1229,2204,SMS,2025-12-11,Pending,Customer requested more details.
1230,1493,SMS,2025-05-29,Failed,Customer requested more details.
1231,967,WhatsApp,2025-03-04,Pending,No response from customer.
1232,849,Site Visit,2025-06-17,Completed,Discussed budget and preferred location.
1233,1108,Follow-up,2026-02-26,Failed,Sent lease and booking information.
1234,689,WhatsApp,2025-07-15,Completed,Shared available property options.
1235,148,Email,2026-02-01,Pending,Customer requested more details.
1236,342,Call,2025-12-06,Failed,Shared available property options.
1237,2524,SMS,2025-10-05,Pending,Scheduled follow-up call.
1238,1087,Document Shared,2025-05-25,Completed,Customer requested more details.
1239,1725,Site Visit,2026-05-08,Failed,Sent lease and booking information.
1240,1384,WhatsApp,2026-04-05,Failed,No response from customer.
1241,2609,SMS,2025-10-08,Failed,Discussed budget and preferred location.
1242,327,Document Shared,2026-03-03,Failed,Scheduled follow-up call.
1243,1793,Site Visit,2025-02-07,Pending,Discussed budget and preferred location.
1244,1760,WhatsApp,2025-07-13,Pending,Shared available property options.
1245,990,Email,2025-02-15,Pending,Sent lease and booking information.
1246,2263,WhatsApp,2025-08-29,Completed,Shared available property options.
1247,2483,WhatsApp,2025-11-15,Pending,Scheduled follow-up call.
1248,952,SMS,2026-01-12,Failed,Sent lease and booking information.
1249,723,Call,2025-09-17,Completed,Scheduled follow-up call.
1250,2080,Call,2025-04-22,Completed,No response from customer.
1251,2718,Site Visit,2026-01-29,Pending,Sent lease and booking information.
1252,2333,Site Visit,2025-10-03,Failed,Scheduled follow-up call.
1253,429,WhatsApp,2025-06-04,Failed,Discussed budget and preferred location.
1254,1501,Follow-up,2025-05-26,Failed,Customer requested more details.
1255,286,WhatsApp,2026-07-02,Failed,Customer requested more details.
1256,2066,WhatsApp,2025-10-22,Failed,Shared available property options.
1257,769,Site Visit,2025-03-31,Failed,Shared available property options.
1258,2638,Site Visit,2025-06-17,Failed,Shared available property options.
1259,1395,Follow-up,2025-11-14,Failed,Discussed budget and preferred location.
1260,194,Document Shared,2025-07-12,Pending,Sent lease and booking information.
1261,2550,Site Visit,2026-02-19,Completed,No response from customer.
1262,988,WhatsApp,2025-06-19,Failed,No response from customer.
1263,1137,Site Visit,2025-05-06,Failed,Shared available property options.
1264,2162,WhatsApp,2026-01-15,Failed,No response from customer.
1265,1702,Site Visit,2026-04-25,Completed,No response from customer.
1266,947,Site Visit,2025-09-28,Completed,Discussed budget and preferred location.
1267,831,Document Shared,2025-11-05,Completed,Customer requested more details.
1268,1921,SMS,2025-11-22,Completed,Sent lease and booking information.
1269,2973,Call,2025-08-14,Failed,Scheduled follow-up call.
1270,55,Email,2026-05-17,Failed,No response from customer.
1271,800,SMS,2026-03-27,Pending,Customer requested more details.
1272,778,Document Shared,2025-11-13,Pending,Scheduled follow-up call.
1273,1482,Follow-up,2026-06-25,Completed,No response from customer.
1274,1902,Email,2026-03-15,Failed,No response from customer.
1275,2210,Call,2025-09-05,Pending,Scheduled follow-up call.
1276,2135,WhatsApp,2025-05-09,Pending,No response from customer.
1277,55,Document Shared,2026-05-07,Failed,No response from customer.
1278,1824,Site Visit,2025-06-09,Failed,Discussed budget and preferred location.
1279,1202,Site Visit,2026-05-26,Pending,Scheduled follow-up call.
1280,833,SMS,2025-10-24,Completed,Discussed budget and preferred location.
1281,313,Email,2026-04-29,Failed,Sent lease and booking information.
1282,2807,Email,2025-07-19,Pending,Shared available property options.
1283,1859,WhatsApp,2026-03-20,Completed,Scheduled follow-up call.
1284,2008,Document Shared,2026-01-01,Failed,Scheduled follow-up call.
1285,2007,Follow-up,2025-07-15,Failed,No response from customer.
1286,2491,Call,2026-06-25,Completed,Shared available property options.
1287,1791,Document Shared,2025-04-16,Completed,No response from customer.
1288,328,Site Visit,2026-02-18,Completed,Sent lease and booking information.
1289,2809,Document Shared,2025-06-17,Pending,Discussed budget and preferred location.
1290,2627,WhatsApp,2025-11-10,Failed,Customer requested more details.
1291,1288,WhatsApp,2025-04-13,Completed,Sent lease and booking information.
1292,2144,SMS,2026-02-19,Completed,No response from customer.
1293,1112,SMS,2026-06-19,Completed,Shared available property options.
1294,1312,Call,2025-05-27,Pending,Shared available property options.
1295,2862,Document Shared,2025-11-01,Pending,Sent lease and booking information.
1296,2539,Site Visit,2026-02-09,Failed,Discussed budget and preferred location.
1297,452,WhatsApp,2025-02-13,Completed,Shared available property options.
1298,1524,Email,2025-10-26,Pending,Customer requested more details.
1299,165,Call,2025-07-08,Completed,Shared available property options.
1300,182,Follow-up,2026-06-20,Completed,Shared available property options.
1301,2517,WhatsApp,2026-02-28,Failed,Discussed budget and preferred location.
1302,910,WhatsApp,2026-04-16,Failed,Scheduled follow-up call.
1303,2783,Site Visit,2026-04-07,Failed,Customer requested more details.
1304,823,Email,2026-01-13,Failed,Shared available property options.
1305,944,Document Shared,2025-06-29,Pending,Scheduled follow-up call.
1306,2002,Call,2025-06-08,Pending,No response from customer.
1307,2055,Email,2026-01-10,Completed,Discussed budget and preferred location.
1308,330,Follow-up,2026-03-01,Failed,No response from customer.
1309,775,Email,2025-10-12,Failed,Shared available property options.
1310,2199,SMS,2025-05-10,Failed,No response from customer.
1311,147,Call,2025-02-07,Completed,Discussed budget and preferred location.
1312,915,WhatsApp,2025-09-17,Completed,Discussed budget and preferred location.
1313,1572,SMS,2026-01-20,Pending,No response from customer.
1314,1309,Call,2026-03-29,Pending,Discussed budget and preferred location.
1315,2748,Email,2025-10-10,Pending,Scheduled follow-up call.
1316,82,Document Shared,2025-12-02,Pending,Scheduled follow-up call.
1317,514,SMS,2025-12-18,Completed,Discussed budget and preferred location.
1318,1921,Email,2025-12-16,Completed,Shared available property options.
1319,2863,Call,2025-03-11,Completed,No response from customer.
1320,2757,Document Shared,2026-06-25,Completed,No response from customer.
1321,1940,SMS,2025-07-16,Completed,Discussed budget and preferred location.
1322,746,Email,2026-05-24,Completed,Shared available property options.
1323,1410,Follow-up,2026-01-19,Completed,No response from customer.
1324,707,Email,2025-11-05,Failed,Sent lease and booking information.
1325,471,Follow-up,2025-04-17,Completed,No response from customer.
1326,396,SMS,2026-02-19,Failed,Discussed budget and preferred location.
1327,1556,Email,2025-08-29,Pending,Shared available property options.
1328,2309,Call,2026-01-23,Completed,Shared available property options.
1329,805,Follow-up,2026-03-18,Pending,Sent lease and booking information.
1330,934,WhatsApp,2026-06-02,Completed,Discussed budget and preferred location.
1331,1280,Document Shared,2026-06-27,Completed,Sent lease and booking information.
1332,1758,SMS,2026-01-12,Completed,No response from customer.
1333,905,Call,2026-05-25,Completed,Scheduled follow-up call.
1334,1077,WhatsApp,2025-12-04,Failed,No response from customer.
1335,2988,Follow-up,2025-06-25,Completed,No response from customer.
1336,1891,Call,2025-04-22,Pending,No response from customer.
1337,1524,Follow-up,2025-10-30,Pending,Discussed budget and preferred location.
1338,2902,Follow-up,2025-05-05,Failed,No response from customer.
1339,1388,Follow-up,2026-03-13,Failed,Discussed budget and preferred location.
1340,1304,Document Shared,2025-06-22,Failed,Customer requested more details.
1341,593,Document Shared,2026-04-28,Failed,Discussed budget and preferred location.
1342,2762,WhatsApp,2025-10-23,Completed,Discussed budget and preferred location.
1343,2680,Call,2025-05-05,Failed,No response from customer.
1344,2107,Call,2026-01-30,Pending,Scheduled follow-up call.
1345,128,Follow-up,2026-05-02,Completed,Customer requested more details.
1346,736,WhatsApp,2026-03-23,Completed,Discussed budget and preferred location.
1347,2769,SMS,2026-03-03,Completed,Discussed budget and preferred location.
1348,2574,Follow-up,2026-01-15,Failed,Sent lease and booking information.
1349,521,Document Shared,2025-12-04,Completed,Customer requested more details.
1350,2600,Follow-up,2025-02-11,Pending,Customer requested more details.
1351,237,Follow-up,2025-04-21,Failed,Discussed budget and preferred location.
1352,1305,Call,2026-03-23,Failed,Sent lease and booking information.
1353,1782,Follow-up,2025-10-12,Completed,No response from customer.
1354,1302,Email,2026-04-17,Pending,Scheduled follow-up call.
1355,2542,Follow-up,2026-05-22,Failed,No response from customer.
1356,2052,Email,2025-06-10,Failed,Customer requested more details.
1357,2714,SMS,2025-03-09,Failed,No response from customer.
1358,442,Email,2025-12-29,Completed,No response from customer.
1359,2077,SMS,2025-05-15,Pending,Scheduled follow-up call.
1360,2658,Follow-up,2025-10-01,Failed,Customer requested more details.
1361,805,Follow-up,2026-04-20,Completed,Customer requested more details.
1362,75,Document Shared,2025-04-14,Completed,Shared available property options.
1363,2886,Document Shared,2026-02-26,Failed,Scheduled follow-up call.
1364,2176,Follow-up,2026-03-12,Completed,Discussed budget and preferred location.
1365,2090,Call,2026-05-29,Pending,Sent lease and booking information.
1366,1380,Email,2026-01-19,Pending,Shared available property options.
1367,41,Follow-up,2025-02-23,Failed,Shared available property options.
1368,2982,Document Shared,2026-05-12,Failed,Sent lease and booking information.
1369,2082,Document Shared,2026-02-19,Completed,Customer requested more details.
1370,1701,Email,2025-12-14,Completed,Customer requested more details.
1371,1402,WhatsApp,2025-10-30,Failed,Sent lease and booking information.
1372,588,Site Visit,2026-05-30,Pending,Discussed budget and preferred location.
1373,1623,Email,2025-11-25,Completed,No response from customer.
1374,342,Email,2025-12-17,Failed,Shared available property options.
1375,2075,Follow-up,2026-02-05,Pending,Scheduled follow-up call.
1376,646,SMS,2025-10-12,Completed,Shared available property options.
1377,731,Document Shared,2025-08-24,Completed,Customer requested more details.
1378,168,Document Shared,2025-03-31,Failed,No response from customer.
1379,610,SMS,2025-12-31,Failed,Discussed budget and preferred location.
1380,2316,SMS,2025-12-18,Pending,No response from customer.
1381,1773,Email,2025-09-01,Completed,Scheduled follow-up call.
1382,2041,SMS,2026-06-16,Failed,Discussed budget and preferred location.
1383,2869,Document Shared,2025-04-07,Completed,Customer requested more details.
1384,455,SMS,2025-03-21,Pending,No response from customer.
1385,2954,Site Visit,2025-11-07,Completed,No response from customer.
1386,1709,Site Visit,2025-08-01,Completed,Scheduled follow-up call.
1387,2970,Call,2025-02-26,Pending,No response from customer.
1388,702,SMS,2026-02-26,Failed,Customer requested more details.
1389,2682,Call,2025-02-28,Pending,Shared available property options.
1390,1600,Call,2025-04-17,Completed,Customer requested more details.
1391,130,Site Visit,2025-04-22,Completed,Scheduled follow-up call.
1392,1846,Email,2025-07-01,Pending,Scheduled follow-up call.
1393,1387,Email,2025-05-11,Failed,Scheduled follow-up call.
1394,2867,Call,2025-10-07,Failed,No response from customer.
1395,693,WhatsApp,2025-06-20,Failed,Customer requested more details.
1396,1395,Site Visit,2025-11-22,Failed,Shared available property options.
1397,794,Call,2026-04-21,Completed,No response from customer.
1398,29,Document Shared,2025-09-23,Completed,Sent lease and booking information.
1399,149,Follow-up,2025-07-20,Completed,Discussed budget and preferred location.
1400,1320,SMS,2026-06-04,Pending,Scheduled follow-up call.
1401,2059,Site Visit,2026-02-09,Failed,Discussed budget and preferred location.
1402,2724,SMS,2026-02-21,Pending,Discussed budget and preferred location.
1403,1137,Site Visit,2025-04-23,Pending,Customer requested more details.
1404,187,Follow-up,2026-03-19,Failed,Scheduled follow-up call.
1405,2855,Site Visit,2025-01-13,Pending,No response from customer.
1406,2792,Follow-up,2025-05-29,Completed,Sent lease and booking information.
1407,1251,Call,2026-02-11,Pending,Scheduled follow-up call.
1408,1334,Follow-up,2026-02-15,Failed,No response from customer.
1409,98,Document Shared,2025-12-22,Failed,No response from customer.
1410,55,Follow-up,2026-05-10,Completed,No response from customer.
1411,2671,Site Visit,2026-04-24,Pending,Scheduled follow-up call.
1412,2712,SMS,2026-01-31,Pending,Sent lease and booking information.
1413,758,Email,2026-01-18,Failed,Shared available property options.
1414,406,Document Shared,2025-02-16,Completed,Customer requested more details.
1415,2117,Site Visit,2025-09-13,Pending,Sent lease and booking information.
1416,1313,SMS,2025-06-16,Completed,Shared available property options.
1417,1786,Email,2025-03-05,Completed,Sent lease and booking information.
1418,751,Site Visit,2025-12-23,Pending,No response from customer.
1419,1763,WhatsApp,2025-04-30,Pending,Shared available property options.
1420,365,Site Visit,2025-02-17,Pending,No response from customer.
1421,2027,Call,2025-10-03,Pending,Sent lease and booking information.
1422,482,Document Shared,2025-07-26,Failed,Scheduled follow-up call.
1423,2249,Site Visit,2025-09-27,Pending,Customer requested more details.
1424,154,Follow-up,2025-12-28,Failed,Customer requested more details.
1425,1525,SMS,2025-08-11,Completed,Customer requested more details.
1426,2121,Site Visit,2025-07-31,Failed,Shared available property options.
1427,2761,Follow-up,2025-10-22,Completed,Discussed budget and preferred location.
1428,2344,Follow-up,2025-05-16,Failed,Shared available property options.
1429,1041,Call,2025-12-30,Completed,Discussed budget and preferred location.
1430,1665,Document Shared,2025-07-13,Failed,Sent lease and booking information.
1431,1241,WhatsApp,2025-10-02,Completed,Shared available property options.
1432,61,Call,2025-10-02,Pending,Customer requested more details.
1433,939,Document Shared,2025-06-27,Pending,Customer requested more details.
1434,1640,Follow-up,2025-02-18,Pending,Shared available property options.
1435,2090,Call,2026-05-15,Failed,Scheduled follow-up call.
1436,25,Document Shared,2025-03-19,Completed,Shared available property options.
1437,1063,Site Visit,2025-07-05,Completed,Discussed budget and preferred location.
1438,131,WhatsApp,2026-01-03,Pending,Discussed budget and preferred location.
1439,1253,Follow-up,2026-06-23,Failed,Scheduled follow-up call.
1440,108,Follow-up,2025-11-01,Pending,Sent lease and booking information.
1441,172,Document Shared,2025-09-23,Completed,Scheduled follow-up call.
1442,1459,Follow-up,2025-10-13,Pending,Shared available property options.
1443,102,Site Visit,2026-02-10,Completed,No response from customer.
1444,2914,Email,2026-05-19,Failed,No response from customer.
1445,2572,WhatsApp,2025-05-15,Completed,Scheduled follow-up call.
1446,2323,Document Shared,2025-11-08,Pending,Scheduled follow-up call.
1447,1637,Call,2025-09-08,Failed,Customer requested more details.
1448,2865,Document Shared,2025-10-07,Pending,Scheduled follow-up call.
1449,1041,Follow-up,2026-01-03,Pending,Scheduled follow-up call.
1450,330,WhatsApp,2026-03-28,Pending,Discussed budget and preferred location.
1451,1521,Email,2026-02-17,Completed,Customer requested more details.
1452,12,SMS,2025-06-22,Failed,Customer requested more details.
1453,1342,WhatsApp,2025-01-27,Completed,Discussed budget and preferred location.
1454,216,WhatsApp,2026-02-08,Failed,Customer requested more details.
1455,339,Site Visit,2025-06-29,Pending,Sent lease and booking information.
1456,1800,Site Visit,2025-12-13,Completed,Scheduled follow-up call.
1457,2709,Follow-up,2025-08-03,Pending,Shared available property options.
1458,1751,SMS,2026-05-15,Pending,Shared available property options.
1459,1509,Site Visit,2025-02-27,Completed,Sent lease and booking information.
1460,2422,Call,2025-03-24,Pending,Customer requested more details.
1461,710,Follow-up,2025-09-12,Failed,Shared available property options.
1462,1224,Site Visit,2025-10-26,Pending,Customer requested more details.
1463,2514,Follow-up,2026-04-10,Pending,Discussed budget and preferred location.
1464,1113,Follow-up,2025-10-14,Completed,Shared available property options.
1465,1292,Email,2026-03-31,Pending,No response from customer.
1466,489,Call,2026-05-26,Completed,Customer requested more details.
1467,1562,WhatsApp,2026-04-19,Pending,Customer requested more details.
1468,47,Call,2025-12-20,Pending,Shared available property options.
1469,778,Follow-up,2025-11-13,Pending,Discussed budget and preferred location.
1470,1040,SMS,2025-05-03,Failed,No response from customer.
1471,711,WhatsApp,2025-01-19,Failed,No response from customer.
1472,401,Follow-up,2025-03-29,Pending,Scheduled follow-up call.
1473,1818,Follow-up,2025-08-31,Failed,No response from customer.
1474,250,Call,2025-05-05,Failed,No response from customer.
1475,391,Call,2026-05-19,Failed,Scheduled follow-up call.
1476,335,SMS,2026-03-24,Failed,Customer requested more details.
1477,629,Call,2026-02-05,Failed,No response from customer.
1478,137,Document Shared,2025-10-07,Pending,Customer requested more details.
1479,2931,WhatsApp,2026-01-11,Completed,Shared available property options.
1480,2736,Email,2025-09-16,Failed,Shared available property options.
1481,1522,Email,2025-11-29,Failed,Customer requested more details.
1482,827,Email,2025-08-27,Completed,Customer requested more details.
1483,727,Site Visit,2025-06-23,Failed,Shared available property options.
1484,1501,WhatsApp,2025-05-27,Completed,Customer requested more details.
1485,2642,Follow-up,2025-11-14,Pending,Customer requested more details.
1486,990,WhatsApp,2025-03-04,Completed,Sent lease and booking information.
1487,2420,WhatsApp,2026-06-02,Failed,Discussed budget and preferred location.
1488,935,Email,2025-03-05,Pending,No response from customer.
1489,402,Document Shared,2025-08-29,Completed,No response from customer.
1490,1467,WhatsApp,2025-06-14,Pending,No response from customer.
1491,615,WhatsApp,2025-11-14,Completed,Scheduled follow-up call.
1492,1297,Follow-up,2025-08-25,Pending,Customer requested more details.
1493,1183,Follow-up,2025-12-21,Failed,Customer requested more details.
1494,2668,Call,2025-06-23,Pending,Scheduled follow-up call.
1495,2236,Email,2025-08-26,Completed,Customer requested more details.
1496,1122,Follow-up,2025-11-28,Failed,No response from customer.
1497,131,Document Shared,2025-12-20,Completed,Scheduled follow-up call.
1498,2853,Follow-up,2025-11-12,Pending,Scheduled follow-up call.
1499,1195,Email,2026-01-05,Pending,No response from customer.
1500,2984,Site Visit,2026-03-11,Completed,Customer requested more details.
1501,183,SMS,2025-09-18,Failed,No response from customer.
1502,364,WhatsApp,2025-10-06,Completed,Scheduled follow-up call.
1503,39,Follow-up,2026-05-10,Completed,Discussed budget and preferred location.
1504,2545,Site Visit,2025-05-23,Pending,No response from customer.
1505,1373,Site Visit,2025-10-20,Completed,Sent lease and booking information.
1506,921,Email,2026-01-26,Failed,No response from customer.
1507,2770,WhatsApp,2025-11-15,Completed,Shared available property options.
1508,16,Email,2026-01-26,Failed,Discussed budget and preferred location.
1509,493,WhatsApp,2025-10-10,Pending,Customer requested more details.
1510,1450,SMS,2025-06-24,Completed,Shared available property options.
1511,1132,Document Shared,2025-04-01,Failed,Discussed budget and preferred location.
1512,2942,Document Shared,2026-04-12,Pending,Discussed budget and preferred location.
1513,311,Site Visit,2025-05-22,Completed,Sent lease and booking information.
1514,739,WhatsApp,2025-05-18,Completed,Customer requested more details.
1515,546,WhatsApp,2026-04-15,Failed,Shared available property options.
1516,2462,Site Visit,2026-01-23,Failed,Sent lease and booking information.
1517,251,WhatsApp,2025-01-26,Failed,Sent lease and booking information.
1518,759,Call,2026-05-22,Completed,Shared available property options.
1519,1805,Site Visit,2025-05-19,Failed,Customer requested more details.
1520,1298,Site Visit,2026-04-09,Pending,Shared available property options.
1521,1632,Follow-up,2026-04-05,Failed,Discussed budget and preferred location.
1522,1915,Call,2025-11-29,Pending,Scheduled follow-up call.
1523,814,WhatsApp,2025-12-10,Completed,Customer requested more details.
1524,29,Follow-up,2025-10-07,Failed,No response from customer.
1525,958,Email,2026-01-14,Completed,Customer requested more details.
1526,2033,SMS,2026-05-04,Pending,Sent lease and booking information.
1527,477,Email,2025-03-01,Failed,Customer requested more details.
1528,318,Follow-up,2025-12-21,Completed,Scheduled follow-up call.
1529,245,Document Shared,2025-03-21,Completed,Sent lease and booking information.
1530,748,Call,2025-07-30,Pending,No response from customer.
1531,697,SMS,2025-12-02,Failed,Sent lease and booking information.
1532,272,Follow-up,2025-10-18,Failed,Customer requested more details.
1533,1772,Site Visit,2025-04-20,Failed,Scheduled follow-up call.
1534,1263,Email,2025-05-07,Pending,Sent lease and booking information.
1535,2425,Site Visit,2025-10-20,Pending,Discussed budget and preferred location.
1536,266,Site Visit,2026-02-08,Failed,Sent lease and booking information.
1537,2974,WhatsApp,2026-01-19,Failed,No response from customer.
1538,921,SMS,2026-01-25,Failed,Scheduled follow-up call.
1539,340,Follow-up,2025-03-01,Pending,Scheduled follow-up call.
1540,389,Follow-up,2025-11-12,Failed,Discussed budget and preferred location.
1541,2625,Document Shared,2025-12-15,Failed,Customer requested more details.
1542,2051,Follow-up,2025-05-28,Completed,Discussed budget and preferred location.
1543,1166,Follow-up,2026-05-04,Failed,Scheduled follow-up call.
1544,376,WhatsApp,2025-07-26,Completed,Scheduled follow-up call.
1545,2034,SMS,2026-02-27,Failed,Customer requested more details.
1546,2372,Site Visit,2026-06-18,Completed,Scheduled follow-up call.
1547,146,Follow-up,2026-04-22,Failed,Customer requested more details.
1548,1982,Email,2026-05-27,Pending,Shared available property options.
1549,293,SMS,2026-03-25,Completed,Shared available property options.
1550,432,Call,2026-03-10,Pending,Shared available property options.
1551,705,Site Visit,2025-05-24,Failed,Customer requested more details.
1552,2997,Call,2026-04-25,Pending,Shared available property options.
1553,1999,Document Shared,2025-11-08,Completed,Sent lease and booking information.
1554,2633,WhatsApp,2025-03-17,Failed,No response from customer.
1555,399,WhatsApp,2025-07-27,Failed,No response from customer.
1556,2865,WhatsApp,2025-10-21,Completed,No response from customer.
1557,964,Call,2025-05-03,Completed,Scheduled follow-up call.
1558,2235,Call,2025-02-20,Failed,Shared available property options.
1559,2042,Email,2025-02-07,Completed,Customer requested more details.
1560,1829,Site Visit,2025-06-06,Completed,Shared available property options.
1561,2109,WhatsApp,2025-03-10,Completed,Discussed budget and preferred location.
1562,939,SMS,2025-06-19,Completed,Shared available property options.
1563,710,WhatsApp,2025-09-24,Completed,Shared available property options.
1564,807,SMS,2025-10-17,Pending,Scheduled follow-up call.
1565,1464,Email,2025-03-12,Completed,Shared available property options.
1566,1326,Site Visit,2025-09-05,Pending,Discussed budget and preferred location.
1567,11,Site Visit,2026-02-03,Completed,Sent lease and booking information.
1568,1086,WhatsApp,2025-04-11,Completed,No response from customer.
1569,1869,Site Visit,2026-03-21,Pending,Discussed budget and preferred location.
1570,2274,SMS,2025-01-15,Pending,Customer requested more details.
1571,2612,Document Shared,2026-04-11,Failed,Scheduled follow-up call.
1572,772,Call,2025-04-09,Failed,Discussed budget and preferred location.
1573,1595,WhatsApp,2025-07-22,Failed,Sent lease and booking information.
1574,1608,Call,2026-06-24,Pending,Discussed budget and preferred location.
1575,1334,Document Shared,2026-01-01,Failed,Sent lease and booking information.
1576,885,Call,2025-07-18,Failed,Sent lease and booking information.
1577,1390,WhatsApp,2025-08-20,Pending,Scheduled follow-up call.
1578,226,Follow-up,2025-07-31,Pending,Sent lease and booking information.
1579,825,SMS,2025-10-04,Pending,No response from customer.
1580,2266,Call,2026-02-06,Pending,No response from customer.
1581,937,Call,2025-02-24,Pending,No response from customer.
1582,2801,Document Shared,2025-10-01,Pending,Shared available property options.
1583,2554,WhatsApp,2025-06-24,Completed,Customer requested more details.
1584,2307,Call,2025-07-05,Completed,No response from customer.
1585,1912,Call,2025-06-21,Completed,No response from customer.
1586,1797,Email,2025-01-12,Completed,Shared available property options.
1587,54,Call,2025-02-07,Completed,Customer requested more details.
1588,727,Email,2025-07-18,Pending,Sent lease and booking information.
1589,2737,WhatsApp,2026-05-28,Completed,Discussed budget and preferred location.
1590,1545,Call,2025-04-18,Pending,Sent lease and booking information.
1591,1044,Email,2026-03-02,Pending,Discussed budget and preferred location.
1592,1914,Follow-up,2025-12-09,Failed,Scheduled follow-up call.
1593,1777,Call,2025-01-10,Pending,Shared available property options.
1594,1597,Follow-up,2026-05-15,Failed,Scheduled follow-up call.
1595,1915,Follow-up,2025-12-16,Completed,Scheduled follow-up call.
1596,2467,SMS,2026-05-23,Failed,Scheduled follow-up call.
1597,2738,Follow-up,2026-03-24,Completed,No response from customer.
1598,850,Site Visit,2025-08-06,Failed,Sent lease and booking information.
1599,2110,Site Visit,2026-06-07,Completed,Discussed budget and preferred location.
1600,2264,SMS,2026-03-28,Completed,No response from customer.
1601,3,WhatsApp,2026-03-01,Failed,Scheduled follow-up call.
1602,160,WhatsApp,2025-11-11,Completed,Shared available property options.
1603,781,SMS,2026-05-26,Pending,Customer requested more details.
1604,893,WhatsApp,2025-12-19,Failed,Customer requested more details.
1605,2031,Email,2026-04-17,Failed,Shared available property options.
1606,2377,Call,2026-05-21,Failed,Customer requested more details.
1607,580,WhatsApp,2025-09-24,Completed,Shared available property options.
1608,1934,WhatsApp,2025-08-20,Pending,Scheduled follow-up call.
1609,1381,Document Shared,2026-05-17,Pending,Shared available property options.
1610,1291,Follow-up,2026-01-28,Pending,Discussed budget and preferred location.
1611,1641,Site Visit,2025-11-10,Completed,Scheduled follow-up call.
1612,952,WhatsApp,2026-02-03,Completed,Scheduled follow-up call.
1613,2683,Follow-up,2025-07-23,Pending,Scheduled follow-up call.
1614,988,Email,2025-05-30,Failed,Shared available property options.
1615,1219,Follow-up,2025-08-26,Failed,Sent lease and booking information.
1616,921,Follow-up,2026-02-10,Pending,Shared available property options.
1617,2786,Call,2025-11-09,Failed,Scheduled follow-up call.
1618,1356,Document Shared,2025-10-01,Failed,Discussed budget and preferred location.
1619,170,Document Shared,2026-03-18,Pending,No response from customer.
1620,521,Document Shared,2025-12-25,Failed,No response from customer.
1621,1487,Follow-up,2025-03-26,Failed,Sent lease and booking information.
1622,40,Email,2025-03-11,Completed,Discussed budget and preferred location.
1623,1561,Document Shared,2025-08-01,Pending,Discussed budget and preferred location.
1624,1419,Call,2026-06-03,Failed,Customer requested more details.
1625,955,Document Shared,2026-01-12,Failed,Shared available property options.
1626,984,Email,2026-02-02,Failed,No response from customer.
1627,975,Site Visit,2026-03-06,Pending,Customer requested more details.
1628,38,Document Shared,2025-11-20,Pending,Discussed budget and preferred location.
1629,2376,Document Shared,2025-09-30,Failed,Scheduled follow-up call.
1630,1275,WhatsApp,2026-06-07,Completed,Sent lease and booking information.
1631,1200,Email,2025-05-21,Failed,Customer requested more details.
1632,1626,SMS,2026-01-13,Failed,Sent lease and booking information.
1633,914,Site Visit,2025-05-23,Pending,No response from customer.
1634,454,Follow-up,2025-03-02,Completed,Sent lease and booking information.
1635,37,Call,2026-05-17,Failed,Scheduled follow-up call.
1636,1712,WhatsApp,2025-07-24,Completed,Scheduled follow-up call.
1637,796,Document Shared,2026-04-07,Failed,Discussed budget and preferred location.
1638,973,WhatsApp,2025-10-04,Pending,Sent lease and booking information.
1639,593,SMS,2026-03-23,Pending,No response from customer.
1640,1138,Document Shared,2025-07-26,Failed,Discussed budget and preferred location.
1641,1325,Follow-up,2026-03-10,Failed,No response from customer.
1642,2272,SMS,2025-08-01,Pending,Shared available property options.
1643,318,Email,2026-01-22,Pending,Sent lease and booking information.
1644,2397,SMS,2025-07-07,Failed,Discussed budget and preferred location.
1645,2163,Site Visit,2025-10-05,Completed,Sent lease and booking information.
1646,2746,SMS,2025-06-06,Pending,Sent lease and booking information.
1647,1347,Call,2025-06-16,Failed,Sent lease and booking information.
1648,1592,Email,2025-10-22,Completed,No response from customer.
1649,1890,SMS,2026-02-27,Failed,Customer requested more details.
1650,2088,Document Shared,2025-09-02,Failed,Customer requested more details.
1651,1997,Follow-up,2025-12-18,Pending,Customer requested more details.
1652,1773,Site Visit,2025-07-26,Pending,Discussed budget and preferred location.
1653,1313,SMS,2025-06-22,Failed,Customer requested more details.
1654,1286,SMS,2025-08-20,Completed,No response from customer.
1655,216,Site Visit,2026-03-08,Failed,Customer requested more details.
1656,2384,Document Shared,2025-12-08,Failed,No response from customer.
1657,2140,Call,2025-10-24,Pending,Customer requested more details.
1658,2401,Email,2026-04-13,Completed,Customer requested more details.
1659,2619,Document Shared,2026-06-09,Pending,Customer requested more details.
1660,2864,Call,2025-02-07,Completed,Scheduled follow-up call.
1661,1705,Follow-up,2025-06-30,Pending,Sent lease and booking information.
1662,2829,SMS,2025-11-30,Completed,Scheduled follow-up call.
1663,363,Site Visit,2025-08-29,Pending,Customer requested more details.
1664,2605,WhatsApp,2026-02-19,Completed,Customer requested more details.
1665,1717,Email,2026-05-22,Completed,Discussed budget and preferred location.
1666,1194,Follow-up,2026-05-07,Failed,No response from customer.
1667,356,SMS,2026-04-05,Pending,Sent lease and booking information.
1668,191,Call,2026-04-21,Pending,Scheduled follow-up call.
1669,2470,Site Visit,2026-03-14,Failed,Sent lease and booking information.
1670,700,SMS,2025-09-30,Failed,No response from customer.
1671,2055,Site Visit,2025-12-10,Failed,Scheduled follow-up call.
1672,2181,Site Visit,2026-01-23,Failed,Customer requested more details.
1673,557,Email,2025-06-13,Failed,Shared available property options.
1674,826,Follow-up,2025-02-16,Pending,Shared available property options.
1675,2809,Site Visit,2025-06-16,Failed,Discussed budget and preferred location.
1676,1055,Email,2025-09-16,Completed,Customer requested more details.
1677,2583,Call,2025-12-15,Pending,Sent lease and booking information.
1678,426,Call,2025-02-17,Completed,Shared available property options.
1679,2720,Follow-up,2026-03-12,Failed,Sent lease and booking information.
1680,2411,SMS,2025-07-12,Pending,No response from customer.
1681,1575,Email,2026-06-10,Pending,Shared available property options.
1682,2130,SMS,2026-05-22,Completed,No response from customer.
1683,2404,SMS,2025-07-29,Failed,No response from customer.
1684,589,Follow-up,2025-03-21,Completed,Discussed budget and preferred location.
1685,2013,Email,2026-06-21,Pending,Sent lease and booking information.
1686,1548,Follow-up,2025-09-08,Failed,No response from customer.
1687,295,Call,2025-12-05,Failed,Scheduled follow-up call.
1688,1986,Call,2025-04-15,Pending,No response from customer.
1689,1248,WhatsApp,2025-07-20,Pending,Discussed budget and preferred location.
1690,1549,Email,2026-02-21,Completed,No response from customer.
1691,1691,Site Visit,2025-05-19,Completed,Sent lease and booking information.
1692,1137,Site Visit,2025-04-05,Pending,Shared available property options.
1693,1257,Follow-up,2025-06-20,Pending,Sent lease and booking information.
1694,2065,Document Shared,2025-12-27,Completed,Discussed budget and preferred location.
1695,360,Follow-up,2025-10-28,Failed,Discussed budget and preferred location.
1696,2914,Email,2026-05-23,Failed,Shared available property options.
1697,700,Follow-up,2025-10-24,Pending,No response from customer.
1698,448,SMS,2025-06-27,Completed,Shared available property options.
1699,2904,Follow-up,2025-10-10,Failed,Discussed budget and preferred location.
1700,2413,Site Visit,2026-04-12,Completed,Scheduled follow-up call.
1701,675,Site Visit,2025-09-20,Failed,Sent lease and booking information.
1702,1008,WhatsApp,2025-07-10,Pending,No response from customer.
1703,1350,Email,2025-04-14,Pending,No response from customer.
1704,2515,Call,2025-12-29,Failed,Scheduled follow-up call.
1705,2462,SMS,2026-02-08,Completed,Discussed budget and preferred location.
1706,586,Site Visit,2025-12-27,Pending,No response from customer.
1707,1257,Site Visit,2025-05-26,Completed,Sent lease and booking information.
1708,1248,WhatsApp,2025-07-23,Pending,No response from customer.
1709,994,WhatsApp,2026-06-17,Pending,Scheduled follow-up call.
1710,1436,Document Shared,2025-06-20,Failed,Customer requested more details.
1711,572,Site Visit,2026-02-16,Failed,Discussed budget and preferred location.
1712,2383,SMS,2025-04-03,Failed,Shared available property options.
1713,1246,Document Shared,2026-03-14,Completed,No response from customer.
1714,2085,Document Shared,2026-05-04,Completed,Shared available property options.
1715,989,WhatsApp,2026-04-06,Completed,Shared available property options.
1716,278,WhatsApp,2025-05-27,Failed,Scheduled follow-up call.
1717,1220,Site Visit,2025-08-22,Completed,Sent lease and booking information.
1718,2964,SMS,2025-08-18,Pending,Scheduled follow-up call.
1719,1888,Site Visit,2026-03-27,Completed,Shared available property options.
1720,484,Site Visit,2026-04-25,Pending,Shared available property options.
1721,1266,Email,2026-05-21,Pending,Sent lease and booking information.
1722,731,Call,2025-09-05,Failed,Shared available property options.
1723,2240,SMS,2026-01-19,Pending,No response from customer.
1724,1041,WhatsApp,2026-01-09,Pending,No response from customer.
1725,2572,Follow-up,2025-04-23,Failed,Shared available property options.
1726,918,WhatsApp,2025-12-22,Completed,Shared available property options.
1727,2449,Document Shared,2025-09-25,Pending,Shared available property options.
1728,886,Site Visit,2025-04-02,Pending,Discussed budget and preferred location.
1729,2753,Call,2025-01-24,Failed,Discussed budget and preferred location.
1730,22,Email,2025-11-14,Pending,Customer requested more details.
1731,474,Email,2025-10-20,Completed,No response from customer.
1732,2258,Document Shared,2026-07-02,Completed,Shared available property options.
1733,2354,WhatsApp,2026-04-23,Completed,Scheduled follow-up call.
1734,704,Email,2025-07-19,Pending,Customer requested more details.
1735,687,Document Shared,2025-06-06,Failed,Shared available property options.
1736,285,WhatsApp,2025-11-27,Pending,Scheduled follow-up call.
1737,716,SMS,2025-10-06,Pending,No response from customer.
1738,763,WhatsApp,2026-04-15,Pending,Discussed budget and preferred location.
1739,1251,WhatsApp,2026-02-01,Completed,Customer requested more details.
1740,948,Call,2025-02-15,Completed,Sent lease and booking information.
1741,2429,Follow-up,2025-07-09,Pending,Customer requested more details.
1742,2508,Email,2025-09-17,Failed,Sent lease and booking information.
1743,1031,SMS,2026-03-20,Failed,Customer requested more details.
1744,29,SMS,2025-10-17,Failed,Shared available property options.
1745,907,Call,2026-01-09,Completed,Customer requested more details.
1746,2927,Document Shared,2026-04-06,Completed,No response from customer.
1747,2127,Site Visit,2025-05-05,Pending,No response from customer.
1748,2995,WhatsApp,2026-01-29,Failed,Discussed budget and preferred location.
1749,2507,Call,2025-07-03,Failed,No response from customer.
1750,570,Document Shared,2026-05-27,Failed,Discussed budget and preferred location.
1751,2007,Site Visit,2025-08-04,Pending,Scheduled follow-up call.
1752,1454,Document Shared,2025-05-19,Completed,Scheduled follow-up call.
1753,738,Site Visit,2025-05-22,Completed,Sent lease and booking information.
1754,516,WhatsApp,2025-05-08,Completed,Shared available property options.
1755,2001,Email,2025-05-19,Pending,Sent lease and booking information.
1756,2445,Call,2025-02-27,Failed,No response from customer.
1757,39,Call,2026-05-06,Failed,Scheduled follow-up call.
1758,887,Call,2026-04-16,Pending,Customer requested more details.
1759,2845,Document Shared,2025-09-16,Completed,Discussed budget and preferred location.
1760,2205,Document Shared,2026-03-06,Completed,Scheduled follow-up call.
1761,1099,Follow-up,2026-02-10,Completed,Sent lease and booking information.
1762,2932,Call,2025-12-27,Pending,No response from customer.
1763,1824,WhatsApp,2025-06-12,Failed,Scheduled follow-up call.
1764,1711,Call,2026-02-04,Completed,Shared available property options.
1765,974,Call,2025-02-14,Failed,Customer requested more details.
1766,1563,SMS,2025-03-07,Pending,Shared available property options.
1767,2897,Call,2025-08-31,Completed,Shared available property options.
1768,2796,Follow-up,2025-06-21,Pending,Shared available property options.
1769,989,WhatsApp,2026-04-07,Failed,Shared available property options.
1770,21,Follow-up,2026-05-07,Pending,Shared available property options.
1771,2351,Call,2025-01-16,Failed,Scheduled follow-up call.
1772,869,Call,2026-04-23,Completed,Shared available property options.
1773,84,Follow-up,2026-05-03,Completed,No response from customer.
1774,1683,WhatsApp,2025-11-08,Failed,No response from customer.
1775,1977,Site Visit,2025-05-04,Completed,Customer requested more details.
1776,1411,Site Visit,2025-06-27,Completed,Shared available property options.
1777,1531,Email,2025-10-31,Completed,Discussed budget and preferred location.
1778,570,SMS,2026-05-11,Completed,Discussed budget and preferred location.
1779,934,Follow-up,2026-06-13,Failed,Customer requested more details.
1780,1981,Email,2026-05-27,Completed,Shared available property options.
1781,1856,Site Visit,2026-02-12,Failed,Customer requested more details.
1782,793,Site Visit,2025-01-18,Completed,Discussed budget and preferred location.
1783,792,Call,2026-02-19,Completed,Discussed budget and preferred location.
1784,1810,WhatsApp,2025-12-09,Failed,Sent lease and booking information.
1785,1295,SMS,2026-04-10,Completed,Scheduled follow-up call.
1786,2540,Call,2025-02-28,Completed,No response from customer.
1787,2256,Site Visit,2025-07-10,Completed,No response from customer.
1788,1608,Email,2026-06-07,Pending,No response from customer.
1789,1084,WhatsApp,2025-09-22,Failed,Sent lease and booking information.
1790,2478,Site Visit,2026-03-28,Completed,Scheduled follow-up call.
1791,985,Follow-up,2026-03-01,Failed,Discussed budget and preferred location.
1792,1681,Site Visit,2025-07-10,Pending,Sent lease and booking information.
1793,520,Follow-up,2025-04-04,Completed,Shared available property options.
1794,591,Call,2026-05-25,Pending,Shared available property options.
1795,1051,Document Shared,2026-04-09,Completed,Sent lease and booking information.
1796,1710,Email,2026-01-23,Failed,Shared available property options.
1797,2036,Email,2025-12-16,Failed,No response from customer.
1798,2247,SMS,2025-08-10,Pending,Discussed budget and preferred location.
1799,2435,Site Visit,2026-04-18,Pending,Discussed budget and preferred location.
1800,349,SMS,2025-04-17,Pending,Scheduled follow-up call.
1801,960,Document Shared,2026-05-02,Pending,No response from customer.
1802,1964,WhatsApp,2025-12-22,Pending,Scheduled follow-up call.
1803,693,Email,2025-06-24,Pending,Discussed budget and preferred location.
1804,1560,WhatsApp,2025-04-05,Failed,Discussed budget and preferred location.
1805,378,Call,2026-06-15,Completed,No response from customer.
1806,2947,SMS,2025-03-03,Failed,Sent lease and booking information.
1807,2964,SMS,2025-07-16,Failed,Discussed budget and preferred location.
1808,527,Follow-up,2025-09-06,Pending,Discussed budget and preferred location.
1809,2782,Document Shared,2025-04-23,Failed,Customer requested more details.
1810,2254,Site Visit,2025-02-22,Pending,Customer requested more details.
1811,2503,Follow-up,2025-06-08,Completed,No response from customer.
1812,1260,Call,2026-06-22,Completed,Scheduled follow-up call.
1813,1876,Document Shared,2025-02-15,Pending,Scheduled follow-up call.
1814,1764,Site Visit,2025-04-29,Pending,Shared available property options.
1815,521,Document Shared,2025-12-27,Pending,Shared available property options.
1816,1702,Email,2026-04-18,Pending,Shared available property options.
1817,1017,WhatsApp,2026-06-05,Failed,Sent lease and booking information.
1818,2774,Email,2025-10-15,Pending,Shared available property options.
1819,1014,SMS,2026-03-30,Pending,Sent lease and booking information.
1820,2549,Follow-up,2025-09-16,Completed,Shared available property options.
1821,117,WhatsApp,2026-04-17,Failed,Scheduled follow-up call.
1822,2434,SMS,2025-11-17,Failed,No response from customer.
1823,1368,WhatsApp,2025-02-19,Failed,Shared available property options.
1824,584,Call,2026-02-18,Failed,Discussed budget and preferred location.
1825,395,SMS,2025-08-05,Failed,Sent lease and booking information.
1826,1088,Email,2026-01-04,Pending,No response from customer.
1827,2769,Email,2026-01-23,Failed,Customer requested more details.
1828,72,Site Visit,2026-02-28,Failed,Scheduled follow-up call.
1829,274,Site Visit,2025-01-28,Failed,Sent lease and booking information.
1830,2014,Call,2025-04-26,Pending,No response from customer.
1831,1344,Call,2025-01-18,Completed,Shared available property options.
1832,338,SMS,2025-08-21,Failed,Sent lease and booking information.
1833,1390,Document Shared,2025-08-18,Pending,Sent lease and booking information.
1834,607,WhatsApp,2025-12-26,Completed,Customer requested more details.
1835,166,Site Visit,2025-11-06,Completed,Scheduled follow-up call.
1836,1568,Call,2026-05-11,Completed,Scheduled follow-up call.
1837,2059,Follow-up,2026-02-24,Failed,No response from customer.
1838,1325,Call,2026-03-03,Failed,Discussed budget and preferred location.
1839,729,Follow-up,2025-04-01,Pending,Customer requested more details.
1840,2849,SMS,2026-06-25,Completed,Scheduled follow-up call.
1841,2044,Document Shared,2025-08-18,Failed,No response from customer.
1842,102,Document Shared,2026-02-09,Completed,Scheduled follow-up call.
1843,1416,SMS,2025-12-01,Failed,Discussed budget and preferred location.
1844,779,Document Shared,2025-08-18,Completed,Shared available property options.
1845,214,WhatsApp,2026-05-27,Failed,Shared available property options.
1846,1112,Call,2026-06-19,Pending,Discussed budget and preferred location.
1847,1577,Follow-up,2026-05-28,Pending,Discussed budget and preferred location.
1848,2449,Document Shared,2025-09-28,Failed,Discussed budget and preferred location.
1849,2636,Document Shared,2025-11-26,Completed,Sent lease and booking information.
1850,2937,SMS,2026-03-14,Completed,Customer requested more details.
1851,1696,Site Visit,2025-02-15,Completed,Customer requested more details.
1852,592,Follow-up,2025-10-18,Pending,Discussed budget and preferred location.
1853,1334,Site Visit,2026-02-05,Failed,Sent lease and booking information.
1854,1110,WhatsApp,2025-02-11,Failed,Customer requested more details.
1855,2140,Follow-up,2025-11-09,Completed,Discussed budget and preferred location.
1856,2721,Follow-up,2025-08-24,Completed,Scheduled follow-up call.
1857,714,SMS,2025-02-15,Failed,Discussed budget and preferred location.
1858,936,SMS,2026-02-25,Completed,No response from customer.
1859,1952,Follow-up,2025-07-13,Failed,Sent lease and booking information.
1860,242,Email,2025-04-30,Failed,Sent lease and booking information.
1861,2044,WhatsApp,2025-08-31,Pending,Discussed budget and preferred location.
1862,2,Site Visit,2025-02-23,Pending,Scheduled follow-up call.
1863,2273,Document Shared,2025-12-14,Failed,Sent lease and booking information.
1864,2849,Site Visit,2026-06-13,Completed,Sent lease and booking information.
1865,1769,Follow-up,2026-05-26,Pending,No response from customer.
1866,1950,WhatsApp,2026-04-26,Completed,Sent lease and booking information.
1867,2637,Site Visit,2025-06-15,Failed,Customer requested more details.
1868,2164,Follow-up,2025-03-15,Failed,Shared available property options.
1869,918,Follow-up,2025-11-19,Pending,Scheduled follow-up call.
1870,2242,SMS,2025-10-20,Pending,Sent lease and booking information.
1871,2919,Document Shared,2025-04-05,Failed,Discussed budget and preferred location.
1872,90,SMS,2026-03-23,Failed,Scheduled follow-up call.
1873,1710,Follow-up,2025-12-27,Completed,Discussed budget and preferred location.
1874,2170,Follow-up,2025-12-28,Failed,Shared available property options.
1875,143,Email,2025-10-14,Completed,Customer requested more details.
1876,106,WhatsApp,2025-10-10,Completed,Discussed budget and preferred location.
1877,887,Follow-up,2026-04-12,Pending,Customer requested more details.
1878,428,Site Visit,2026-01-20,Failed,Shared available property options.
1879,1329,Document Shared,2025-09-13,Completed,Sent lease and booking information.
1880,1896,SMS,2025-05-24,Failed,Discussed budget and preferred location.
1881,1995,Email,2026-01-23,Failed,No response from customer.
1882,317,Follow-up,2026-01-10,Completed,Sent lease and booking information.
1883,1987,Email,2025-02-12,Failed,Sent lease and booking information.
1884,635,Call,2026-05-28,Completed,Customer requested more details.
1885,1926,Document Shared,2025-10-25,Failed,No response from customer.
1886,2057,Document Shared,2025-06-19,Failed,Discussed budget and preferred location.
1887,2822,Call,2025-04-17,Pending,Discussed budget and preferred location.
1888,2271,Email,2025-07-07,Completed,No response from customer.
1889,1440,SMS,2025-05-11,Failed,Sent lease and booking information.
1890,553,Follow-up,2025-01-27,Pending,Customer requested more details.
1891,716,Site Visit,2025-10-01,Failed,No response from customer.
1892,1288,SMS,2025-04-04,Pending,Sent lease and booking information.
1893,1714,WhatsApp,2025-07-16,Completed,Customer requested more details.
1894,1884,Call,2025-06-20,Completed,Shared available property options.
1895,1108,SMS,2026-01-14,Failed,Shared available property options.
1896,1342,Document Shared,2025-01-29,Pending,Shared available property options.
1897,111,Call,2025-12-15,Completed,Discussed budget and preferred location.
1898,251,Call,2025-02-12,Failed,No response from customer.
1899,2431,Email,2026-05-14,Completed,Discussed budget and preferred location.
1900,2055,Email,2026-01-03,Failed,Sent lease and booking information.
1901,459,Follow-up,2025-07-11,Completed,Discussed budget and preferred location.
1902,1108,Email,2026-02-22,Completed,Discussed budget and preferred location.
1903,208,SMS,2026-03-27,Failed,Shared available property options.
1904,900,Document Shared,2026-01-15,Pending,Scheduled follow-up call.
1905,22,Document Shared,2025-10-29,Completed,Discussed budget and preferred location.
1906,410,Call,2025-03-07,Pending,No response from customer.
1907,895,SMS,2025-10-02,Completed,Discussed budget and preferred location.
1908,515,Follow-up,2025-05-12,Completed,Discussed budget and preferred location.
1909,809,Site Visit,2026-04-13,Completed,Discussed budget and preferred location.
1910,874,Follow-up,2025-11-25,Failed,Customer requested more details.
1911,14,SMS,2026-05-15,Failed,Discussed budget and preferred location.
1912,971,Document Shared,2026-06-21,Pending,No response from customer.
1913,2135,Call,2025-04-05,Failed,Discussed budget and preferred location.
1914,2957,Call,2025-06-23,Failed,No response from customer.
1915,1561,Call,2025-07-18,Completed,Shared available property options.
1916,1325,Call,2026-03-09,Completed,Discussed budget and preferred location.
1917,1267,Site Visit,2025-08-02,Pending,Scheduled follow-up call.
1918,2170,Site Visit,2025-12-29,Completed,Customer requested more details.
1919,750,Document Shared,2025-02-12,Completed,Shared available property options.
1920,685,Call,2025-02-14,Failed,Customer requested more details.
1921,1928,Site Visit,2025-11-23,Completed,Customer requested more details.
1922,2357,Site Visit,2025-03-22,Completed,Scheduled follow-up call.
1923,695,Email,2025-12-16,Pending,Discussed budget and preferred location.
1924,2336,Call,2025-06-17,Completed,Scheduled follow-up call.
1925,307,Call,2026-05-15,Pending,Discussed budget and preferred location.
1926,1990,WhatsApp,2026-01-07,Failed,Sent lease and booking information.
1927,2962,Document Shared,2026-04-27,Completed,Customer requested more details.
1928,662,Document Shared,2026-06-11,Pending,Discussed budget and preferred location.
1929,549,Site Visit,2026-05-30,Pending,Sent lease and booking information.
1930,312,Document Shared,2025-07-01,Pending,Sent lease and booking information.
1931,2921,SMS,2025-07-29,Failed,Discussed budget and preferred location.
1932,1083,WhatsApp,2025-05-29,Pending,Shared available property options.
1933,2972,Follow-up,2025-09-29,Completed,Scheduled follow-up call.
1934,1738,Site Visit,2026-03-21,Failed,No response from customer.
1935,755,SMS,2025-11-02,Completed,Shared available property options.
1936,35,Email,2025-05-31,Failed,No response from customer.
1937,445,WhatsApp,2025-08-20,Pending,Discussed budget and preferred location.
1938,2141,Document Shared,2025-07-24,Completed,Customer requested more details.
1939,1983,Email,2026-05-03,Pending,No response from customer.
1940,1231,Email,2025-05-15,Failed,Customer requested more details.
1941,353,Document Shared,2025-04-22,Completed,No response from customer.
1942,903,Follow-up,2025-02-21,Pending,Sent lease and booking information.
1943,1356,Site Visit,2025-10-08,Failed,Discussed budget and preferred location.
1944,2910,Site Visit,2025-01-17,Pending,Scheduled follow-up call.
1945,1749,WhatsApp,2025-02-28,Completed,Customer requested more details.
1946,159,WhatsApp,2025-09-07,Pending,Scheduled follow-up call.
1947,1978,WhatsApp,2025-02-11,Pending,Shared available property options.
1948,957,Call,2025-11-03,Completed,No response from customer.
1949,2072,Call,2025-06-26,Completed,Scheduled follow-up call.
1950,404,Document Shared,2025-05-24,Completed,Shared available property options.
1951,2853,WhatsApp,2025-10-07,Completed,No response from customer.
1952,516,Email,2025-04-20,Failed,Customer requested more details.
1953,2780,Email,2026-03-01,Failed,Discussed budget and preferred location.
1954,1388,Site Visit,2026-03-14,Pending,Sent lease and booking information.
1955,2580,Call,2026-02-22,Failed,Customer requested more details.
1956,956,Document Shared,2025-03-23,Failed,Customer requested more details.
1957,2200,WhatsApp,2026-01-26,Failed,Discussed budget and preferred location.
1958,1713,Document Shared,2025-10-25,Failed,Scheduled follow-up call.
1959,2995,SMS,2026-01-03,Failed,Customer requested more details.
1960,608,SMS,2025-01-25,Completed,No response from customer.
1961,2468,SMS,2026-04-06,Failed,Discussed budget and preferred location.
1962,1274,SMS,2025-01-22,Pending,Shared available property options.
1963,2914,SMS,2026-05-24,Pending,Customer requested more details.
1964,1536,Email,2025-12-01,Pending,Customer requested more details.
1965,2626,WhatsApp,2025-10-13,Completed,Sent lease and booking information.
1966,2383,Call,2025-04-06,Failed,No response from customer.
1967,1442,Call,2025-12-25,Failed,Shared available property options.
1968,2980,Email,2025-05-11,Completed,Scheduled follow-up call.
1969,1798,Document Shared,2026-02-17,Failed,No response from customer.
1970,295,Call,2025-11-26,Pending,Scheduled follow-up call.
1971,755,Site Visit,2025-11-10,Failed,Sent lease and booking information.
1972,1395,WhatsApp,2025-10-31,Pending,Customer requested more details.
1973,186,WhatsApp,2026-05-17,Completed,Shared available property options.
1974,1270,Site Visit,2025-11-06,Failed,Sent lease and booking information.
1975,637,WhatsApp,2026-06-26,Completed,Customer requested more details.
1976,1292,Call,2026-02-16,Completed,Shared available property options.
1977,530,Call,2025-12-19,Completed,No response from customer.
1978,2069,WhatsApp,2025-03-12,Failed,Customer requested more details.
1979,2959,Document Shared,2025-02-22,Failed,Customer requested more details.
1980,2915,Site Visit,2026-01-27,Pending,No response from customer.
1981,794,Site Visit,2026-05-23,Failed,Sent lease and booking information.
1982,2148,Site Visit,2025-11-08,Completed,Discussed budget and preferred location.
1983,2800,Call,2026-05-02,Pending,Customer requested more details.
1984,478,Document Shared,2025-03-09,Pending,Sent lease and booking information.
1985,1623,Call,2025-11-08,Completed,Sent lease and booking information.
1986,940,Call,2025-04-16,Pending,Shared available property options.
1987,526,SMS,2025-10-24,Completed,Sent lease and booking information.
1988,2382,WhatsApp,2026-03-10,Failed,Customer requested more details.
1989,2,WhatsApp,2025-04-04,Completed,Scheduled follow-up call.
1990,375,WhatsApp,2026-01-26,Failed,Sent lease and booking information.
1991,2341,Document Shared,2025-04-14,Completed,Scheduled follow-up call.
1992,2885,Follow-up,2026-02-01,Completed,Sent lease and booking information.
1993,553,Document Shared,2025-02-24,Failed,Customer requested more details.
1994,2366,WhatsApp,2025-06-28,Failed,Sent lease and booking information.
1995,1526,Call,2026-04-02,Pending,No response from customer.
1996,1852,SMS,2026-02-11,Completed,Sent lease and booking information.
1997,381,Email,2025-10-29,Pending,Discussed budget and preferred location.
1998,1647,Follow-up,2025-06-14,Completed,Customer requested more details.
1999,14,Email,2026-06-05,Completed,Customer requested more details.
2000,504,Follow-up,2026-02-27,Pending,Shared available property options.
2001,2279,Site Visit,2025-10-13,Completed,Scheduled follow-up call.
2002,2009,Document Shared,2025-09-12,Completed,Discussed budget and preferred location.
2003,130,Follow-up,2025-03-24,Failed,Shared available property options.
2004,838,Call,2025-12-15,Failed,Customer requested more details.
2005,2939,WhatsApp,2025-07-04,Completed,Scheduled follow-up call.
2006,2041,SMS,2026-06-15,Failed,Scheduled follow-up call.
2007,28,Email,2025-03-19,Completed,Discussed budget and preferred location.
2008,2114,Document Shared,2025-04-01,Pending,No response from customer.
2009,1253,Follow-up,2026-06-12,Pending,Customer requested more details.
2010,261,Document Shared,2026-05-09,Pending,Customer requested more details.
2011,2047,Call,2025-07-15,Completed,Customer requested more details.
2012,1473,SMS,2026-05-07,Failed,No response from customer.
2013,1448,Call,2025-08-13,Pending,Scheduled follow-up call.
2014,460,Site Visit,2026-05-21,Completed,Sent lease and booking information.
2015,301,WhatsApp,2025-03-11,Failed,Shared available property options.
2016,2967,Call,2025-07-04,Completed,Discussed budget and preferred location.
2017,2335,Follow-up,2025-04-28,Completed,Scheduled follow-up call.
2018,630,WhatsApp,2025-01-10,Completed,Discussed budget and preferred location.
2019,270,Follow-up,2025-09-24,Failed,Customer requested more details.
2020,2640,WhatsApp,2025-12-11,Failed,Scheduled follow-up call.
2021,1994,Document Shared,2025-06-25,Pending,Scheduled follow-up call.
2022,1629,WhatsApp,2026-01-18,Completed,No response from customer.
2023,1802,WhatsApp,2025-04-06,Failed,Customer requested more details.
2024,2892,SMS,2025-10-19,Completed,Discussed budget and preferred location.
2025,862,Document Shared,2026-02-18,Failed,Customer requested more details.
2026,1281,WhatsApp,2025-02-08,Pending,Sent lease and booking information.
2027,2181,Document Shared,2026-02-16,Failed,No response from customer.
2028,1800,Site Visit,2026-01-13,Pending,Sent lease and booking information.
2029,1707,Email,2025-05-09,Failed,Shared available property options.
2030,2561,Follow-up,2025-06-22,Pending,Discussed budget and preferred location.
2031,2361,Call,2025-07-27,Failed,Sent lease and booking information.
2032,576,Document Shared,2025-05-13,Pending,Sent lease and booking information.
2033,2934,Call,2025-08-18,Completed,Scheduled follow-up call.
2034,2004,Call,2026-05-11,Failed,Discussed budget and preferred location.
2035,1308,Follow-up,2026-04-24,Completed,No response from customer.
2036,1957,WhatsApp,2026-03-19,Failed,Discussed budget and preferred location.
2037,2735,WhatsApp,2025-06-03,Pending,Sent lease and booking information.
2038,2021,Call,2026-03-06,Failed,Sent lease and booking information.
2039,2213,Document Shared,2026-02-25,Pending,Customer requested more details.
2040,2353,WhatsApp,2025-10-02,Completed,No response from customer.
2041,1656,WhatsApp,2025-09-23,Completed,Shared available property options.
2042,1580,SMS,2025-06-05,Failed,Discussed budget and preferred location.
2043,1848,SMS,2025-08-06,Failed,Scheduled follow-up call.
2044,2204,Email,2025-12-18,Failed,Discussed budget and preferred location.
2045,1391,WhatsApp,2026-06-23,Failed,Shared available property options.
2046,1743,SMS,2025-06-12,Completed,Sent lease and booking information.
2047,1926,SMS,2025-10-18,Failed,Scheduled follow-up call.
2048,620,Email,2025-10-12,Pending,Discussed budget and preferred location.
2049,1275,Site Visit,2026-06-07,Failed,Scheduled follow-up call.
2050,957,Document Shared,2025-11-18,Pending,Sent lease and booking information.
2051,1940,Call,2025-07-18,Completed,Sent lease and booking information.
2052,2382,WhatsApp,2026-03-22,Completed,Customer requested more details.
2053,969,Document Shared,2025-07-17,Pending,Customer requested more details.
2054,2559,Email,2025-08-14,Pending,Customer requested more details.
2055,1317,Call,2025-06-16,Completed,No response from customer.
2056,1044,Call,2026-04-01,Failed,Customer requested more details.
2057,282,Email,2026-04-17,Completed,Discussed budget and preferred location.
2058,2845,WhatsApp,2025-09-05,Failed,Shared available property options.
2059,2167,Follow-up,2026-05-09,Failed,Customer requested more details.
2060,1059,SMS,2026-06-19,Completed,Customer requested more details.
2061,198,Call,2025-12-17,Completed,Shared available property options.
2062,2533,Document Shared,2025-05-14,Failed,Sent lease and booking information.
2063,1083,Site Visit,2025-05-30,Failed,Customer requested more details.
2064,2885,Email,2026-02-19,Completed,Scheduled follow-up call.
2065,1185,WhatsApp,2026-06-09,Pending,Discussed budget and preferred location.
2066,1009,Document Shared,2025-05-26,Failed,Shared available property options.
2067,2739,Document Shared,2025-09-27,Failed,Customer requested more details.
2068,1230,Follow-up,2025-10-25,Failed,Customer requested more details.
2069,1036,Call,2026-03-31,Completed,Discussed budget and preferred location.
2070,490,Follow-up,2025-05-05,Failed,Sent lease and booking information.
2071,276,Email,2025-06-24,Pending,Scheduled follow-up call.
2072,2741,Call,2025-04-03,Completed,Scheduled follow-up call.
2073,2290,Call,2026-02-24,Failed,Shared available property options.
2074,1240,SMS,2025-02-08,Completed,Shared available property options.
2075,1275,Call,2026-06-25,Failed,Discussed budget and preferred location.
2076,126,Site Visit,2025-10-03,Pending,Customer requested more details.
2077,217,Document Shared,2026-02-18,Pending,Scheduled follow-up call.
2078,1209,SMS,2025-11-16,Failed,Scheduled follow-up call.
2079,1247,SMS,2025-04-11,Completed,No response from customer.
2080,2543,Document Shared,2026-01-09,Failed,Discussed budget and preferred location.
2081,2475,Call,2026-04-11,Completed,Customer requested more details.
2082,919,Site Visit,2025-12-22,Pending,Shared available property options.
2083,1318,SMS,2026-02-04,Pending,Customer requested more details.
2084,2199,Call,2025-05-22,Completed,Discussed budget and preferred location.
2085,2432,Email,2025-09-30,Pending,Sent lease and booking information.
2086,1662,Follow-up,2025-02-08,Pending,Customer requested more details.
2087,308,SMS,2025-06-08,Completed,Scheduled follow-up call.
2088,1360,WhatsApp,2025-07-13,Failed,No response from customer.
2089,1970,Call,2026-01-10,Failed,Shared available property options.
2090,2794,Follow-up,2026-03-09,Failed,Discussed budget and preferred location.
2091,892,Site Visit,2025-03-04,Pending,Sent lease and booking information.
2092,375,Document Shared,2026-02-10,Failed,No response from customer.
2093,2034,Email,2026-01-17,Failed,Shared available property options.
2094,1365,WhatsApp,2026-04-21,Pending,Customer requested more details.
2095,129,Email,2025-09-27,Completed,Customer requested more details.
2096,1015,Document Shared,2026-04-05,Failed,Discussed budget and preferred location.
2097,1800,SMS,2025-12-12,Completed,No response from customer.
2098,2717,Email,2026-06-26,Completed,Customer requested more details.
2099,1382,Site Visit,2026-03-31,Failed,Scheduled follow-up call.
2100,517,SMS,2025-02-20,Failed,Shared available property options.
2101,1519,Site Visit,2026-04-04,Completed,Customer requested more details.
2102,86,WhatsApp,2025-03-02,Pending,Scheduled follow-up call.
2103,1199,Email,2026-03-15,Completed,Scheduled follow-up call.
2104,2359,WhatsApp,2025-04-14,Completed,Sent lease and booking information.
2105,1143,Document Shared,2025-12-25,Pending,Scheduled follow-up call.
2106,2475,Document Shared,2026-04-06,Pending,Sent lease and booking information.
2107,1994,WhatsApp,2025-05-27,Completed,Customer requested more details.
2108,2162,WhatsApp,2026-02-26,Completed,Scheduled follow-up call.
2109,303,Follow-up,2026-02-23,Completed,Sent lease and booking information.
2110,2792,WhatsApp,2025-05-18,Pending,Discussed budget and preferred location.
2111,588,Call,2026-05-31,Pending,Sent lease and booking information.
2112,987,Document Shared,2026-01-08,Pending,Scheduled follow-up call.
2113,1864,Email,2026-05-15,Failed,Sent lease and booking information.
2114,345,Site Visit,2025-10-08,Pending,Shared available property options.
2115,814,SMS,2025-12-15,Pending,Discussed budget and preferred location.
2116,1988,SMS,2025-08-17,Completed,Sent lease and booking information.
2117,2849,Follow-up,2026-06-30,Pending,Scheduled follow-up call.
2118,1311,SMS,2025-08-02,Pending,Discussed budget and preferred location.
2119,2000,Call,2025-01-28,Completed,Customer requested more details.
2120,1678,Call,2025-02-10,Pending,Sent lease and booking information.
2121,1328,Site Visit,2025-07-17,Completed,Customer requested more details.
2122,1093,Email,2025-07-13,Pending,Shared available property options.
2123,2409,Site Visit,2025-05-29,Failed,Sent lease and booking information.
2124,1010,Follow-up,2026-06-25,Pending,Customer requested more details.
2125,704,WhatsApp,2025-08-14,Pending,Shared available property options.
2126,575,Site Visit,2025-10-31,Failed,Sent lease and booking information.
2127,1609,Email,2026-03-18,Failed,Discussed budget and preferred location.
2128,1113,WhatsApp,2025-10-18,Failed,Scheduled follow-up call.
2129,688,Site Visit,2025-07-16,Completed,Scheduled follow-up call.
2130,2829,Site Visit,2025-12-06,Pending,Discussed budget and preferred location.
2131,2633,Document Shared,2025-04-01,Failed,No response from customer.
2132,2637,Site Visit,2025-05-22,Completed,Scheduled follow-up call.
2133,489,Document Shared,2026-06-18,Pending,No response from customer.
2134,1348,Call,2025-01-31,Failed,Sent lease and booking information.
2135,494,Document Shared,2025-07-13,Completed,No response from customer.
2136,1668,WhatsApp,2025-07-12,Pending,Discussed budget and preferred location.
2137,1638,Call,2026-03-13,Pending,Discussed budget and preferred location.
2138,19,Site Visit,2025-12-08,Completed,Sent lease and booking information.
2139,2445,WhatsApp,2025-02-26,Completed,Sent lease and booking information.
2140,1001,Call,2025-03-08,Failed,Customer requested more details.
2141,851,WhatsApp,2025-07-08,Completed,No response from customer.
2142,1389,Email,2026-02-18,Completed,Sent lease and booking information.
2143,1355,Call,2025-06-29,Failed,Shared available property options.
2144,1368,WhatsApp,2025-02-12,Completed,Customer requested more details.
2145,822,SMS,2026-05-09,Completed,Scheduled follow-up call.
2146,455,WhatsApp,2025-04-08,Pending,Sent lease and booking information.
2147,1625,SMS,2026-01-10,Failed,Discussed budget and preferred location.
2148,2773,WhatsApp,2025-05-03,Pending,Shared available property options.
2149,711,Call,2025-02-01,Failed,Discussed budget and preferred location.
2150,2191,WhatsApp,2025-08-06,Pending,Scheduled follow-up call.
2151,917,SMS,2025-10-07,Failed,No response from customer.
2152,2876,SMS,2025-06-12,Pending,Sent lease and booking information.
2153,2653,SMS,2025-06-07,Completed,Shared available property options.
2154,1497,WhatsApp,2025-08-21,Completed,Discussed budget and preferred location.
2155,1441,Email,2025-05-23,Completed,Sent lease and booking information.
2156,305,Site Visit,2026-03-18,Completed,No response from customer.
2157,736,Email,2026-03-13,Failed,Shared available property options.
2158,2339,Call,2025-04-25,Completed,Shared available property options.
2159,1964,Follow-up,2026-01-04,Completed,No response from customer.
2160,2150,Follow-up,2025-06-02,Failed,Customer requested more details.
2161,2010,Follow-up,2025-11-30,Completed,Discussed budget and preferred location.
2162,2915,SMS,2026-01-16,Completed,Shared available property options.
2163,2890,Email,2026-04-07,Failed,No response from customer.
2164,962,SMS,2025-10-09,Completed,Shared available property options.
2165,2990,Follow-up,2026-05-07,Pending,Customer requested more details.
2166,1027,Follow-up,2025-03-12,Failed,Shared available property options.
2167,2133,WhatsApp,2026-04-13,Pending,Shared available property options.
2168,2376,SMS,2025-11-05,Pending,Shared available property options.
2169,2864,Document Shared,2025-02-12,Pending,Shared available property options.
2170,1474,Email,2025-09-18,Pending,Scheduled follow-up call.
2171,2502,Email,2025-06-12,Failed,Shared available property options.
2172,1948,Email,2025-06-28,Completed,Scheduled follow-up call.
2173,2677,Email,2025-09-27,Failed,Customer requested more details.
2174,1178,Document Shared,2025-01-25,Failed,No response from customer.
2175,665,Email,2025-08-09,Completed,Shared available property options.
2176,12,WhatsApp,2025-07-12,Pending,Customer requested more details.
2177,1157,WhatsApp,2025-10-21,Failed,Scheduled follow-up call.
2178,304,Email,2025-06-08,Pending,No response from customer.
2179,1764,Follow-up,2025-04-15,Completed,Customer requested more details.
2180,2831,Call,2025-10-02,Failed,Sent lease and booking information.
2181,43,Call,2025-03-11,Failed,Sent lease and booking information.
2182,944,Follow-up,2025-05-30,Failed,Sent lease and booking information.
2183,2391,Email,2025-04-23,Pending,No response from customer.
2184,1350,Email,2025-04-16,Pending,Discussed budget and preferred location.
2185,2546,Site Visit,2025-09-02,Pending,Shared available property options.
2186,2412,Document Shared,2025-01-29,Failed,Customer requested more details.
2187,891,Email,2025-08-07,Completed,Sent lease and booking information.
2188,2475,Site Visit,2026-04-14,Completed,Shared available property options.
2189,1005,Document Shared,2025-03-28,Failed,Shared available property options.
2190,21,WhatsApp,2026-05-16,Pending,Sent lease and booking information.
2191,407,Call,2026-04-27,Completed,Sent lease and booking information.
2192,2667,Site Visit,2025-03-29,Completed,Customer requested more details.
2193,1015,WhatsApp,2026-04-28,Failed,Scheduled follow-up call.
2194,336,SMS,2025-05-12,Pending,Scheduled follow-up call.
2195,1839,Document Shared,2025-04-05,Failed,Sent lease and booking information.
2196,1148,SMS,2025-05-29,Pending,No response from customer.
2197,2447,Email,2025-04-21,Failed,No response from customer.
2198,2841,Email,2025-02-17,Pending,Shared available property options.
2199,1828,Site Visit,2025-05-16,Completed,Shared available property options.
2200,715,Email,2026-03-12,Pending,Sent lease and booking information.
2201,51,Email,2025-09-20,Pending,No response from customer.
2202,324,SMS,2026-06-05,Failed,Customer requested more details.
2203,789,Follow-up,2026-02-14,Completed,Customer requested more details.
2204,141,SMS,2026-03-18,Completed,Shared available property options.
2205,470,Email,2026-01-12,Completed,Discussed budget and preferred location.
2206,787,SMS,2026-03-31,Completed,Discussed budget and preferred location.
2207,1826,Document Shared,2025-11-19,Pending,Scheduled follow-up call.
2208,1358,WhatsApp,2025-03-31,Failed,No response from customer.
2209,1917,WhatsApp,2026-07-08,Pending,Scheduled follow-up call.
2210,964,Call,2025-04-21,Pending,Customer requested more details.
2211,373,Document Shared,2025-01-20,Pending,Discussed budget and preferred location.
2212,2542,Site Visit,2026-06-05,Failed,Discussed budget and preferred location.
2213,1693,Site Visit,2026-03-15,Completed,Shared available property options.
2214,2799,Email,2025-09-22,Pending,Customer requested more details.
2215,1180,Document Shared,2025-06-26,Failed,No response from customer.
2216,2339,SMS,2025-04-10,Completed,Discussed budget and preferred location.
2217,1672,SMS,2026-01-19,Failed,Scheduled follow-up call.
2218,106,Document Shared,2025-09-29,Completed,No response from customer.
2219,1444,Follow-up,2025-04-06,Pending,Discussed budget and preferred location.
2220,2718,Email,2025-12-26,Pending,Shared available property options.
2221,1682,Email,2025-03-14,Completed,No response from customer.
2222,2,Follow-up,2025-04-02,Completed,Shared available property options.
2223,2637,Call,2025-05-05,Pending,Shared available property options.
2224,2692,Email,2025-12-01,Completed,No response from customer.
2225,2138,Document Shared,2025-08-07,Completed,Customer requested more details.
2226,350,WhatsApp,2025-11-08,Failed,Sent lease and booking information.
2227,1287,Follow-up,2025-10-18,Failed,Customer requested more details.
2228,1063,Email,2025-07-11,Completed,Customer requested more details.
2229,2957,Site Visit,2025-06-04,Failed,Customer requested more details.
2230,2207,Site Visit,2025-08-29,Failed,Customer requested more details.
2231,2360,Site Visit,2025-07-12,Failed,Sent lease and booking information.
2232,445,Document Shared,2025-09-02,Pending,Scheduled follow-up call.
2233,2346,Site Visit,2026-01-10,Completed,Sent lease and booking information.
2234,952,Site Visit,2026-01-01,Failed,Scheduled follow-up call.
2235,36,Document Shared,2026-06-04,Completed,Discussed budget and preferred location.
2236,1108,Email,2026-01-14,Failed,Sent lease and booking information.
2237,1476,Site Visit,2025-08-04,Failed,Shared available property options.
2238,1799,Document Shared,2025-10-27,Completed,Scheduled follow-up call.
2239,1846,Document Shared,2025-06-16,Failed,Shared available property options.
2240,1409,WhatsApp,2025-05-25,Pending,Shared available property options.
2241,1196,Site Visit,2025-06-04,Failed,Customer requested more details.
2242,1400,SMS,2025-05-28,Failed,No response from customer.
2243,1709,Email,2025-07-29,Failed,No response from customer.
2244,1386,Call,2025-08-25,Failed,Discussed budget and preferred location.
2245,2607,Follow-up,2025-03-26,Completed,Customer requested more details.
2246,2939,Document Shared,2025-07-06,Completed,Shared available property options.
2247,2189,Email,2026-01-28,Failed,No response from customer.
2248,2935,Document Shared,2025-03-11,Failed,Discussed budget and preferred location.
2249,1301,Follow-up,2026-02-10,Failed,Customer requested more details.
2250,2774,SMS,2025-10-17,Failed,Discussed budget and preferred location.
2251,1244,SMS,2025-07-04,Completed,No response from customer.
2252,521,SMS,2025-12-20,Failed,No response from customer.
2253,1807,WhatsApp,2026-04-18,Pending,Sent lease and booking information.
2254,10,Email,2025-12-21,Failed,Customer requested more details.
2255,984,Site Visit,2026-01-20,Pending,Sent lease and booking information.
2256,2426,WhatsApp,2025-08-26,Failed,Discussed budget and preferred location.
2257,1657,Site Visit,2025-06-02,Completed,Discussed budget and preferred location.
2258,1661,WhatsApp,2026-02-07,Completed,Shared available property options.
2259,2730,Email,2025-07-20,Pending,Discussed budget and preferred location.
2260,2632,Document Shared,2025-09-17,Failed,Sent lease and booking information.
2261,2200,SMS,2026-02-22,Failed,Shared available property options.
2262,720,Call,2025-10-20,Completed,No response from customer.
2263,1073,Site Visit,2026-01-13,Pending,Shared available property options.
2264,859,Document Shared,2026-01-11,Completed,Scheduled follow-up call.
2265,1317,Site Visit,2025-05-23,Failed,Sent lease and booking information.
2266,1604,Follow-up,2025-11-06,Failed,Shared available property options.
2267,50,Document Shared,2026-03-20,Completed,Sent lease and booking information.
2268,2712,Call,2026-02-25,Pending,No response from customer.
2269,2579,Email,2025-04-24,Failed,Shared available property options.
2270,2905,Follow-up,2025-06-09,Pending,Discussed budget and preferred location.
2271,146,Call,2026-04-26,Completed,Discussed budget and preferred location.
2272,915,Site Visit,2025-09-19,Pending,Shared available property options.
2273,1463,Site Visit,2026-06-24,Failed,Shared available property options.
2274,2290,Site Visit,2026-03-10,Completed,Discussed budget and preferred location.
2275,581,Document Shared,2025-11-21,Failed,No response from customer.
2276,2735,Call,2025-05-10,Completed,Scheduled follow-up call.
2277,1585,Call,2025-11-08,Pending,Discussed budget and preferred location.
2278,483,WhatsApp,2025-02-28,Failed,Scheduled follow-up call.
2279,1250,WhatsApp,2026-03-28,Failed,Discussed budget and preferred location.
2280,673,Follow-up,2026-01-25,Failed,Shared available property options.
2281,631,Call,2025-11-16,Failed,Customer requested more details.
2282,2709,Document Shared,2025-08-09,Pending,No response from customer.
2283,662,Document Shared,2026-06-16,Pending,No response from customer.
2284,2853,Call,2025-10-21,Completed,Discussed budget and preferred location.
2285,2467,SMS,2026-06-22,Pending,Shared available property options.
2286,988,Site Visit,2025-05-18,Failed,No response from customer.
2287,1547,SMS,2025-03-07,Completed,Shared available property options.
2288,650,WhatsApp,2026-06-11,Pending,No response from customer.
2289,969,Email,2025-07-12,Pending,Discussed budget and preferred location.
2290,2638,Document Shared,2025-06-02,Pending,No response from customer.
2291,1101,Follow-up,2025-09-01,Failed,Scheduled follow-up call.
2292,2557,WhatsApp,2025-04-15,Pending,Shared available property options.
2293,441,Email,2025-10-03,Completed,Customer requested more details.
2294,921,Call,2026-02-03,Failed,No response from customer.
2295,770,SMS,2026-04-01,Pending,Sent lease and booking information.
2296,1344,Call,2025-01-16,Pending,No response from customer.
2297,1827,Follow-up,2026-04-26,Failed,Shared available property options.
2298,263,Call,2025-01-30,Completed,Customer requested more details.
2299,1578,WhatsApp,2025-07-01,Failed,Sent lease and booking information.
2300,2685,Follow-up,2025-09-27,Failed,Customer requested more details.
2301,2507,Follow-up,2025-06-03,Completed,Customer requested more details.
2302,999,WhatsApp,2026-05-01,Completed,Shared available property options.
2303,700,SMS,2025-10-23,Pending,Scheduled follow-up call.
2304,2350,SMS,2026-04-10,Failed,Shared available property options.
2305,1604,Email,2025-10-21,Failed,Discussed budget and preferred location.
2306,1242,Document Shared,2026-06-07,Completed,Discussed budget and preferred location.
2307,1126,Document Shared,2025-12-02,Failed,Sent lease and booking information.
2308,2602,Site Visit,2026-01-28,Completed,Discussed budget and preferred location.
2309,2336,Site Visit,2025-05-19,Pending,Customer requested more details.
2310,1191,Site Visit,2025-05-29,Completed,Shared available property options.
2311,2669,Email,2025-05-25,Completed,No response from customer.
2312,1006,Site Visit,2026-03-21,Pending,Shared available property options.
2313,36,SMS,2026-05-12,Completed,No response from customer.
2314,744,Email,2025-05-14,Pending,Shared available property options.
2315,1765,WhatsApp,2025-05-10,Pending,Discussed budget and preferred location.
2316,353,Call,2025-04-06,Pending,No response from customer.
2317,1923,Document Shared,2025-02-07,Completed,Shared available property options.
2318,73,SMS,2025-01-07,Pending,Customer requested more details.
2319,2696,Document Shared,2026-02-02,Pending,Customer requested more details.
2320,1377,Call,2025-06-24,Failed,Customer requested more details.
2321,1915,Follow-up,2025-11-19,Failed,Shared available property options.
2322,1094,Call,2025-11-10,Pending,Scheduled follow-up call.
2323,2473,SMS,2025-04-18,Completed,Discussed budget and preferred location.
2324,708,Site Visit,2025-11-18,Pending,Shared available property options.
2325,1805,Site Visit,2025-06-27,Failed,Sent lease and booking information.
2326,2609,Follow-up,2025-10-19,Failed,Discussed budget and preferred location.
2327,2876,Follow-up,2025-06-12,Completed,Customer requested more details.
2328,956,WhatsApp,2025-03-20,Pending,Customer requested more details.
2329,2565,Site Visit,2025-08-01,Completed,Shared available property options.
2330,2476,Follow-up,2026-02-21,Failed,Sent lease and booking information.
2331,160,SMS,2025-11-08,Failed,Sent lease and booking information.
2332,2197,Call,2025-08-02,Failed,No response from customer.
2333,2824,WhatsApp,2026-03-07,Pending,No response from customer.
2334,1736,Follow-up,2025-12-13,Pending,Discussed budget and preferred location.
2335,1586,SMS,2025-09-07,Pending,No response from customer.
2336,67,Follow-up,2025-12-19,Failed,Scheduled follow-up call.
2337,2429,Site Visit,2025-07-30,Pending,Customer requested more details.
2338,58,SMS,2025-05-21,Pending,Sent lease and booking information.
2339,342,WhatsApp,2025-11-14,Pending,Sent lease and booking information.
2340,1154,Follow-up,2025-11-12,Completed,Shared available property options.
2341,2775,Email,2025-08-09,Pending,Customer requested more details.
2342,1196,SMS,2025-07-10,Pending,Sent lease and booking information.
2343,2818,Follow-up,2025-11-30,Failed,Shared available property options.
2344,2662,Follow-up,2026-05-30,Pending,Scheduled follow-up call.
2345,1233,WhatsApp,2026-02-24,Completed,Scheduled follow-up call.
2346,2402,Document Shared,2025-10-08,Pending,No response from customer.
2347,1495,Email,2026-01-02,Completed,Discussed budget and preferred location.
2348,1822,Email,2025-01-23,Pending,No response from customer.
2349,116,Site Visit,2025-06-15,Completed,Scheduled follow-up call.
2350,662,Follow-up,2026-06-01,Failed,No response from customer.
2351,1466,Call,2026-05-07,Completed,Customer requested more details.
2352,2501,Follow-up,2026-04-13,Pending,Shared available property options.
2353,1869,SMS,2026-02-09,Pending,No response from customer.
2354,2335,Email,2025-05-12,Pending,Shared available property options.
2355,1017,Follow-up,2026-05-30,Pending,No response from customer.
2356,311,SMS,2025-04-17,Pending,Shared available property options.
2357,208,Document Shared,2026-04-12,Pending,Customer requested more details.
2358,2666,Site Visit,2026-07-03,Completed,Discussed budget and preferred location.
2359,2494,Email,2026-03-23,Failed,No response from customer.
2360,2718,Email,2025-12-25,Completed,Scheduled follow-up call.
2361,633,Email,2026-02-03,Completed,Customer requested more details.
2362,2103,Site Visit,2026-04-25,Completed,No response from customer.
2363,2960,Follow-up,2025-11-02,Completed,Shared available property options.
2364,657,Document Shared,2025-05-20,Pending,Shared available property options.
2365,1424,Email,2025-01-30,Failed,Sent lease and booking information.
2366,1932,Call,2025-03-15,Failed,Sent lease and booking information.
2367,2563,SMS,2025-10-17,Pending,Discussed budget and preferred location.
2368,1680,Document Shared,2025-09-15,Completed,Customer requested more details.
2369,237,Site Visit,2025-04-19,Completed,Discussed budget and preferred location.
2370,348,Email,2025-03-01,Completed,Sent lease and booking information.
2371,2675,SMS,2025-11-27,Pending,Scheduled follow-up call.
2372,630,Call,2025-02-04,Pending,Customer requested more details.
2373,1541,Follow-up,2025-06-07,Pending,Scheduled follow-up call.
2374,2004,WhatsApp,2026-05-27,Completed,No response from customer.
2375,1272,Document Shared,2025-03-28,Failed,Discussed budget and preferred location.
2376,364,Document Shared,2025-11-06,Failed,Customer requested more details.
2377,2369,Call,2025-07-31,Pending,Scheduled follow-up call.
2378,286,Email,2026-05-23,Pending,Scheduled follow-up call.
2379,149,WhatsApp,2025-07-15,Completed,Customer requested more details.
2380,1108,SMS,2026-01-15,Completed,No response from customer.
2381,2454,Document Shared,2025-07-24,Pending,Discussed budget and preferred location.
2382,456,Email,2025-11-22,Completed,Sent lease and booking information.
2383,1767,WhatsApp,2025-08-02,Failed,Customer requested more details.
2384,800,Document Shared,2026-03-06,Completed,Discussed budget and preferred location.
2385,1185,Site Visit,2026-06-09,Pending,Scheduled follow-up call.
2386,1013,Call,2026-03-29,Pending,No response from customer.
2387,2832,Email,2025-04-24,Pending,No response from customer.
2388,2508,WhatsApp,2025-09-25,Completed,No response from customer.
2389,1524,Site Visit,2025-10-28,Failed,Discussed budget and preferred location.
2390,2786,Email,2025-11-14,Pending,Scheduled follow-up call.
2391,2557,Email,2025-05-26,Failed,Shared available property options.
2392,481,Call,2026-02-23,Pending,Shared available property options.
2393,1687,Email,2025-02-25,Pending,Customer requested more details.
2394,2162,Email,2026-01-17,Failed,Discussed budget and preferred location.
2395,2797,WhatsApp,2026-06-05,Completed,Customer requested more details.
2396,1602,WhatsApp,2026-05-30,Completed,Customer requested more details.
2397,2409,Document Shared,2025-06-09,Failed,Discussed budget and preferred location.
2398,341,Call,2025-12-22,Pending,Sent lease and booking information.
2399,2818,WhatsApp,2025-12-24,Pending,Discussed budget and preferred location.
2400,2011,Follow-up,2025-03-21,Failed,Discussed budget and preferred location.
2401,2809,WhatsApp,2025-05-30,Failed,Customer requested more details.
2402,2497,Call,2025-11-04,Pending,Scheduled follow-up call.
2403,1867,Document Shared,2025-02-17,Completed,No response from customer.
2404,835,Site Visit,2025-06-18,Failed,Scheduled follow-up call.
2405,1204,Email,2026-04-24,Pending,Scheduled follow-up call.
2406,1726,Follow-up,2025-02-28,Failed,Discussed budget and preferred location.
2407,1690,Follow-up,2026-05-23,Pending,Discussed budget and preferred location.
2408,311,Site Visit,2025-05-07,Completed,Shared available property options.
2409,262,WhatsApp,2025-11-14,Failed,No response from customer.
2410,1443,Email,2026-03-30,Pending,No response from customer.
2411,406,Email,2025-02-23,Pending,Scheduled follow-up call.
2412,2191,WhatsApp,2025-08-23,Pending,Discussed budget and preferred location.
2413,342,SMS,2025-12-13,Failed,Scheduled follow-up call.
2414,1340,Document Shared,2025-04-27,Completed,Sent lease and booking information.
2415,244,Site Visit,2025-06-10,Completed,Customer requested more details.
2416,490,Call,2025-05-28,Completed,Customer requested more details.
2417,12,SMS,2025-06-14,Completed,Sent lease and booking information.
2418,561,Call,2026-01-10,Failed,Customer requested more details.
2419,42,WhatsApp,2026-01-28,Failed,Shared available property options.
2420,2726,Email,2025-02-07,Completed,Shared available property options.
2421,594,Email,2026-03-07,Pending,Scheduled follow-up call.
2422,1453,Site Visit,2025-10-13,Completed,Scheduled follow-up call.
2423,1827,Email,2026-05-20,Completed,Shared available property options.
2424,1694,SMS,2025-05-03,Pending,Scheduled follow-up call.
2425,134,Document Shared,2025-02-19,Failed,Discussed budget and preferred location.
2426,948,SMS,2025-03-09,Failed,Scheduled follow-up call.
2427,73,Call,2025-02-02,Pending,Shared available property options.
2428,399,Site Visit,2025-08-21,Pending,Sent lease and booking information.
2429,1429,SMS,2026-03-15,Failed,Discussed budget and preferred location.
2430,2626,WhatsApp,2025-10-25,Pending,Scheduled follow-up call.
2431,2907,Document Shared,2026-03-30,Completed,No response from customer.
2432,130,Follow-up,2025-04-17,Failed,Scheduled follow-up call.
2433,2979,Call,2025-07-20,Pending,No response from customer.
2434,1812,Site Visit,2025-08-29,Failed,Discussed budget and preferred location.
2435,2002,Call,2025-06-12,Failed,No response from customer.
2436,266,Call,2026-03-01,Completed,Scheduled follow-up call.
2437,1561,Document Shared,2025-07-27,Completed,Customer requested more details.
2438,1986,Email,2025-04-12,Failed,Sent lease and booking information.
2439,793,Follow-up,2025-02-12,Completed,Shared available property options.
2440,2301,Site Visit,2025-05-20,Failed,No response from customer.
2441,2870,Call,2026-02-07,Pending,Customer requested more details.
2442,1313,WhatsApp,2025-06-01,Pending,Scheduled follow-up call.
2443,164,WhatsApp,2025-05-01,Pending,Discussed budget and preferred location.
2444,95,Document Shared,2025-11-30,Failed,No response from customer.
2445,1806,Email,2025-09-13,Completed,No response from customer.
2446,2881,Follow-up,2025-06-09,Pending,Sent lease and booking information.
2447,1134,Document Shared,2026-06-07,Failed,Customer requested more details.
2448,2384,Document Shared,2025-12-08,Failed,Customer requested more details.
2449,822,Follow-up,2026-04-24,Pending,No response from customer.
2450,238,WhatsApp,2026-05-12,Failed,Discussed budget and preferred location.
2451,2429,WhatsApp,2025-06-21,Pending,Customer requested more details.
2452,2947,Email,2025-01-25,Pending,Customer requested more details.
2453,2531,Email,2026-02-22,Pending,Customer requested more details.
2454,1961,SMS,2026-05-28,Completed,Shared available property options.
2455,2950,Call,2026-03-08,Pending,Shared available property options.
2456,1049,Follow-up,2026-05-26,Failed,Discussed budget and preferred location.
2457,1677,WhatsApp,2026-01-23,Completed,Scheduled follow-up call.
2458,2530,Email,2025-04-29,Failed,No response from customer.
2459,2965,WhatsApp,2026-06-06,Pending,Customer requested more details.
2460,964,WhatsApp,2025-04-30,Failed,Scheduled follow-up call.
2461,537,Email,2025-11-08,Pending,Sent lease and booking information.
2462,1604,Site Visit,2025-09-30,Pending,Sent lease and booking information.
2463,1980,Follow-up,2026-03-11,Pending,Scheduled follow-up call.
2464,128,Email,2026-05-13,Pending,No response from customer.
2465,92,Call,2026-01-10,Completed,No response from customer.
2466,543,Follow-up,2025-07-05,Completed,Customer requested more details.
2467,846,Site Visit,2025-08-06,Completed,Customer requested more details.
2468,1682,SMS,2025-02-06,Completed,Discussed budget and preferred location.
2469,1852,Call,2026-02-19,Completed,Sent lease and booking information.
2470,2495,SMS,2025-12-19,Failed,Sent lease and booking information.
2471,390,SMS,2025-06-26,Completed,Sent lease and booking information.
2472,2720,WhatsApp,2026-03-10,Failed,No response from customer.
2473,1885,WhatsApp,2025-04-19,Failed,No response from customer.
2474,43,Call,2025-02-08,Completed,No response from customer.
2475,254,Site Visit,2026-06-11,Pending,Customer requested more details.
2476,1084,WhatsApp,2025-09-05,Failed,Discussed budget and preferred location.
2477,2711,Email,2025-08-18,Failed,Scheduled follow-up call.
2478,2515,Call,2025-12-18,Failed,No response from customer.
2479,2335,Site Visit,2025-05-04,Pending,Shared available property options.
2480,1541,Email,2025-05-18,Failed,Shared available property options.
2481,1954,Call,2025-12-07,Pending,Shared available property options.
2482,2826,Call,2025-11-27,Completed,Scheduled follow-up call.
2483,2393,WhatsApp,2025-06-14,Failed,No response from customer.
2484,642,Follow-up,2025-12-12,Failed,Discussed budget and preferred location.
2485,2430,Document Shared,2026-02-25,Failed,No response from customer.
2486,690,Follow-up,2026-05-27,Failed,Sent lease and booking information.
2487,1277,Site Visit,2025-03-28,Failed,Shared available property options.
2488,1951,Document Shared,2026-03-18,Failed,Shared available property options.
2489,1080,WhatsApp,2026-03-27,Failed,Discussed budget and preferred location.
2490,1487,Document Shared,2025-03-30,Completed,Sent lease and booking information.
2491,457,Document Shared,2026-04-06,Pending,Shared available property options.
2492,983,Email,2026-01-29,Failed,Scheduled follow-up call.
2493,2131,Document Shared,2025-05-27,Failed,Discussed budget and preferred location.
2494,1123,Document Shared,2025-03-13,Failed,No response from customer.
2495,149,Email,2025-08-04,Failed,Customer requested more details.
2496,1353,Site Visit,2026-03-17,Failed,Scheduled follow-up call.
2497,1180,Call,2025-06-28,Completed,Customer requested more details.
2498,190,Site Visit,2025-08-19,Completed,Scheduled follow-up call.
2499,883,WhatsApp,2025-03-06,Pending,Scheduled follow-up call.
2500,2311,WhatsApp,2025-11-08,Completed,Discussed budget and preferred location.
2501,400,Site Visit,2025-08-01,Completed,Discussed budget and preferred location.
2502,2812,Site Visit,2025-08-24,Failed,Customer requested more details.
2503,609,Document Shared,2025-08-30,Pending,No response from customer.
2504,1796,Follow-up,2025-03-12,Failed,Sent lease and booking information.
2505,1639,Email,2025-08-06,Failed,Shared available property options.
2506,1576,Call,2026-05-07,Completed,Discussed budget and preferred location.
2507,2833,Email,2025-06-16,Failed,Discussed budget and preferred location.
2508,2149,Document Shared,2025-05-22,Pending,Sent lease and booking information.
2509,1383,WhatsApp,2025-05-21,Completed,Shared available property options.
2510,1404,Call,2025-08-07,Failed,Customer requested more details.
2511,820,Follow-up,2025-03-28,Failed,No response from customer.
2512,820,WhatsApp,2025-03-07,Pending,Shared available property options.
2513,420,Site Visit,2025-08-08,Failed,Sent lease and booking information.
2514,124,WhatsApp,2026-02-23,Pending,Scheduled follow-up call.
2515,422,Call,2025-06-11,Failed,Scheduled follow-up call.
2516,1509,SMS,2025-02-27,Pending,Shared available property options.
2517,1598,Call,2025-08-01,Completed,Shared available property options.
2518,768,Follow-up,2026-01-24,Pending,Discussed budget and preferred location.
2519,2045,Call,2025-03-02,Pending,Shared available property options.
2520,2531,WhatsApp,2026-02-25,Pending,Shared available property options.
2521,2567,Site Visit,2026-01-01,Failed,Scheduled follow-up call.
2522,2203,Email,2026-02-17,Failed,Discussed budget and preferred location.
2523,2140,Follow-up,2025-11-30,Failed,No response from customer.
2524,1550,Call,2025-09-25,Completed,Sent lease and booking information.
2525,2503,Site Visit,2025-06-12,Failed,Discussed budget and preferred location.
2526,1765,Document Shared,2025-05-18,Failed,Shared available property options.
2527,2045,Document Shared,2025-03-17,Completed,Sent lease and booking information.
2528,2646,Site Visit,2025-06-09,Completed,Sent lease and booking information.
2529,510,Call,2025-12-24,Completed,Scheduled follow-up call.
2530,1207,SMS,2025-03-13,Failed,Shared available property options.
2531,386,Site Visit,2025-10-02,Pending,Customer requested more details.
2532,1598,Site Visit,2025-08-19,Pending,Customer requested more details.
2533,2453,Call,2025-12-02,Pending,Customer requested more details.
2534,2294,Call,2026-03-27,Failed,Scheduled follow-up call.
2535,742,Call,2025-10-28,Failed,Discussed budget and preferred location.
2536,2709,Document Shared,2025-07-02,Completed,Sent lease and booking information.
2537,2698,Call,2026-05-22,Pending,Shared available property options.
2538,1912,Site Visit,2025-06-06,Failed,Customer requested more details.
2539,1447,SMS,2025-08-04,Pending,No response from customer.
2540,901,Call,2025-09-10,Failed,Scheduled follow-up call.
2541,2113,WhatsApp,2025-04-29,Completed,Sent lease and booking information.
2542,2261,Email,2025-07-02,Pending,Discussed budget and preferred location.
2543,2010,Email,2025-12-24,Failed,Customer requested more details.
2544,242,Call,2025-04-17,Pending,Customer requested more details.
2545,2541,Follow-up,2026-04-08,Failed,No response from customer.
2546,2386,Follow-up,2025-08-21,Failed,Shared available property options.
2547,2021,WhatsApp,2026-03-15,Completed,Customer requested more details.
2548,173,SMS,2025-06-25,Failed,No response from customer.
2549,672,WhatsApp,2025-02-15,Completed,Scheduled follow-up call.
2550,164,Follow-up,2025-05-02,Completed,Discussed budget and preferred location.
2551,465,Document Shared,2026-01-10,Completed,No response from customer.
2552,497,Call,2025-05-20,Failed,Discussed budget and preferred location.
2553,700,Site Visit,2025-09-12,Failed,Sent lease and booking information.
2554,2443,Email,2025-06-29,Failed,Sent lease and booking information.
2555,703,Email,2025-07-08,Failed,Scheduled follow-up call.
2556,1941,WhatsApp,2025-04-21,Completed,Shared available property options.
2557,2356,Call,2025-11-04,Completed,Discussed budget and preferred location.
2558,1792,SMS,2025-11-07,Failed,Discussed budget and preferred location.
2559,183,WhatsApp,2025-09-20,Failed,Discussed budget and preferred location.
2560,629,Site Visit,2026-01-15,Completed,Shared available property options.
2561,2558,Follow-up,2026-04-04,Pending,No response from customer.
2562,1732,Document Shared,2025-07-10,Failed,Sent lease and booking information.
2563,546,Site Visit,2026-03-24,Pending,Sent lease and booking information.
2564,1588,Site Visit,2026-01-20,Pending,Shared available property options.
2565,624,Follow-up,2025-04-18,Pending,Scheduled follow-up call.
2566,594,SMS,2026-02-26,Failed,Scheduled follow-up call.
2567,744,Site Visit,2025-05-31,Completed,Sent lease and booking information.
2568,1769,WhatsApp,2026-05-09,Completed,Shared available property options.
2569,1460,Call,2026-06-14,Completed,Shared available property options.
2570,1949,Email,2025-03-23,Pending,Shared available property options.
2571,2602,Document Shared,2026-01-22,Failed,Scheduled follow-up call.
2572,2069,Document Shared,2025-03-02,Completed,Sent lease and booking information.
2573,2602,SMS,2025-12-28,Completed,No response from customer.
2574,2445,Document Shared,2025-03-16,Failed,Discussed budget and preferred location.
2575,2673,WhatsApp,2025-05-14,Failed,Shared available property options.
2576,105,Document Shared,2026-01-10,Pending,Sent lease and booking information.
2577,2240,WhatsApp,2026-01-25,Completed,Scheduled follow-up call.
2578,17,Document Shared,2025-10-14,Failed,Scheduled follow-up call.
2579,393,SMS,2025-11-12,Pending,Scheduled follow-up call.
2580,425,SMS,2026-02-05,Completed,Discussed budget and preferred location.
2581,2177,Call,2026-05-02,Completed,Customer requested more details.
2582,572,Site Visit,2026-02-17,Failed,No response from customer.
2583,2077,SMS,2025-05-03,Completed,Customer requested more details.
2584,1121,WhatsApp,2025-11-03,Completed,Scheduled follow-up call.
2585,242,Site Visit,2025-04-30,Completed,Shared available property options.
2586,2280,SMS,2026-04-11,Completed,Sent lease and booking information.
2587,789,Follow-up,2026-01-11,Pending,Scheduled follow-up call.
2588,715,Document Shared,2026-03-10,Failed,Customer requested more details.
2589,759,SMS,2026-06-22,Pending,Customer requested more details.
2590,2850,Call,2026-04-06,Completed,No response from customer.
2591,776,Site Visit,2025-07-24,Failed,Customer requested more details.
2592,2774,Site Visit,2025-10-19,Pending,Sent lease and booking information.
2593,2248,WhatsApp,2025-04-01,Completed,Scheduled follow-up call.
2594,2993,SMS,2025-08-16,Completed,Sent lease and booking information.
2595,79,Document Shared,2025-09-05,Failed,Shared available property options.
2596,856,Call,2025-03-20,Completed,Shared available property options.
2597,2515,Site Visit,2025-12-12,Failed,Sent lease and booking information.
2598,2629,Email,2025-04-28,Completed,No response from customer.
2599,1440,SMS,2025-05-21,Completed,Sent lease and booking information.
2600,2988,Call,2025-07-04,Failed,Scheduled follow-up call.
2601,2497,Call,2025-11-05,Completed,Shared available property options.
2602,2135,Email,2025-05-10,Failed,Scheduled follow-up call.
2603,2149,SMS,2025-05-24,Failed,Shared available property options.
2604,1032,Follow-up,2025-03-12,Failed,Discussed budget and preferred location.
2605,845,Site Visit,2025-10-28,Pending,Discussed budget and preferred location.
2606,87,WhatsApp,2025-11-16,Pending,No response from customer.
2607,2091,Site Visit,2025-08-31,Failed,Discussed budget and preferred location.
2608,408,Email,2025-03-16,Failed,Shared available property options.
2609,2712,SMS,2026-01-19,Failed,Scheduled follow-up call.
2610,1669,Call,2025-02-02,Completed,Sent lease and booking information.
2611,148,WhatsApp,2026-03-03,Failed,No response from customer.
2612,2325,Call,2025-03-24,Failed,Shared available property options.
2613,232,Site Visit,2025-08-10,Completed,Discussed budget and preferred location.
2614,1951,Site Visit,2026-04-08,Failed,Shared available property options.
2615,366,Follow-up,2026-01-01,Pending,No response from customer.
2616,1675,Document Shared,2026-02-15,Pending,Customer requested more details.
2617,436,Email,2025-04-01,Failed,Customer requested more details.
2618,399,Follow-up,2025-07-29,Pending,Customer requested more details.
2619,1235,Email,2026-01-10,Completed,No response from customer.
2620,1415,Email,2026-03-06,Completed,No response from customer.
2621,2547,Document Shared,2026-01-10,Failed,Shared available property options.
2622,2588,Follow-up,2025-07-13,Failed,No response from customer.
2623,563,Email,2026-05-26,Pending,Sent lease and booking information.
2624,2490,Follow-up,2026-04-18,Completed,Customer requested more details.
2625,1285,Follow-up,2025-04-14,Pending,Customer requested more details.
2626,773,Email,2026-01-02,Failed,Customer requested more details.
2627,2398,SMS,2025-07-21,Pending,No response from customer.
2628,2038,WhatsApp,2026-01-05,Completed,No response from customer.
2629,2568,Site Visit,2025-07-13,Failed,Customer requested more details.
2630,1344,Call,2025-01-14,Completed,Discussed budget and preferred location.
2631,2186,SMS,2025-02-21,Pending,No response from customer.
2632,1574,Email,2025-09-17,Pending,Sent lease and booking information.
2633,992,WhatsApp,2025-10-02,Pending,Scheduled follow-up call.
2634,2416,Document Shared,2025-07-29,Pending,Scheduled follow-up call.
2635,1247,Call,2025-04-23,Completed,Shared available property options.
2636,360,Call,2025-10-29,Failed,Scheduled follow-up call.
2637,921,Call,2026-02-04,Completed,Customer requested more details.
2638,2377,Email,2026-06-19,Completed,Shared available property options.
2639,2511,Follow-up,2025-08-22,Completed,Sent lease and booking information.
2640,2994,Call,2025-05-08,Failed,Scheduled follow-up call.
2641,963,Call,2026-01-15,Failed,Scheduled follow-up call.
2642,1828,Follow-up,2025-05-13,Failed,Customer requested more details.
2643,2884,Call,2026-05-11,Pending,Shared available property options.
2644,1614,Document Shared,2025-02-28,Failed,Discussed budget and preferred location.
2645,1641,Call,2025-11-22,Failed,Customer requested more details.
2646,2217,Site Visit,2026-01-18,Failed,Customer requested more details.
2647,217,Document Shared,2026-01-28,Pending,Sent lease and booking information.
2648,378,Site Visit,2026-05-17,Pending,Sent lease and booking information.
2649,119,SMS,2026-04-13,Failed,Shared available property options.
2650,190,WhatsApp,2025-09-01,Failed,Discussed budget and preferred location.
2651,2815,SMS,2025-10-27,Failed,Shared available property options.
2652,370,SMS,2025-12-02,Failed,Discussed budget and preferred location.
2653,1802,Follow-up,2025-04-03,Failed,Shared available property options.
2654,2197,Call,2025-08-07,Completed,Shared available property options.
2655,652,SMS,2025-08-07,Completed,Customer requested more details.
2656,1883,Document Shared,2025-12-19,Completed,Shared available property options.
2657,1512,WhatsApp,2025-09-17,Completed,No response from customer.
2658,770,Call,2026-04-16,Failed,No response from customer.
2659,2422,Document Shared,2025-04-10,Pending,Sent lease and booking information.
2660,781,Document Shared,2026-05-22,Completed,Discussed budget and preferred location.
2661,1717,Email,2026-05-26,Completed,Customer requested more details.
2662,2208,WhatsApp,2026-02-21,Pending,Discussed budget and preferred location.
2663,2399,Follow-up,2025-11-20,Pending,Customer requested more details.
2664,1312,Site Visit,2025-05-25,Pending,Sent lease and booking information.
2665,2940,Document Shared,2025-06-16,Failed,Customer requested more details.
2666,1250,Call,2026-03-25,Pending,Shared available property options.
2667,523,WhatsApp,2025-04-11,Pending,Discussed budget and preferred location.
2668,522,Call,2025-06-22,Pending,Sent lease and booking information.
2669,783,WhatsApp,2025-08-09,Failed,No response from customer.
2670,2321,Site Visit,2026-01-01,Pending,Discussed budget and preferred location.
2671,936,WhatsApp,2026-02-02,Completed,Shared available property options.
2672,2231,Document Shared,2026-01-10,Completed,Customer requested more details.
2673,1689,Follow-up,2025-10-13,Failed,Shared available property options.
2674,488,Document Shared,2025-05-09,Pending,Discussed budget and preferred location.
2675,1851,Document Shared,2026-01-25,Pending,No response from customer.
2676,846,Site Visit,2025-07-30,Pending,Shared available property options.
2677,2172,Email,2026-06-07,Completed,Customer requested more details.
2678,2838,Email,2026-01-24,Pending,Sent lease and booking information.
2679,2462,Email,2026-02-12,Failed,Scheduled follow-up call.
2680,2004,WhatsApp,2026-04-21,Pending,Sent lease and booking information.
2681,1749,Follow-up,2025-02-26,Completed,Customer requested more details.
2682,686,Document Shared,2026-02-14,Pending,Discussed budget and preferred location.
2683,2161,SMS,2025-07-07,Failed,Scheduled follow-up call.
2684,2936,Call,2025-10-15,Completed,Discussed budget and preferred location.
2685,2170,Call,2026-01-21,Completed,No response from customer.
2686,1568,Site Visit,2026-05-10,Pending,Shared available property options.
2687,1246,Call,2026-03-07,Completed,Scheduled follow-up call.
2688,39,Site Visit,2026-04-24,Failed,Sent lease and booking information.
2689,2545,WhatsApp,2025-05-15,Completed,No response from customer.
2690,780,SMS,2026-04-15,Failed,No response from customer.
2691,1257,Follow-up,2025-06-17,Completed,Customer requested more details.
2692,2991,Document Shared,2026-05-31,Completed,No response from customer.
2693,2197,Follow-up,2025-07-20,Pending,Sent lease and booking information.
2694,2709,Email,2025-07-29,Completed,No response from customer.
2695,1928,Follow-up,2025-12-14,Failed,Discussed budget and preferred location.
2696,302,WhatsApp,2025-06-12,Failed,No response from customer.
2697,2286,Email,2025-02-14,Pending,Sent lease and booking information.
2698,647,Document Shared,2025-07-20,Pending,Shared available property options.
2699,663,SMS,2025-11-08,Completed,Discussed budget and preferred location.
2700,2284,Follow-up,2025-01-10,Pending,Discussed budget and preferred location.
2701,1760,Site Visit,2025-06-30,Failed,Discussed budget and preferred location.
2702,2251,Site Visit,2025-10-29,Failed,Shared available property options.
2703,256,WhatsApp,2025-04-02,Pending,Customer requested more details.
2704,598,SMS,2025-06-03,Completed,Sent lease and booking information.
2705,662,Document Shared,2026-06-27,Failed,No response from customer.
2706,235,WhatsApp,2025-10-28,Pending,No response from customer.
2707,1369,Follow-up,2026-05-01,Pending,Shared available property options.
2708,2582,WhatsApp,2025-02-15,Pending,Shared available property options.
2709,2908,Follow-up,2026-03-29,Pending,Customer requested more details.
2710,770,Email,2026-04-12,Completed,Discussed budget and preferred location.
2711,2589,Email,2025-07-29,Completed,Scheduled follow-up call.
2712,213,Email,2026-06-27,Pending,No response from customer.
2713,463,Follow-up,2025-10-23,Pending,Shared available property options.
2714,2484,Call,2025-03-09,Pending,Discussed budget and preferred location.
2715,283,Follow-up,2026-06-09,Failed,Customer requested more details.
2716,1487,Document Shared,2025-03-19,Failed,Customer requested more details.
2717,1431,WhatsApp,2025-08-06,Pending,Customer requested more details.
2718,88,Follow-up,2026-03-08,Failed,Scheduled follow-up call.
2719,1068,WhatsApp,2025-03-20,Completed,No response from customer.
2720,461,WhatsApp,2026-04-20,Pending,Discussed budget and preferred location.
2721,2326,Call,2026-02-25,Failed,Discussed budget and preferred location.
2722,2469,WhatsApp,2026-02-18,Pending,Discussed budget and preferred location.
2723,1725,Site Visit,2026-05-02,Failed,Customer requested more details.
2724,1377,Site Visit,2025-06-07,Pending,Scheduled follow-up call.
2725,2744,Email,2026-02-27,Failed,Scheduled follow-up call.
2726,515,Call,2025-05-16,Failed,Sent lease and booking information.
2727,703,Call,2025-06-08,Failed,Scheduled follow-up call.
2728,1654,Call,2026-03-18,Pending,Sent lease and booking information.
2729,2067,Call,2026-04-25,Pending,No response from customer.
2730,23,Document Shared,2025-03-07,Failed,No response from customer.
2731,2461,Follow-up,2026-06-20,Completed,Shared available property options.
2732,1054,WhatsApp,2025-12-07,Completed,No response from customer.
2733,1831,WhatsApp,2026-03-01,Completed,Shared available property options.
2734,2156,SMS,2025-03-12,Completed,Scheduled follow-up call.
2735,1305,SMS,2026-03-23,Completed,Shared available property options.
2736,1135,Follow-up,2026-02-22,Pending,Discussed budget and preferred location.
2737,2184,WhatsApp,2026-01-18,Failed,Scheduled follow-up call.
2738,362,Follow-up,2025-02-27,Completed,Scheduled follow-up call.
2739,2177,WhatsApp,2026-05-02,Failed,Sent lease and booking information.
2740,1900,WhatsApp,2025-07-03,Pending,Sent lease and booking information.
2741,1285,Follow-up,2025-03-29,Pending,Sent lease and booking information.
2742,515,Document Shared,2025-05-20,Failed,Discussed budget and preferred location.
2743,449,Email,2025-06-28,Completed,Customer requested more details.
2744,1924,Document Shared,2026-05-08,Completed,Discussed budget and preferred location.
2745,1507,WhatsApp,2025-09-23,Pending,Discussed budget and preferred location.
2746,1248,WhatsApp,2025-06-23,Pending,Scheduled follow-up call.
2747,1856,SMS,2026-01-04,Failed,Customer requested more details.
2748,874,Site Visit,2025-11-18,Pending,No response from customer.
2749,2521,SMS,2025-12-18,Failed,Discussed budget and preferred location.
2750,1429,Site Visit,2026-04-17,Pending,No response from customer.
2751,2350,Document Shared,2026-03-24,Completed,Scheduled follow-up call.
2752,2279,Document Shared,2025-11-21,Failed,Scheduled follow-up call.
2753,1755,WhatsApp,2026-01-03,Pending,Customer requested more details.
2754,923,SMS,2026-03-13,Pending,Sent lease and booking information.
2755,2985,Follow-up,2026-04-08,Completed,Sent lease and booking information.
2756,2160,Call,2025-05-06,Pending,Sent lease and booking information.
2757,1037,Site Visit,2026-06-04,Pending,Scheduled follow-up call.
2758,1417,Document Shared,2025-01-13,Pending,No response from customer.
2759,2548,Document Shared,2025-01-09,Pending,Shared available property options.
2760,2980,SMS,2025-05-02,Pending,No response from customer.
2761,2646,Call,2025-06-06,Failed,Discussed budget and preferred location.
2762,2282,Document Shared,2026-06-09,Pending,Discussed budget and preferred location.
2763,2650,Follow-up,2025-09-30,Completed,No response from customer.
2764,314,Email,2025-03-19,Pending,No response from customer.
2765,2614,Follow-up,2026-05-09,Pending,Customer requested more details.
2766,2257,Site Visit,2026-06-09,Completed,Customer requested more details.
2767,1998,Email,2025-12-24,Pending,Shared available property options.
2768,1038,Follow-up,2026-02-23,Failed,No response from customer.
2769,1657,WhatsApp,2025-06-05,Failed,No response from customer.
2770,2635,Document Shared,2025-08-24,Pending,Sent lease and booking information.
2771,1779,Follow-up,2025-10-11,Completed,Sent lease and booking information.
2772,1015,Follow-up,2026-05-09,Pending,Scheduled follow-up call.
2773,1094,Site Visit,2025-11-29,Pending,Discussed budget and preferred location.
2774,1125,WhatsApp,2026-06-11,Failed,Shared available property options.
2775,698,Document Shared,2026-06-09,Completed,No response from customer.
2776,2180,Document Shared,2025-12-05,Failed,Shared available property options.
2777,1405,WhatsApp,2025-04-30,Failed,Customer requested more details.
2778,1156,WhatsApp,2025-05-07,Pending,Discussed budget and preferred location.
2779,1044,Email,2026-03-10,Failed,Sent lease and booking information.
2780,1930,WhatsApp,2025-12-17,Pending,Discussed budget and preferred location.
2781,2584,SMS,2025-04-08,Pending,Scheduled follow-up call.
2782,1014,Document Shared,2026-04-13,Completed,Sent lease and booking information.
2783,227,Site Visit,2025-12-09,Pending,No response from customer.
2784,1829,Email,2025-06-01,Failed,Discussed budget and preferred location.
2785,1493,Call,2025-06-07,Failed,Discussed budget and preferred location.
2786,822,WhatsApp,2026-05-26,Completed,No response from customer.
2787,2024,Document Shared,2025-12-01,Failed,Shared available property options.
2788,871,Follow-up,2025-07-19,Failed,Scheduled follow-up call.
2789,2453,WhatsApp,2025-12-02,Completed,Scheduled follow-up call.
2790,2250,WhatsApp,2025-12-17,Completed,Sent lease and booking information.
2791,2086,Call,2025-01-23,Failed,Discussed budget and preferred location.
2792,2990,Follow-up,2026-05-04,Completed,Shared available property options.
2793,1796,Document Shared,2025-02-23,Failed,Sent lease and booking information.
2794,188,Email,2025-04-02,Pending,Shared available property options.
2795,1081,Email,2026-05-16,Failed,Scheduled follow-up call.
2796,941,Email,2025-09-21,Pending,Customer requested more details.
2797,2321,Follow-up,2026-01-03,Completed,No response from customer.
2798,2631,WhatsApp,2026-05-22,Failed,Scheduled follow-up call.
2799,2564,WhatsApp,2026-03-29,Completed,Sent lease and booking information.
2800,526,Follow-up,2025-09-14,Completed,Sent lease and booking information.
2801,336,SMS,2025-06-11,Pending,Discussed budget and preferred location.
2802,2746,Document Shared,2025-05-13,Completed,No response from customer.
2803,1079,Follow-up,2026-05-29,Completed,Discussed budget and preferred location.
2804,2548,SMS,2025-01-11,Completed,Shared available property options.
2805,2948,Call,2025-08-17,Pending,Scheduled follow-up call.
2806,2814,Follow-up,2025-11-08,Completed,Customer requested more details.
2807,2584,WhatsApp,2025-04-09,Failed,Discussed budget and preferred location.
2808,162,SMS,2025-05-26,Completed,Discussed budget and preferred location.
2809,594,SMS,2026-03-02,Completed,Sent lease and booking information.
2810,1939,WhatsApp,2026-05-12,Pending,Scheduled follow-up call.
2811,2207,Site Visit,2025-09-07,Failed,Discussed budget and preferred location.
2812,60,Call,2026-02-28,Failed,No response from customer.
2813,2963,Site Visit,2026-05-24,Failed,Scheduled follow-up call.
2814,1902,WhatsApp,2026-03-13,Completed,Scheduled follow-up call.
2815,2259,Call,2025-08-24,Failed,No response from customer.
2816,406,SMS,2025-03-16,Pending,No response from customer.
2817,664,SMS,2025-08-01,Completed,Shared available property options.
2818,1133,Email,2026-05-05,Failed,Discussed budget and preferred location.
2819,1100,Email,2026-06-02,Completed,Shared available property options.
2820,542,SMS,2026-03-20,Pending,Sent lease and booking information.
2821,1338,WhatsApp,2025-08-20,Completed,Customer requested more details.
2822,998,Site Visit,2026-03-03,Completed,Shared available property options.
2823,1141,SMS,2025-10-26,Pending,Scheduled follow-up call.
2824,2975,SMS,2026-02-11,Failed,No response from customer.
2825,868,Site Visit,2026-01-10,Pending,Scheduled follow-up call.
2826,2067,Document Shared,2026-05-02,Pending,Scheduled follow-up call.
2827,432,Call,2026-03-08,Completed,Scheduled follow-up call.
2828,740,Email,2026-04-01,Failed,No response from customer.
2829,1374,SMS,2026-01-01,Completed,Shared available property options.
2830,183,Follow-up,2025-09-30,Completed,No response from customer.
2831,2161,Call,2025-07-21,Failed,Discussed budget and preferred location.
2832,1207,Call,2025-02-25,Failed,Sent lease and booking information.
2833,2529,Email,2025-02-23,Failed,No response from customer.
2834,1170,Site Visit,2026-02-23,Failed,Scheduled follow-up call.
2835,831,WhatsApp,2025-12-09,Completed,Shared available property options.
2836,1652,Call,2026-01-01,Pending,Discussed budget and preferred location.
2837,1137,Document Shared,2025-04-02,Completed,Shared available property options.
2838,2811,SMS,2025-07-10,Failed,No response from customer.
2839,476,Follow-up,2026-06-02,Completed,Discussed budget and preferred location.
2840,2811,Call,2025-06-18,Failed,Customer requested more details.
2841,1327,Site Visit,2025-03-22,Pending,Discussed budget and preferred location.
2842,971,Follow-up,2026-05-23,Failed,Customer requested more details.
2843,1020,Document Shared,2026-04-24,Failed,Scheduled follow-up call.
2844,1142,Call,2026-06-05,Pending,Scheduled follow-up call.
2845,1837,WhatsApp,2025-06-30,Completed,No response from customer.
2846,161,Site Visit,2026-06-04,Failed,Scheduled follow-up call.
2847,2449,WhatsApp,2025-10-26,Pending,Customer requested more details.
2848,198,Site Visit,2026-01-31,Completed,No response from customer.
2849,1284,Document Shared,2025-10-07,Pending,Customer requested more details.
2850,660,Document Shared,2026-04-13,Pending,Sent lease and booking information.
2851,1776,Document Shared,2025-04-25,Failed,No response from customer.
2852,1071,Site Visit,2025-10-17,Pending,Discussed budget and preferred location.
2853,2011,Follow-up,2025-03-31,Failed,Discussed budget and preferred location.
2854,399,SMS,2025-08-18,Failed,Sent lease and booking information.
2855,1734,SMS,2026-03-17,Pending,Discussed budget and preferred location.
2856,1583,Document Shared,2026-01-29,Completed,Customer requested more details.
2857,2126,Document Shared,2026-03-27,Completed,No response from customer.
2858,2172,SMS,2026-06-22,Failed,Discussed budget and preferred location.
2859,75,Email,2025-03-20,Completed,Scheduled follow-up call.
2860,2185,Call,2026-01-17,Failed,Customer requested more details.
2861,602,Email,2025-05-17,Completed,Discussed budget and preferred location.
2862,837,SMS,2025-05-16,Pending,Customer requested more details.
2863,1529,WhatsApp,2025-11-02,Failed,Sent lease and booking information.
2864,500,Site Visit,2025-04-17,Failed,Sent lease and booking information.
2865,1597,Follow-up,2026-05-11,Completed,Customer requested more details.
2866,138,Call,2026-05-03,Completed,Sent lease and booking information.
2867,2098,Site Visit,2026-01-01,Failed,Discussed budget and preferred location.
2868,1795,WhatsApp,2025-09-29,Failed,Shared available property options.
2869,973,Site Visit,2025-09-26,Failed,Customer requested more details.
2870,1643,Email,2025-07-05,Completed,Scheduled follow-up call.
2871,1886,SMS,2026-03-14,Pending,Discussed budget and preferred location.
2872,2302,Document Shared,2026-01-20,Failed,Customer requested more details.
2873,2029,Email,2025-06-26,Pending,Shared available property options.
2874,2758,Document Shared,2025-12-28,Failed,Discussed budget and preferred location.
2875,1901,Document Shared,2025-06-14,Completed,No response from customer.
2876,2611,Call,2025-03-28,Completed,No response from customer.
2877,2805,SMS,2025-09-24,Pending,No response from customer.
2878,1450,SMS,2025-06-26,Failed,Shared available property options.
2879,547,Email,2026-03-30,Failed,Scheduled follow-up call.
2880,922,SMS,2025-07-03,Completed,No response from customer.
2881,581,SMS,2025-12-14,Pending,Scheduled follow-up call.
2882,1373,WhatsApp,2025-09-23,Completed,Customer requested more details.
2883,1957,SMS,2026-03-28,Completed,Sent lease and booking information.
2884,2004,Document Shared,2026-05-21,Failed,Shared available property options.
2885,2097,WhatsApp,2026-06-09,Failed,Shared available property options.
2886,2965,Site Visit,2026-06-12,Failed,No response from customer.
2887,704,SMS,2025-07-15,Failed,Discussed budget and preferred location.
2888,2309,Document Shared,2026-01-07,Pending,Shared available property options.
2889,2404,WhatsApp,2025-07-20,Pending,Discussed budget and preferred location.
2890,1626,WhatsApp,2026-02-02,Pending,Discussed budget and preferred location.
2891,638,Document Shared,2025-10-19,Pending,Shared available property options.
2892,2791,Email,2025-05-28,Completed,Scheduled follow-up call.
2893,1010,Call,2026-06-13,Failed,Customer requested more details.
2894,2979,WhatsApp,2025-07-20,Pending,Discussed budget and preferred location.
2895,641,Site Visit,2026-02-21,Completed,Customer requested more details.
2896,2840,Email,2025-09-02,Pending,Shared available property options.
2897,2660,WhatsApp,2025-03-11,Completed,Sent lease and booking information.
2898,1862,Call,2025-07-26,Completed,Sent lease and booking information.
2899,2857,Email,2026-01-17,Failed,Shared available property options.
2900,1206,Document Shared,2025-06-26,Completed,Discussed budget and preferred location.
2901,686,WhatsApp,2026-02-12,Completed,Scheduled follow-up call.
2902,1852,Follow-up,2026-03-05,Completed,Customer requested more details.
2903,188,Email,2025-04-12,Completed,No response from customer.
2904,1620,Document Shared,2026-01-21,Pending,Shared available property options.
2905,1688,Call,2025-08-05,Pending,Shared available property options.
2906,985,Document Shared,2026-02-14,Failed,Sent lease and booking information.
2907,548,Email,2025-05-18,Pending,No response from customer.
2908,2773,Email,2025-06-03,Pending,Discussed budget and preferred location.
2909,2974,Site Visit,2026-02-15,Pending,Discussed budget and preferred location.
2910,1432,Email,2026-01-28,Failed,Sent lease and booking information.
2911,876,SMS,2025-06-20,Completed,Shared available property options.
2912,618,Call,2025-10-31,Completed,No response from customer.
2913,2462,Site Visit,2026-02-09,Pending,Sent lease and booking information.
2914,1366,Document Shared,2026-03-29,Pending,Shared available property options.
2915,1244,Site Visit,2025-07-21,Pending,Discussed budget and preferred location.
2916,903,Email,2025-01-21,Completed,No response from customer.
2917,163,Document Shared,2025-11-28,Pending,Customer requested more details.
2918,1975,SMS,2025-05-11,Pending,Shared available property options.
2919,270,Follow-up,2025-09-23,Pending,Discussed budget and preferred location.
2920,632,WhatsApp,2025-11-08,Pending,Shared available property options.
2921,906,SMS,2025-10-18,Pending,Shared available property options.
2922,2015,Document Shared,2025-05-27,Pending,Discussed budget and preferred location.
2923,1642,Call,2026-03-11,Completed,Discussed budget and preferred location.
2924,205,Call,2025-02-18,Failed,Discussed budget and preferred location.
2925,582,SMS,2025-06-08,Completed,No response from customer.
2926,1580,Site Visit,2025-05-26,Completed,Scheduled follow-up call.
2927,841,Document Shared,2025-07-20,Pending,Discussed budget and preferred location.
2928,1837,Email,2025-06-24,Pending,No response from customer.
2929,1252,Call,2025-03-06,Pending,Scheduled follow-up call.
2930,1720,SMS,2026-06-17,Completed,Shared available property options.
2931,1643,SMS,2025-06-27,Failed,Shared available property options.
2932,2644,WhatsApp,2025-01-19,Completed,Sent lease and booking information.
2933,2298,Follow-up,2025-10-06,Completed,Customer requested more details.
2934,875,SMS,2025-02-24,Completed,No response from customer.
2935,1465,SMS,2025-09-13,Failed,Sent lease and booking information.
2936,2244,Email,2025-07-31,Failed,No response from customer.
2937,690,WhatsApp,2026-06-01,Failed,Shared available property options.
2938,2011,Follow-up,2025-03-01,Failed,Scheduled follow-up call.
2939,2687,Email,2025-05-08,Failed,Discussed budget and preferred location.
2940,1423,Document Shared,2025-03-17,Failed,No response from customer.
2941,2002,Follow-up,2025-05-23,Pending,Customer requested more details.
2942,672,Document Shared,2025-02-17,Pending,No response from customer.
2943,1172,Follow-up,2025-10-06,Completed,No response from customer.
2944,1496,Site Visit,2026-06-18,Failed,Shared available property options.
2945,944,Site Visit,2025-06-21,Failed,Customer requested more details.
2946,2247,Call,2025-07-14,Pending,Shared available property options.
2947,1450,SMS,2025-06-28,Failed,Discussed budget and preferred location.
2948,2540,Document Shared,2025-02-25,Pending,No response from customer.
2949,896,Document Shared,2026-06-12,Pending,Scheduled follow-up call.
2950,2190,Call,2025-12-03,Completed,Scheduled follow-up call.
2951,1337,Follow-up,2025-04-05,Completed,No response from customer.
2952,165,Follow-up,2025-06-02,Completed,Shared available property options.
2953,2362,Follow-up,2025-01-22,Pending,Scheduled follow-up call.
2954,2069,Email,2025-03-09,Completed,Shared available property options.
2955,1106,Email,2025-06-01,Pending,No response from customer.
2956,1754,Document Shared,2026-04-30,Failed,No response from customer.
2957,2353,SMS,2025-11-12,Completed,Shared available property options.
2958,1939,Site Visit,2026-05-10,Completed,Scheduled follow-up call.
2959,371,WhatsApp,2026-02-07,Failed,Scheduled follow-up call.
2960,1881,Site Visit,2025-05-07,Pending,Shared available property options.
2961,853,Email,2026-02-14,Completed,Scheduled follow-up call.
2962,384,Follow-up,2025-09-14,Pending,Customer requested more details.
2963,1932,SMS,2025-04-06,Completed,Shared available property options.
2964,2493,WhatsApp,2025-09-15,Pending,Discussed budget and preferred location.
2965,425,SMS,2026-02-01,Failed,Scheduled follow-up call.
2966,2209,Document Shared,2026-01-09,Pending,Discussed budget and preferred location.
2967,629,SMS,2026-01-30,Pending,No response from customer.
2968,895,WhatsApp,2025-10-28,Completed,Customer requested more details.
2969,2538,SMS,2025-04-07,Pending,Shared available property options.
2970,2375,SMS,2026-04-27,Pending,Scheduled follow-up call.
2971,598,Site Visit,2025-05-26,Pending,Sent lease and booking information.
2972,2337,Call,2025-11-21,Failed,No response from customer.
2973,593,Site Visit,2026-04-23,Completed,Shared available property options.
2974,1688,WhatsApp,2025-08-18,Pending,No response from customer.
2975,573,SMS,2025-09-07,Failed,Sent lease and booking information.
2976,2076,SMS,2026-02-14,Failed,Scheduled follow-up call.
2977,2091,Follow-up,2025-08-28,Failed,Discussed budget and preferred location.
2978,1705,Document Shared,2025-05-25,Completed,Shared available property options.
2979,2471,Document Shared,2025-10-05,Failed,Shared available property options.
2980,177,Follow-up,2025-07-04,Completed,Shared available property options.
2981,529,Document Shared,2026-03-19,Pending,Discussed budget and preferred location.
2982,1634,WhatsApp,2025-12-17,Pending,Shared available property options.
2983,966,Call,2025-10-02,Failed,Customer requested more details.
2984,1518,Document Shared,2025-01-28,Failed,Discussed budget and preferred location.
2985,198,Call,2026-01-26,Completed,No response from customer.
2986,2658,Site Visit,2025-10-17,Failed,No response from customer.
2987,2890,Email,2026-03-29,Completed,Shared available property options.
2988,853,SMS,2026-01-27,Completed,No response from customer.
2989,1538,Call,2025-04-15,Completed,Discussed budget and preferred location.
2990,2070,SMS,2025-11-25,Failed,Sent lease and booking information.
2991,1081,Follow-up,2026-05-11,Failed,Sent lease and booking information.
2992,2890,Call,2026-04-13,Completed,Scheduled follow-up call.
2993,98,Site Visit,2025-12-19,Pending,Discussed budget and preferred location.
2994,1904,Document Shared,2025-05-11,Completed,Sent lease and booking information.
2995,435,Call,2026-03-23,Failed,Customer requested more details.
2996,637,WhatsApp,2026-06-11,Pending,Sent lease and booking information.
2997,588,Call,2026-06-10,Pending,Shared available property options.
2998,344,Email,2025-10-22,Pending,Shared available property options.
2999,1318,Email,2026-01-17,Completed,Sent lease and booking information.
3000,1980,WhatsApp,2026-03-23,Pending,Customer requested more details.
3001,571,SMS,2026-01-06,Pending,Sent lease and booking information.
3002,611,SMS,2025-02-13,Pending,Scheduled follow-up call.
3003,1728,Site Visit,2025-04-19,Completed,Discussed budget and preferred location.
3004,2291,SMS,2025-11-28,Failed,Sent lease and booking information.
3005,1855,SMS,2026-05-26,Completed,Customer requested more details.
3006,2609,Email,2025-10-20,Pending,Customer requested more details.
3007,960,Call,2026-06-08,Pending,Shared available property options.
3008,2080,Follow-up,2025-05-25,Failed,No response from customer.
3009,2439,Document Shared,2025-03-31,Pending,Customer requested more details.
3010,2325,WhatsApp,2025-03-06,Failed,Shared available property options.
3011,532,Email,2025-03-31,Completed,Shared available property options.
3012,1178,Site Visit,2025-01-25,Failed,No response from customer.
3013,2431,WhatsApp,2026-06-02,Completed,Customer requested more details.
3014,1092,SMS,2025-03-05,Completed,Customer requested more details.
3015,1902,Call,2026-03-04,Completed,Discussed budget and preferred location.
3016,884,Document Shared,2025-05-05,Failed,Scheduled follow-up call.
3017,2262,WhatsApp,2026-04-28,Pending,Sent lease and booking information.
3018,1679,Email,2025-11-02,Completed,Shared available property options.
3019,2424,Email,2025-12-09,Failed,Scheduled follow-up call.
3020,2792,SMS,2025-06-14,Failed,Sent lease and booking information.
3021,2261,Call,2025-07-14,Pending,Sent lease and booking information.
3022,2127,Site Visit,2025-04-12,Pending,Sent lease and booking information.
3023,1750,WhatsApp,2025-07-20,Completed,Scheduled follow-up call.
3024,2676,SMS,2026-04-12,Completed,Sent lease and booking information.
3025,2652,WhatsApp,2026-05-27,Failed,Customer requested more details.
3026,782,WhatsApp,2025-05-22,Completed,No response from customer.
3027,2728,Document Shared,2026-01-20,Pending,No response from customer.
3028,2106,WhatsApp,2026-01-23,Failed,Customer requested more details.
3029,881,Document Shared,2025-11-07,Completed,Sent lease and booking information.
3030,447,Email,2025-12-02,Pending,Customer requested more details.
3031,2114,Follow-up,2025-03-24,Failed,Sent lease and booking information.
3032,1784,SMS,2025-08-21,Failed,Customer requested more details.
3033,1278,Document Shared,2026-05-16,Completed,Discussed budget and preferred location.
3034,1992,Email,2026-04-19,Pending,Customer requested more details.
3035,1068,Email,2025-03-20,Completed,Shared available property options.
3036,1578,Site Visit,2025-08-05,Pending,Sent lease and booking information.
3037,1012,Call,2025-12-13,Failed,Shared available property options.
3038,2275,Call,2025-05-06,Pending,Shared available property options.
3039,774,Email,2025-04-07,Failed,Scheduled follow-up call.
3040,2727,Email,2025-09-18,Pending,Scheduled follow-up call.
3041,1815,Call,2026-06-07,Pending,Sent lease and booking information.
3042,2649,Document Shared,2026-03-23,Pending,Customer requested more details.
3043,2427,SMS,2025-06-08,Pending,Sent lease and booking information.
3044,1202,SMS,2026-06-08,Completed,Sent lease and booking information.
3045,1451,Email,2025-06-07,Pending,Sent lease and booking information.
3046,2757,Site Visit,2026-05-11,Failed,Sent lease and booking information.
3047,307,Follow-up,2026-05-25,Failed,Discussed budget and preferred location.
3048,779,Document Shared,2025-08-29,Completed,Shared available property options.
3049,2552,WhatsApp,2025-06-05,Failed,Customer requested more details.
3050,2316,SMS,2025-12-30,Failed,Sent lease and booking information.
3051,8,WhatsApp,2026-01-20,Pending,Scheduled follow-up call.
3052,2556,Document Shared,2026-01-18,Pending,No response from customer.
3053,476,Site Visit,2026-05-11,Completed,No response from customer.
3054,1321,Document Shared,2025-11-07,Pending,Scheduled follow-up call.
3055,2212,SMS,2025-12-24,Completed,Discussed budget and preferred location.
3056,485,Call,2026-04-30,Failed,Sent lease and booking information.
3057,2615,Document Shared,2025-12-28,Pending,Shared available property options.
3058,905,Document Shared,2026-06-15,Pending,Discussed budget and preferred location.
3059,559,Email,2025-05-09,Pending,Sent lease and booking information.
3060,1968,Call,2025-05-09,Completed,Shared available property options.
3061,2286,Document Shared,2025-01-16,Completed,No response from customer.
3062,1128,Document Shared,2025-03-09,Failed,Shared available property options.
3063,1234,WhatsApp,2025-11-03,Completed,Discussed budget and preferred location.
3064,2602,Follow-up,2026-01-05,Failed,Shared available property options.
3065,2876,Document Shared,2025-06-29,Pending,Sent lease and booking information.
3066,468,WhatsApp,2026-04-01,Pending,Shared available property options.
3067,2434,WhatsApp,2025-12-23,Completed,Scheduled follow-up call.
3068,2823,Follow-up,2026-02-22,Failed,Sent lease and booking information.
3069,848,Email,2026-04-03,Completed,Customer requested more details.
3070,2435,Follow-up,2026-04-13,Failed,No response from customer.
3071,2925,Call,2025-05-27,Pending,No response from customer.
3072,259,Call,2026-03-23,Pending,Discussed budget and preferred location.
3073,283,Site Visit,2026-06-09,Pending,No response from customer.
3074,1650,Call,2026-02-02,Failed,Sent lease and booking information.
3075,1899,Call,2025-08-22,Failed,No response from customer.
3076,40,Follow-up,2025-03-03,Failed,No response from customer.
3077,2534,SMS,2026-06-04,Completed,Shared available property options.
3078,2977,Site Visit,2025-09-30,Completed,Scheduled follow-up call.
3079,2268,Site Visit,2026-01-23,Pending,Customer requested more details.
3080,1015,Document Shared,2026-04-12,Completed,Customer requested more details.
3081,613,WhatsApp,2025-04-04,Failed,No response from customer.
3082,2976,Follow-up,2025-02-16,Completed,Sent lease and booking information.
3083,1916,SMS,2026-03-02,Pending,Discussed budget and preferred location.
3084,688,Follow-up,2025-06-11,Pending,Sent lease and booking information.
3085,613,Document Shared,2025-05-02,Completed,Shared available property options.
3086,2308,WhatsApp,2025-06-28,Failed,Scheduled follow-up call.
3087,2414,Call,2025-11-09,Pending,Customer requested more details.
3088,1782,Document Shared,2025-10-20,Pending,Sent lease and booking information.
3089,1811,Site Visit,2026-04-14,Failed,Shared available property options.
3090,2592,Site Visit,2025-07-18,Completed,Customer requested more details.
3091,2697,Email,2025-05-30,Pending,Discussed budget and preferred location.
3092,1548,Site Visit,2025-09-02,Completed,Scheduled follow-up call.
3093,1931,Call,2025-10-20,Failed,Scheduled follow-up call.
3094,2862,Document Shared,2025-11-22,Completed,Shared available property options.
3095,1153,Email,2025-10-27,Failed,No response from customer.
3096,575,Call,2025-11-07,Pending,Customer requested more details.
3097,1911,Site Visit,2026-04-01,Completed,Discussed budget and preferred location.
3098,1013,WhatsApp,2026-03-22,Completed,No response from customer.
3099,670,Follow-up,2025-04-30,Pending,Discussed budget and preferred location.
3100,269,Site Visit,2025-10-06,Failed,Scheduled follow-up call.
3101,1284,Follow-up,2025-09-26,Failed,Scheduled follow-up call.
3102,924,Email,2025-03-07,Completed,Customer requested more details.
3103,1126,SMS,2025-12-08,Pending,Shared available property options.
3104,1530,Call,2026-01-31,Failed,Discussed budget and preferred location.
3105,1759,SMS,2025-10-12,Failed,Shared available property options.
3106,1595,Call,2025-08-01,Pending,Customer requested more details.
3107,247,Document Shared,2025-12-16,Completed,Sent lease and booking information.
3108,1561,Site Visit,2025-07-11,Failed,Shared available property options.
3109,2179,Email,2026-02-10,Pending,Shared available property options.
3110,2401,Email,2026-03-18,Completed,Customer requested more details.
3111,2244,Document Shared,2025-08-08,Completed,No response from customer.
3112,1940,Call,2025-07-11,Failed,Customer requested more details.
3113,930,Email,2025-08-14,Failed,Sent lease and booking information.
3114,2693,Document Shared,2026-01-03,Failed,Customer requested more details.
3115,227,Email,2025-11-21,Failed,Scheduled follow-up call.
3116,2749,Document Shared,2025-09-08,Pending,Sent lease and booking information.
3117,265,Follow-up,2026-02-19,Failed,Discussed budget and preferred location.
3118,1396,Email,2026-07-05,Completed,Shared available property options.
3119,1458,Follow-up,2025-08-30,Pending,Discussed budget and preferred location.
3120,646,Call,2025-10-22,Failed,No response from customer.
3121,2259,Site Visit,2025-08-18,Completed,No response from customer.
3122,1419,SMS,2026-06-12,Pending,Shared available property options.
3123,1474,Call,2025-10-23,Completed,Scheduled follow-up call.
3124,2991,Document Shared,2026-04-27,Completed,No response from customer.
3125,1388,SMS,2026-02-28,Completed,Discussed budget and preferred location.
3126,1900,Document Shared,2025-07-22,Completed,Scheduled follow-up call.
3127,2505,Email,2025-12-23,Pending,Customer requested more details.
3128,2773,WhatsApp,2025-04-30,Pending,Sent lease and booking information.
3129,1250,Email,2026-02-26,Failed,Sent lease and booking information.
3130,982,Email,2025-08-08,Completed,Shared available property options.
3131,1155,SMS,2025-01-30,Pending,Scheduled follow-up call.
3132,588,Follow-up,2026-05-08,Completed,No response from customer.
3133,476,Follow-up,2026-05-10,Failed,Discussed budget and preferred location.
3134,1822,Follow-up,2025-02-16,Pending,Sent lease and booking information.
3135,986,WhatsApp,2026-04-28,Completed,Discussed budget and preferred location.
3136,2204,Email,2025-11-29,Pending,Customer requested more details.
3137,1242,Follow-up,2026-06-02,Pending,Scheduled follow-up call.
3138,190,Document Shared,2025-08-29,Completed,Customer requested more details.
3139,1441,Email,2025-05-27,Completed,No response from customer.
3140,981,Call,2025-06-23,Pending,Shared available property options.
3141,1699,Call,2025-05-01,Failed,Shared available property options.
3142,1716,SMS,2025-04-10,Completed,Discussed budget and preferred location.
3143,2594,WhatsApp,2025-08-03,Failed,Discussed budget and preferred location.
3144,41,Document Shared,2025-02-15,Pending,Discussed budget and preferred location.
3145,2355,Follow-up,2026-01-31,Pending,Scheduled follow-up call.
3146,943,SMS,2025-04-22,Failed,Shared available property options.
3147,338,Call,2025-07-21,Failed,Sent lease and booking information.
3148,1338,Document Shared,2025-08-02,Completed,No response from customer.
3149,1099,Document Shared,2026-01-18,Pending,Scheduled follow-up call.
3150,2327,Call,2026-04-07,Pending,Discussed budget and preferred location.
3151,896,SMS,2026-06-21,Pending,Scheduled follow-up call.
3152,2321,Document Shared,2025-12-24,Pending,Discussed budget and preferred location.
3153,2885,Email,2026-02-17,Completed,No response from customer.
3154,2668,Follow-up,2025-06-15,Pending,Sent lease and booking information.
3155,1675,Document Shared,2026-02-13,Completed,Shared available property options.
3156,2910,Email,2025-02-20,Completed,No response from customer.
3157,931,Follow-up,2025-07-24,Pending,Customer requested more details.
3158,289,Document Shared,2026-04-10,Completed,Sent lease and booking information.
3159,724,Site Visit,2025-08-24,Pending,Shared available property options.
3160,2941,Email,2026-02-06,Pending,No response from customer.
3161,2320,WhatsApp,2025-11-28,Completed,Discussed budget and preferred location.
3162,1954,Document Shared,2025-12-12,Failed,Scheduled follow-up call.
3163,1090,Site Visit,2026-06-06,Completed,No response from customer.
3164,483,Call,2025-01-31,Pending,Scheduled follow-up call.
3165,936,Email,2026-02-21,Pending,Sent lease and booking information.
3166,2296,Site Visit,2026-06-30,Completed,Discussed budget and preferred location.
3167,156,WhatsApp,2025-03-20,Completed,Shared available property options.
3168,1071,Document Shared,2025-10-17,Completed,Customer requested more details.
3169,1959,Document Shared,2026-03-16,Failed,Sent lease and booking information.
3170,2502,SMS,2025-05-14,Completed,Discussed budget and preferred location.
3171,2249,Email,2025-11-09,Completed,No response from customer.
3172,1684,WhatsApp,2026-03-08,Completed,Discussed budget and preferred location.
3173,124,Follow-up,2026-03-31,Failed,No response from customer.
3174,2049,WhatsApp,2026-01-15,Failed,Discussed budget and preferred location.
3175,968,Follow-up,2025-03-26,Completed,No response from customer.
3176,855,Document Shared,2025-10-01,Pending,Customer requested more details.
3177,640,WhatsApp,2026-01-12,Failed,Sent lease and booking information.
3178,2239,WhatsApp,2025-07-18,Failed,Discussed budget and preferred location.
3179,1603,SMS,2025-09-05,Failed,Shared available property options.
3180,2564,WhatsApp,2026-03-10,Completed,No response from customer.
3181,442,Email,2025-12-23,Failed,Scheduled follow-up call.
3182,1945,Email,2026-01-09,Pending,Scheduled follow-up call.
3183,1839,SMS,2025-04-16,Failed,Discussed budget and preferred location.
3184,1830,SMS,2025-06-25,Pending,Scheduled follow-up call.
3185,2191,Call,2025-09-02,Pending,Customer requested more details.
3186,533,SMS,2025-04-22,Pending,Customer requested more details.
3187,2275,Site Visit,2025-05-05,Failed,No response from customer.
3188,1337,SMS,2025-04-13,Completed,Shared available property options.
3189,949,Follow-up,2025-05-05,Pending,Customer requested more details.
3190,2020,WhatsApp,2025-10-09,Completed,Discussed budget and preferred location.
3191,460,Follow-up,2026-05-20,Completed,Scheduled follow-up call.
3192,551,Site Visit,2025-11-19,Failed,Customer requested more details.
3193,393,Site Visit,2025-10-18,Failed,Shared available property options.
3194,1788,Follow-up,2025-06-05,Failed,Shared available property options.
3195,845,Email,2025-11-18,Pending,Shared available property options.
3196,2258,Site Visit,2026-05-24,Completed,Customer requested more details.
3197,1139,Call,2025-08-18,Pending,Sent lease and booking information.
3198,646,SMS,2025-10-18,Completed,Discussed budget and preferred location.
3199,2267,Email,2025-08-18,Completed,Customer requested more details.
3200,2455,Site Visit,2025-05-15,Completed,Discussed budget and preferred location.
3201,1467,Follow-up,2025-06-06,Failed,Sent lease and booking information.
3202,1378,Email,2026-06-15,Failed,Shared available property options.
3203,2936,Follow-up,2025-10-18,Completed,Scheduled follow-up call.
3204,2606,Call,2026-02-19,Pending,No response from customer.
3205,2598,SMS,2025-02-09,Failed,Sent lease and booking information.
3206,142,Site Visit,2026-06-01,Failed,No response from customer.
3207,2660,Document Shared,2025-03-15,Pending,Shared available property options.
3208,501,Call,2026-02-02,Completed,Discussed budget and preferred location.
3209,840,Site Visit,2025-09-06,Pending,Shared available property options.
3210,2750,Call,2025-04-12,Failed,Sent lease and booking information.
3211,1683,Follow-up,2025-11-08,Failed,Scheduled follow-up call.
3212,1566,WhatsApp,2026-02-11,Completed,Scheduled follow-up call.
3213,2047,Call,2025-07-07,Failed,Discussed budget and preferred location.
3214,1531,Site Visit,2025-11-19,Pending,No response from customer.
3215,596,Follow-up,2026-01-30,Completed,Scheduled follow-up call.
3216,1905,Site Visit,2025-12-18,Failed,No response from customer.
3217,281,Follow-up,2025-03-06,Pending,Scheduled follow-up call.
3218,424,Site Visit,2025-06-01,Failed,Customer requested more details.
3219,2904,Call,2025-09-16,Pending,No response from customer.
3220,270,Follow-up,2025-10-08,Pending,Shared available property options.
3221,154,Email,2026-01-05,Failed,No response from customer.
3222,2662,Call,2026-06-09,Failed,No response from customer.
3223,1751,SMS,2026-05-24,Pending,Customer requested more details.
3224,662,Document Shared,2026-07-02,Completed,Discussed budget and preferred location.
3225,1968,Follow-up,2025-04-12,Pending,No response from customer.
3226,83,WhatsApp,2025-11-21,Failed,Sent lease and booking information.
3227,2995,Call,2026-01-26,Failed,Sent lease and booking information.
3228,2947,SMS,2025-02-17,Completed,Scheduled follow-up call.
3229,1450,Document Shared,2025-08-08,Completed,Sent lease and booking information.
3230,1299,Call,2025-11-27,Completed,Sent lease and booking information.
3231,2332,WhatsApp,2025-11-30,Pending,Customer requested more details.
3232,980,Call,2025-09-03,Completed,Sent lease and booking information.
3233,2221,Follow-up,2025-10-24,Pending,No response from customer.
3234,2811,Call,2025-06-13,Pending,Shared available property options.
3235,1660,Call,2026-01-06,Failed,Discussed budget and preferred location.
3236,1399,Follow-up,2026-02-09,Pending,No response from customer.
3237,633,Document Shared,2026-01-25,Pending,Shared available property options.
3238,1532,WhatsApp,2025-03-28,Completed,Discussed budget and preferred location.
3239,787,Follow-up,2026-04-02,Completed,Customer requested more details.
3240,2991,SMS,2026-05-04,Pending,Customer requested more details.
3241,398,Document Shared,2025-05-03,Failed,Sent lease and booking information.
3242,1144,WhatsApp,2025-09-14,Pending,Scheduled follow-up call.
3243,934,WhatsApp,2026-05-28,Completed,Customer requested more details.
3244,1461,Email,2025-07-18,Failed,Shared available property options.
3245,1853,Email,2025-10-06,Pending,No response from customer.
3246,2724,Follow-up,2026-03-03,Pending,Scheduled follow-up call.
3247,2984,Follow-up,2026-04-08,Pending,Scheduled follow-up call.
3248,2513,WhatsApp,2026-06-25,Failed,Sent lease and booking information.
3249,286,Call,2026-05-25,Completed,Discussed budget and preferred location.
3250,265,Document Shared,2026-01-18,Pending,Customer requested more details.
3251,2368,Follow-up,2026-02-16,Pending,Scheduled follow-up call.
3252,2721,Call,2025-07-27,Failed,No response from customer.
3253,2868,Call,2026-02-21,Pending,No response from customer.
3254,2137,Email,2025-08-15,Failed,Sent lease and booking information.
3255,1678,Site Visit,2025-02-09,Pending,Shared available property options.
3256,1227,WhatsApp,2026-01-01,Completed,Customer requested more details.
3257,821,SMS,2025-04-25,Failed,No response from customer.
3258,1763,Email,2025-04-11,Pending,Sent lease and booking information.
3259,2382,Document Shared,2026-04-03,Completed,Scheduled follow-up call.
3260,2270,Email,2025-08-04,Failed,Scheduled follow-up call.
3261,41,Site Visit,2025-02-24,Completed,Shared available property options.
3262,1732,Email,2025-08-02,Failed,Sent lease and booking information.
3263,68,Call,2025-10-13,Failed,Customer requested more details.
3264,988,Call,2025-05-18,Pending,Shared available property options.
3265,1800,Site Visit,2025-12-30,Completed,No response from customer.
3266,2562,Site Visit,2025-05-07,Pending,Sent lease and booking information.
3267,1622,Document Shared,2025-03-31,Completed,Sent lease and booking information.
3268,1656,Site Visit,2025-08-23,Failed,No response from customer.
3269,1279,Document Shared,2025-07-19,Pending,Shared available property options.
3270,695,Follow-up,2025-11-25,Pending,Customer requested more details.
3271,2525,Follow-up,2026-02-03,Completed,Shared available property options.
3272,1086,SMS,2025-04-07,Completed,Shared available property options.
3273,2929,SMS,2026-06-28,Completed,Scheduled follow-up call.
3274,2480,Site Visit,2025-11-13,Pending,Discussed budget and preferred location.
3275,1694,Document Shared,2025-04-25,Failed,No response from customer.
3276,2316,Site Visit,2025-12-17,Completed,Discussed budget and preferred location.
3277,1059,Follow-up,2026-07-03,Pending,Shared available property options.
3278,779,Email,2025-07-31,Failed,Shared available property options.
3279,494,Call,2025-08-02,Failed,Scheduled follow-up call.
3280,1586,Site Visit,2025-09-01,Pending,Shared available property options.
3281,1493,Document Shared,2025-06-03,Completed,Scheduled follow-up call.
3282,1791,Call,2025-04-04,Failed,Scheduled follow-up call.
3283,661,Document Shared,2025-06-20,Failed,No response from customer.
3284,1349,Email,2025-12-12,Failed,No response from customer.
3285,1328,Site Visit,2025-08-23,Completed,Shared available property options.
3286,1300,Email,2026-01-22,Pending,No response from customer.
3287,1987,WhatsApp,2025-02-20,Completed,No response from customer.
3288,2045,Email,2025-03-18,Pending,No response from customer.
3289,1929,Call,2026-06-11,Pending,Sent lease and booking information.
3290,1348,Site Visit,2025-02-03,Failed,Sent lease and booking information.
3291,1059,Site Visit,2026-07-01,Failed,Scheduled follow-up call.
3292,977,Follow-up,2026-05-15,Failed,Discussed budget and preferred location.
3293,482,Site Visit,2025-07-24,Failed,Discussed budget and preferred location.
3294,728,Site Visit,2025-05-24,Pending,Discussed budget and preferred location.
3295,2528,SMS,2025-07-14,Pending,Customer requested more details.
3296,1032,WhatsApp,2025-02-14,Pending,Shared available property options.
3297,343,WhatsApp,2025-08-07,Completed,Discussed budget and preferred location.
3298,1448,WhatsApp,2025-08-14,Completed,Customer requested more details.
3299,2380,WhatsApp,2026-03-23,Completed,Scheduled follow-up call.
3300,2486,WhatsApp,2025-05-24,Completed,Scheduled follow-up call.
3301,2222,Site Visit,2026-04-11,Failed,Discussed budget and preferred location.
3302,2607,Follow-up,2025-03-28,Failed,Sent lease and booking information.
3303,527,Site Visit,2025-09-12,Completed,Sent lease and booking information.
3304,1897,Follow-up,2025-09-16,Pending,Customer requested more details.
3305,659,Email,2026-02-23,Completed,No response from customer.
3306,2074,WhatsApp,2025-06-02,Pending,Sent lease and booking information.
3307,820,Email,2025-04-10,Failed,Discussed budget and preferred location.
3308,2653,Document Shared,2025-06-16,Pending,Discussed budget and preferred location.
3309,406,Email,2025-02-19,Completed,Shared available property options.
3310,2280,WhatsApp,2026-04-17,Completed,Scheduled follow-up call.
3311,2581,Call,2025-06-13,Failed,Discussed budget and preferred location.
3312,1574,Site Visit,2025-09-09,Failed,Customer requested more details.
3313,1812,Document Shared,2025-07-17,Pending,Customer requested more details.
3314,505,Document Shared,2025-11-13,Failed,Customer requested more details.
3315,179,Call,2025-07-04,Completed,Sent lease and booking information.
3316,132,Follow-up,2025-05-12,Completed,Customer requested more details.
3317,1847,Email,2026-02-22,Pending,Shared available property options.
3318,1479,SMS,2025-09-08,Pending,Customer requested more details.
3319,2396,SMS,2025-12-07,Completed,Sent lease and booking information.
3320,2588,Email,2025-07-09,Completed,Shared available property options.
3321,772,Call,2025-04-03,Completed,Shared available property options.
3322,1430,Site Visit,2025-05-23,Failed,Customer requested more details.
3323,2124,Follow-up,2025-08-09,Failed,Discussed budget and preferred location.
3324,579,WhatsApp,2025-10-27,Pending,Discussed budget and preferred location.
3325,2902,Call,2025-04-20,Failed,Scheduled follow-up call.
3326,1516,Follow-up,2025-06-21,Failed,Scheduled follow-up call.
3327,194,Email,2025-06-28,Pending,Discussed budget and preferred location.
3328,2008,Site Visit,2026-01-16,Pending,No response from customer.
3329,1186,Follow-up,2025-12-28,Failed,Scheduled follow-up call.
3330,2395,Follow-up,2025-03-19,Completed,No response from customer.
3331,2999,Site Visit,2026-04-29,Failed,No response from customer.
3332,1385,Follow-up,2025-12-11,Completed,Scheduled follow-up call.
3333,1793,Follow-up,2025-01-16,Pending,Discussed budget and preferred location.
3334,1111,Email,2025-11-28,Pending,Customer requested more details.
3335,2262,Site Visit,2026-05-14,Completed,No response from customer.
3336,1937,Call,2025-09-17,Failed,Sent lease and booking information.
3337,2621,Document Shared,2025-12-05,Completed,Customer requested more details.
3338,780,Site Visit,2026-04-10,Completed,Scheduled follow-up call.
3339,262,WhatsApp,2025-11-01,Pending,Discussed budget and preferred location.
3340,730,Site Visit,2025-04-21,Failed,Discussed budget and preferred location.
3341,283,Follow-up,2026-05-26,Completed,Customer requested more details.
3342,1491,Document Shared,2026-04-20,Pending,No response from customer.
3343,362,Document Shared,2025-02-23,Completed,No response from customer.
3344,441,Site Visit,2025-10-05,Pending,Shared available property options.
3345,2141,Follow-up,2025-07-08,Failed,Sent lease and booking information.
3346,1645,Call,2025-07-01,Pending,Sent lease and booking information.
3347,2801,Follow-up,2025-08-22,Failed,Shared available property options.
3348,867,Call,2025-03-24,Pending,Shared available property options.
3349,1448,WhatsApp,2025-08-20,Completed,Customer requested more details.
3350,142,Email,2026-06-06,Failed,Shared available property options.
3351,1315,Email,2025-08-31,Failed,Customer requested more details.
3352,1456,WhatsApp,2025-10-03,Completed,Customer requested more details.
3353,2797,Call,2026-05-31,Completed,Sent lease and booking information.
3354,1876,SMS,2025-02-07,Failed,Discussed budget and preferred location.
3355,1848,Site Visit,2025-08-09,Completed,Discussed budget and preferred location.
3356,1713,Email,2025-11-13,Pending,No response from customer.
3357,2701,Call,2025-06-25,Completed,Scheduled follow-up call.
3358,701,Follow-up,2025-08-26,Failed,Shared available property options.
3359,998,SMS,2026-02-27,Completed,Discussed budget and preferred location.
3360,2097,Follow-up,2026-05-15,Completed,No response from customer.
3361,1326,SMS,2025-09-05,Pending,Sent lease and booking information.
3362,881,Call,2025-11-02,Pending,Scheduled follow-up call.
3363,1214,Call,2026-02-15,Completed,Scheduled follow-up call.
3364,1160,Site Visit,2025-04-10,Failed,Customer requested more details.
3365,555,Site Visit,2026-02-08,Pending,Shared available property options.
3366,404,SMS,2025-05-18,Completed,Shared available property options.
3367,892,Follow-up,2025-03-20,Failed,Discussed budget and preferred location.
3368,2913,Call,2025-03-04,Failed,Customer requested more details.
3369,602,WhatsApp,2025-06-03,Pending,Scheduled follow-up call.
3370,1831,WhatsApp,2026-02-22,Pending,Shared available property options.
3371,341,Email,2025-12-07,Failed,Discussed budget and preferred location.
3372,1969,WhatsApp,2025-10-04,Failed,No response from customer.
3373,704,Document Shared,2025-07-26,Pending,No response from customer.
3374,318,Email,2025-12-26,Completed,Discussed budget and preferred location.
3375,2666,Email,2026-06-16,Completed,No response from customer.
3376,1387,Email,2025-05-15,Completed,Scheduled follow-up call.
3377,2430,Document Shared,2026-03-10,Completed,Scheduled follow-up call.
3378,2281,Site Visit,2026-02-08,Pending,Sent lease and booking information.
3379,1801,Call,2025-08-20,Completed,Shared available property options.
3380,1368,WhatsApp,2025-03-01,Completed,Scheduled follow-up call.
3381,1573,Call,2025-04-21,Failed,Sent lease and booking information.
3382,817,Email,2025-08-09,Failed,Discussed budget and preferred location.
3383,553,Site Visit,2025-01-23,Pending,No response from customer.
3384,856,Site Visit,2025-04-16,Failed,Customer requested more details.
3385,1813,Email,2025-07-19,Completed,Sent lease and booking information.
3386,2867,Email,2025-10-08,Pending,Sent lease and booking information.
3387,183,SMS,2025-09-10,Failed,Customer requested more details.
3388,1575,Email,2026-06-14,Completed,Discussed budget and preferred location.
3389,397,Site Visit,2026-05-02,Completed,No response from customer.
3390,1728,Call,2025-03-14,Failed,Customer requested more details.
3391,2827,Follow-up,2026-01-15,Pending,Sent lease and booking information.
3392,1518,Follow-up,2025-01-28,Pending,Customer requested more details.
3393,907,Follow-up,2025-12-18,Failed,Customer requested more details.
3394,1357,Document Shared,2026-01-09,Pending,Shared available property options.
3395,2175,Site Visit,2026-04-29,Failed,Sent lease and booking information.
3396,1,WhatsApp,2025-02-05,Failed,Sent lease and booking information.
3397,19,Site Visit,2025-12-12,Completed,Scheduled follow-up call.
3398,584,Email,2026-03-23,Completed,Sent lease and booking information.
3399,456,Site Visit,2025-11-15,Completed,Customer requested more details.
3400,2037,Email,2025-03-21,Pending,Sent lease and booking information.
3401,1133,Call,2026-05-13,Completed,Customer requested more details.
3402,2493,Call,2025-08-28,Completed,Customer requested more details.
3403,1953,SMS,2026-01-21,Pending,Customer requested more details.
3404,2650,Call,2025-10-19,Completed,No response from customer.
3405,2151,WhatsApp,2025-06-29,Failed,No response from customer.
3406,988,Call,2025-06-15,Pending,Customer requested more details.
3407,520,WhatsApp,2025-04-09,Pending,Scheduled follow-up call.
3408,859,Follow-up,2026-01-04,Failed,No response from customer.
3409,174,Site Visit,2025-08-29,Completed,Discussed budget and preferred location.
3410,1367,Call,2025-01-23,Completed,Shared available property options.
3411,2479,Call,2025-05-18,Failed,No response from customer.
3412,727,Follow-up,2025-06-24,Failed,Customer requested more details.
3413,1711,Follow-up,2026-01-01,Pending,Customer requested more details.
3414,1876,SMS,2025-02-20,Failed,Scheduled follow-up call.
3415,2898,Document Shared,2025-05-20,Pending,Discussed budget and preferred location.
3416,1682,Site Visit,2025-03-07,Failed,Sent lease and booking information.
3417,1348,Call,2025-02-14,Completed,Customer requested more details.
3418,990,Call,2025-02-16,Failed,Shared available property options.
3419,2687,SMS,2025-04-19,Completed,Sent lease and booking information.
3420,420,Site Visit,2025-08-05,Failed,Scheduled follow-up call.
3421,594,Email,2026-03-18,Failed,Customer requested more details.
3422,2533,Follow-up,2025-04-20,Failed,Scheduled follow-up call.
3423,1775,Email,2025-07-25,Completed,Sent lease and booking information.
3424,2460,Email,2026-06-02,Failed,Scheduled follow-up call.
3425,936,Email,2026-02-13,Completed,Discussed budget and preferred location.
3426,1108,Document Shared,2026-02-05,Pending,Shared available property options.
3427,1137,Email,2025-04-20,Failed,No response from customer.
3428,332,WhatsApp,2025-12-28,Failed,Shared available property options.
3429,2703,SMS,2026-04-09,Completed,Shared available property options.
3430,2089,Call,2026-01-27,Pending,Scheduled follow-up call.
3431,1794,SMS,2026-01-18,Completed,No response from customer.
3432,959,Document Shared,2025-08-03,Failed,Sent lease and booking information.
3433,105,SMS,2026-02-04,Pending,Customer requested more details.
3434,202,SMS,2025-03-05,Completed,Sent lease and booking information.
3435,2498,SMS,2025-11-17,Completed,Customer requested more details.
3436,1843,Follow-up,2025-12-05,Pending,Discussed budget and preferred location.
3437,1867,Document Shared,2025-01-23,Failed,Discussed budget and preferred location.
3438,1997,Follow-up,2025-12-10,Pending,Scheduled follow-up call.
3439,1290,Email,2025-10-01,Failed,Customer requested more details.
3440,910,Email,2026-05-19,Failed,Discussed budget and preferred location.
3441,210,Document Shared,2025-11-04,Completed,Shared available property options.
3442,563,Document Shared,2026-04-20,Completed,Shared available property options.
3443,2761,Follow-up,2025-11-02,Pending,No response from customer.
3444,1564,Follow-up,2026-02-19,Completed,Shared available property options.
3445,771,Document Shared,2026-01-23,Failed,No response from customer.
3446,2502,Site Visit,2025-05-21,Failed,Sent lease and booking information.
3447,2715,Follow-up,2025-04-21,Pending,Discussed budget and preferred location.
3448,629,Email,2026-02-24,Failed,No response from customer.
3449,1629,Call,2026-01-02,Completed,No response from customer.
3450,1702,Email,2026-04-11,Completed,Customer requested more details.
3451,387,Call,2025-08-31,Failed,Scheduled follow-up call.
3452,1936,Call,2026-01-27,Pending,Sent lease and booking information.
3453,2344,Follow-up,2025-06-06,Pending,Customer requested more details.
3454,2306,Follow-up,2025-09-28,Pending,Scheduled follow-up call.
3455,1105,Email,2025-11-08,Completed,Sent lease and booking information.
3456,268,Email,2025-02-20,Failed,No response from customer.
3457,2467,WhatsApp,2026-06-14,Completed,Customer requested more details.
3458,2283,Email,2025-08-25,Completed,Customer requested more details.
3459,1857,SMS,2025-11-24,Failed,No response from customer.
3460,1999,Email,2025-11-26,Completed,Sent lease and booking information.
3461,1381,Call,2026-06-01,Failed,Scheduled follow-up call.
3462,1237,Follow-up,2025-02-20,Completed,Customer requested more details.
3463,574,Call,2025-11-25,Pending,No response from customer.
3464,49,Document Shared,2026-02-18,Completed,No response from customer.
3465,1151,Site Visit,2025-07-23,Completed,No response from customer.
3466,223,WhatsApp,2025-02-09,Failed,Discussed budget and preferred location.
3467,2969,Call,2025-11-16,Failed,Discussed budget and preferred location.
3468,1432,Site Visit,2026-02-03,Completed,Customer requested more details.
3469,1529,SMS,2025-10-22,Pending,No response from customer.
3470,1820,Follow-up,2025-10-05,Pending,Scheduled follow-up call.
3471,2325,Email,2025-04-05,Pending,Discussed budget and preferred location.
3472,1462,SMS,2025-02-23,Completed,Discussed budget and preferred location.
3473,1131,Follow-up,2025-02-16,Completed,Shared available property options.
3474,1682,Document Shared,2025-02-24,Completed,Sent lease and booking information.
3475,2468,SMS,2026-04-02,Completed,Discussed budget and preferred location.
3476,2659,Site Visit,2025-09-25,Completed,Customer requested more details.
3477,375,Follow-up,2026-02-25,Completed,Shared available property options.
3478,2121,Site Visit,2025-08-23,Completed,No response from customer.
3479,2022,Follow-up,2026-05-05,Completed,No response from customer.
3480,1054,WhatsApp,2025-12-08,Failed,Scheduled follow-up call.
3481,1890,Call,2026-04-03,Completed,Customer requested more details.
3482,1824,SMS,2025-07-06,Pending,Discussed budget and preferred location.
3483,1475,Site Visit,2026-06-05,Failed,Sent lease and booking information.
3484,2243,Email,2025-03-23,Failed,No response from customer.
3485,1180,Call,2025-06-30,Failed,Discussed budget and preferred location.
3486,2895,Call,2025-06-28,Completed,Sent lease and booking information.
3487,1065,SMS,2025-11-03,Pending,Discussed budget and preferred location.
3488,2071,Document Shared,2026-01-16,Pending,Scheduled follow-up call.
3489,360,Site Visit,2025-10-13,Pending,Discussed budget and preferred location.
3490,2608,Site Visit,2025-05-15,Completed,No response from customer.
3491,2720,Call,2026-03-29,Pending,Scheduled follow-up call.
3492,2042,SMS,2025-02-20,Failed,Discussed budget and preferred location.
3493,1142,Site Visit,2026-06-07,Completed,Shared available property options.
3494,1636,Site Visit,2025-09-14,Pending,Shared available property options.
3495,1404,WhatsApp,2025-07-20,Completed,Customer requested more details.
3496,1944,Email,2025-07-11,Completed,No response from customer.
3497,679,Document Shared,2026-04-01,Pending,Customer requested more details.
3498,2488,Document Shared,2026-04-02,Failed,Discussed budget and preferred location.
3499,2981,Document Shared,2025-04-25,Pending,Shared available property options.
3500,7,WhatsApp,2025-11-10,Failed,Shared available property options.
3501,2469,Site Visit,2026-01-31,Failed,Scheduled follow-up call.
3502,1592,Document Shared,2025-10-18,Pending,Shared available property options.
3503,833,Follow-up,2025-11-08,Completed,Sent lease and booking information.
3504,2607,Email,2025-04-07,Pending,Shared available property options.
3505,1811,SMS,2026-04-13,Pending,Shared available property options.
3506,914,SMS,2025-05-20,Failed,Sent lease and booking information.
3507,2012,SMS,2026-05-17,Completed,Shared available property options.
3508,1443,Email,2026-03-11,Failed,Scheduled follow-up call.
3509,1451,Call,2025-06-10,Failed,Shared available property options.
3510,1503,Email,2025-04-07,Pending,Sent lease and booking information.
3511,126,WhatsApp,2025-09-18,Completed,Scheduled follow-up call.
3512,2443,SMS,2025-07-09,Failed,Shared available property options.
3513,817,SMS,2025-07-25,Completed,Discussed budget and preferred location.
3514,2929,SMS,2026-06-19,Pending,No response from customer.
3515,1830,Site Visit,2025-06-24,Pending,Discussed budget and preferred location.
3516,576,Site Visit,2025-05-12,Completed,No response from customer.
3517,2373,WhatsApp,2025-08-27,Completed,Sent lease and booking information.
3518,1416,WhatsApp,2025-11-18,Pending,No response from customer.
3519,930,WhatsApp,2025-08-25,Failed,Sent lease and booking information.
3520,1464,Document Shared,2025-02-02,Pending,Shared available property options.
3521,833,SMS,2025-10-13,Failed,No response from customer.
3522,1055,Document Shared,2025-09-13,Completed,Discussed budget and preferred location.
3523,1649,Call,2025-10-23,Pending,Sent lease and booking information.
3524,1901,WhatsApp,2025-05-18,Pending,Scheduled follow-up call.
3525,1458,Email,2025-08-25,Pending,Scheduled follow-up call.
3526,2885,Email,2026-02-08,Completed,Shared available property options.
3527,2974,SMS,2026-01-14,Pending,No response from customer.
3528,1400,Document Shared,2025-05-08,Completed,Discussed budget and preferred location.
3529,443,Call,2026-02-11,Pending,Customer requested more details.
3530,2123,WhatsApp,2026-04-06,Failed,Customer requested more details.
3531,557,Document Shared,2025-06-06,Pending,Scheduled follow-up call.
3532,1179,Call,2026-03-06,Failed,Shared available property options.
3533,2038,Email,2025-12-27,Pending,No response from customer.
3534,363,WhatsApp,2025-08-16,Pending,No response from customer.
3535,2496,Follow-up,2025-11-10,Completed,Shared available property options.
3536,1258,Follow-up,2025-01-30,Failed,Sent lease and booking information.
3537,1842,WhatsApp,2026-01-20,Failed,Shared available property options.
3538,2310,Site Visit,2026-05-12,Pending,Discussed budget and preferred location.
3539,1851,Call,2025-12-28,Pending,Scheduled follow-up call.
3540,2173,WhatsApp,2025-09-30,Pending,Customer requested more details.
3541,911,Document Shared,2025-12-12,Failed,No response from customer.
3542,245,Call,2025-03-05,Pending,Sent lease and booking information.
3543,542,Document Shared,2026-04-07,Completed,Customer requested more details.
3544,2533,Site Visit,2025-05-30,Completed,Scheduled follow-up call.
3545,2170,Follow-up,2025-12-31,Failed,No response from customer.
3546,2173,Call,2025-08-29,Pending,No response from customer.
3547,1573,WhatsApp,2025-04-23,Pending,Shared available property options.
3548,2218,Document Shared,2025-08-29,Completed,Customer requested more details.
3549,124,Site Visit,2026-04-05,Completed,No response from customer.
3550,2694,WhatsApp,2025-09-07,Completed,Scheduled follow-up call.
3551,1732,Site Visit,2025-08-01,Completed,No response from customer.
3552,786,WhatsApp,2025-11-02,Pending,Customer requested more details.
3553,2044,Email,2025-09-23,Completed,Sent lease and booking information.
3554,2249,Site Visit,2025-10-11,Pending,No response from customer.
3555,2417,Email,2026-01-31,Failed,Customer requested more details.
3556,797,WhatsApp,2025-06-15,Failed,Shared available property options.
3557,77,WhatsApp,2025-02-27,Completed,No response from customer.
3558,59,SMS,2025-09-22,Completed,Shared available property options.
3559,2479,Follow-up,2025-05-02,Completed,Shared available property options.
3560,2686,Document Shared,2025-04-02,Failed,Customer requested more details.
3561,1524,Document Shared,2025-11-17,Pending,Discussed budget and preferred location.
3562,1937,Document Shared,2025-09-23,Completed,Shared available property options.
3563,2157,Document Shared,2025-11-09,Completed,Discussed budget and preferred location.
3564,1302,Call,2026-04-23,Pending,Customer requested more details.
3565,68,Email,2025-11-13,Pending,Sent lease and booking information.
3566,2353,Email,2025-10-21,Failed,Shared available property options.
3567,1933,Document Shared,2025-10-17,Failed,Scheduled follow-up call.
3568,2722,WhatsApp,2025-03-11,Completed,Discussed budget and preferred location.
3569,365,SMS,2025-02-10,Failed,No response from customer.
3570,821,Site Visit,2025-04-02,Failed,Customer requested more details.
3571,1403,Site Visit,2025-04-28,Pending,Discussed budget and preferred location.
3572,2391,Site Visit,2025-03-09,Completed,Discussed budget and preferred location.
3573,947,SMS,2025-09-16,Completed,Discussed budget and preferred location.
3574,2947,SMS,2025-01-31,Completed,No response from customer.
3575,1578,WhatsApp,2025-07-26,Failed,Customer requested more details.
3576,1378,Site Visit,2026-06-17,Pending,No response from customer.
3577,1440,Site Visit,2025-04-20,Failed,Customer requested more details.
3578,762,SMS,2025-02-20,Pending,Shared available property options.
3579,341,Site Visit,2025-12-22,Completed,Customer requested more details.
3580,2990,Email,2026-05-07,Completed,Discussed budget and preferred location.
3581,383,Document Shared,2026-03-01,Failed,Scheduled follow-up call.
3582,1004,WhatsApp,2025-02-18,Completed,Shared available property options.
3583,1557,Call,2025-01-10,Pending,Customer requested more details.
3584,300,Email,2025-03-17,Failed,Scheduled follow-up call.
3585,139,Email,2026-02-28,Failed,Customer requested more details.
3586,359,Call,2025-06-24,Pending,Scheduled follow-up call.
3587,836,Email,2026-05-28,Pending,Scheduled follow-up call.
3588,1523,Document Shared,2026-04-14,Failed,Sent lease and booking information.
3589,1628,Call,2026-02-26,Completed,Customer requested more details.
3590,1983,Call,2026-04-06,Failed,Sent lease and booking information.
3591,1304,Email,2025-06-26,Pending,Shared available property options.
3592,2531,Call,2026-02-19,Completed,Discussed budget and preferred location.
3593,909,Site Visit,2025-12-27,Pending,Scheduled follow-up call.
3594,1135,SMS,2026-03-04,Failed,Customer requested more details.
3595,2914,Document Shared,2026-05-18,Failed,Discussed budget and preferred location.
3596,2187,SMS,2025-12-21,Pending,Scheduled follow-up call.
3597,996,Site Visit,2026-03-24,Pending,Discussed budget and preferred location.
3598,2483,Email,2025-10-20,Failed,Sent lease and booking information.
3599,2557,Site Visit,2025-04-16,Pending,Discussed budget and preferred location.
3600,2321,SMS,2025-12-21,Completed,Discussed budget and preferred location.
3601,2152,Email,2026-04-14,Failed,Customer requested more details.
3602,1238,Call,2025-10-03,Completed,Discussed budget and preferred location.
3603,1785,Email,2025-04-24,Completed,Discussed budget and preferred location.
3604,2810,Email,2025-10-24,Pending,No response from customer.
3605,2835,Email,2025-12-26,Pending,Sent lease and booking information.
3606,165,Call,2025-05-29,Failed,Scheduled follow-up call.
3607,999,Call,2026-05-15,Failed,Sent lease and booking information.
3608,2568,Email,2025-07-16,Failed,No response from customer.
3609,1308,Call,2026-04-05,Failed,Customer requested more details.
3610,2565,Document Shared,2025-07-13,Failed,Scheduled follow-up call.
3611,657,Document Shared,2025-05-21,Failed,Scheduled follow-up call.
3612,2661,WhatsApp,2025-06-19,Pending,Customer requested more details.
3613,2212,Call,2026-01-24,Failed,Scheduled follow-up call.
3614,1910,Site Visit,2026-02-08,Completed,Shared available property options.
3615,2047,Follow-up,2025-07-03,Failed,Discussed budget and preferred location.
3616,2112,Email,2026-06-18,Failed,Scheduled follow-up call.
3617,1141,WhatsApp,2025-10-18,Failed,Sent lease and booking information.
3618,1890,Email,2026-03-19,Failed,Sent lease and booking information.
3619,267,Email,2026-05-20,Pending,Customer requested more details.
3620,1846,Follow-up,2025-06-24,Pending,Discussed budget and preferred location.
3621,1709,SMS,2025-08-11,Completed,Customer requested more details.
3622,2294,WhatsApp,2026-04-24,Completed,Discussed budget and preferred location.
3623,2443,Follow-up,2025-07-27,Failed,Shared available property options.
3624,1511,Site Visit,2026-04-25,Pending,Sent lease and booking information.
3625,476,Follow-up,2026-06-01,Pending,Customer requested more details.
3626,977,WhatsApp,2026-05-11,Failed,Sent lease and booking information.
3627,1208,Follow-up,2025-07-01,Pending,No response from customer.
3628,1044,WhatsApp,2026-03-12,Failed,Sent lease and booking information.
3629,1961,SMS,2026-05-30,Pending,Sent lease and booking information.
3630,558,Document Shared,2026-06-05,Completed,No response from customer.
3631,1018,SMS,2025-02-06,Failed,No response from customer.
3632,1606,Follow-up,2026-01-09,Pending,Customer requested more details.
3633,883,Email,2025-02-23,Completed,Customer requested more details.
3634,2195,Follow-up,2025-04-22,Failed,No response from customer.
3635,666,Site Visit,2025-09-24,Pending,Sent lease and booking information.
3636,2668,Follow-up,2025-06-07,Pending,Sent lease and booking information.
3637,1772,Call,2025-03-29,Completed,Scheduled follow-up call.
3638,2868,Follow-up,2026-02-12,Completed,Sent lease and booking information.
3639,864,Document Shared,2025-06-26,Completed,No response from customer.
3640,582,SMS,2025-06-13,Completed,No response from customer.
3641,695,Email,2025-11-08,Completed,Discussed budget and preferred location.
3642,1252,Site Visit,2025-03-12,Completed,Scheduled follow-up call.
3643,1611,Document Shared,2026-01-02,Pending,No response from customer.
3644,1240,Document Shared,2025-02-14,Failed,Sent lease and booking information.
3645,2455,Follow-up,2025-05-03,Failed,Shared available property options.
3646,399,Email,2025-08-03,Pending,Shared available property options.
3647,1947,Email,2026-05-21,Failed,Sent lease and booking information.
3648,715,WhatsApp,2026-03-09,Pending,Discussed budget and preferred location.
3649,704,Follow-up,2025-07-28,Failed,Customer requested more details.
3650,2809,WhatsApp,2025-05-15,Completed,Scheduled follow-up call.
3651,2547,Site Visit,2025-12-10,Completed,No response from customer.
3652,1715,Follow-up,2025-09-03,Failed,Sent lease and booking information.
3653,1973,Document Shared,2025-05-14,Pending,Discussed budget and preferred location.
3654,82,Site Visit,2025-12-08,Failed,Sent lease and booking information.
3655,604,Call,2025-09-25,Failed,Scheduled follow-up call.
3656,1971,Follow-up,2025-11-25,Completed,Customer requested more details.
3657,1711,Site Visit,2026-02-08,Failed,Shared available property options.
3658,2047,Email,2025-07-04,Completed,No response from customer.
3659,2820,WhatsApp,2025-10-09,Pending,No response from customer.
3660,903,WhatsApp,2025-01-27,Failed,Scheduled follow-up call.
3661,365,SMS,2025-03-04,Failed,Discussed budget and preferred location.
3662,163,Document Shared,2025-11-03,Failed,No response from customer.
3663,2559,Email,2025-08-01,Completed,Discussed budget and preferred location.
3664,1864,Document Shared,2026-05-01,Completed,Discussed budget and preferred location.
3665,116,Document Shared,2025-05-31,Pending,Shared available property options.
3666,2989,Call,2026-03-21,Pending,Shared available property options.
3667,2385,WhatsApp,2025-12-29,Pending,No response from customer.
3668,881,Follow-up,2025-11-20,Completed,Sent lease and booking information.
3669,2785,Document Shared,2025-06-04,Completed,Sent lease and booking information.
3670,840,Email,2025-09-18,Failed,Customer requested more details.
3671,2195,Email,2025-04-24,Pending,Discussed budget and preferred location.
3672,1347,Follow-up,2025-07-13,Pending,Sent lease and booking information.
3673,2491,Email,2026-06-18,Pending,Scheduled follow-up call.
3674,2885,Site Visit,2026-02-05,Completed,Shared available property options.
3675,1037,WhatsApp,2026-06-05,Pending,Shared available property options.
3676,943,Email,2025-04-18,Failed,No response from customer.
3677,1725,Document Shared,2026-05-30,Failed,Customer requested more details.
3678,2335,Document Shared,2025-05-13,Completed,Sent lease and booking information.
3679,2768,Document Shared,2025-09-04,Pending,Scheduled follow-up call.
3680,1138,Follow-up,2025-06-22,Pending,Customer requested more details.
3681,2528,Email,2025-07-05,Failed,No response from customer.
3682,22,Call,2025-11-29,Completed,Shared available property options.
3683,1750,Call,2025-07-11,Completed,Shared available property options.
3684,683,Follow-up,2026-02-14,Pending,Discussed budget and preferred location.
3685,2954,Document Shared,2025-11-08,Failed,No response from customer.
3686,1834,Call,2025-08-30,Failed,No response from customer.
3687,2368,Call,2026-02-08,Pending,Discussed budget and preferred location.
3688,126,Follow-up,2025-10-07,Completed,No response from customer.
3689,277,WhatsApp,2025-08-15,Completed,Shared available property options.
3690,2000,Site Visit,2025-02-01,Completed,Shared available property options.
3691,1228,Call,2025-08-19,Failed,Sent lease and booking information.
3692,2242,SMS,2025-09-22,Failed,Scheduled follow-up call.
3693,696,Follow-up,2025-10-16,Failed,Customer requested more details.
3694,1310,Document Shared,2026-06-12,Completed,No response from customer.
3695,57,SMS,2025-04-10,Completed,Shared available property options.
3696,19,Follow-up,2025-12-14,Pending,Sent lease and booking information.
3697,2312,WhatsApp,2026-02-26,Completed,Scheduled follow-up call.
3698,2842,Document Shared,2025-07-09,Pending,Customer requested more details.
3699,113,Call,2025-05-22,Completed,Shared available property options.
3700,542,Document Shared,2026-03-24,Failed,Shared available property options.
3701,2695,Document Shared,2026-05-08,Failed,No response from customer.
3702,579,Site Visit,2025-09-23,Completed,Shared available property options.
3703,1089,Email,2026-05-13,Pending,Customer requested more details.
3704,25,SMS,2025-02-23,Completed,Sent lease and booking information.
3705,1573,Follow-up,2025-03-31,Completed,Scheduled follow-up call.
3706,2049,Document Shared,2026-02-27,Completed,Shared available property options.
3707,2959,SMS,2025-03-26,Failed,Shared available property options.
3708,1573,Follow-up,2025-04-12,Completed,No response from customer.
3709,141,SMS,2026-03-11,Completed,Sent lease and booking information.
3710,1768,Call,2026-04-12,Completed,Sent lease and booking information.
3711,648,Site Visit,2026-03-23,Pending,No response from customer.
3712,2236,Site Visit,2025-09-28,Completed,No response from customer.
3713,201,SMS,2025-08-02,Pending,Sent lease and booking information.
3714,257,Email,2025-08-12,Failed,Discussed budget and preferred location.
3715,547,WhatsApp,2026-02-20,Pending,Sent lease and booking information.
3716,2242,Call,2025-10-13,Failed,Shared available property options.
3717,2751,WhatsApp,2025-12-12,Failed,No response from customer.
3718,802,WhatsApp,2025-03-17,Failed,Discussed budget and preferred location.
3719,942,SMS,2025-02-14,Pending,Discussed budget and preferred location.
3720,414,Call,2025-12-13,Failed,Customer requested more details.
3721,2015,WhatsApp,2025-05-14,Completed,Customer requested more details.
3722,1382,Email,2026-04-05,Completed,Scheduled follow-up call.
3723,1099,WhatsApp,2026-01-12,Failed,Sent lease and booking information.
3724,910,WhatsApp,2026-05-28,Pending,Shared available property options.
3725,188,Document Shared,2025-04-11,Pending,No response from customer.
3726,2016,Site Visit,2025-04-01,Pending,Customer requested more details.
3727,1314,Site Visit,2026-06-03,Failed,Customer requested more details.
3728,2093,Call,2025-12-30,Pending,Shared available property options.
3729,2131,Follow-up,2025-05-24,Completed,Discussed budget and preferred location.
3730,1147,Call,2025-03-21,Failed,Sent lease and booking information.
3731,358,Follow-up,2026-04-05,Completed,Discussed budget and preferred location.
3732,1552,Site Visit,2025-09-25,Failed,Shared available property options.
3733,1090,Follow-up,2026-05-17,Pending,Sent lease and booking information.
3734,2984,Follow-up,2026-04-01,Pending,Shared available property options.
3735,1681,SMS,2025-07-17,Completed,No response from customer.
3736,2423,Call,2026-03-07,Pending,Customer requested more details.
3737,162,Site Visit,2025-05-10,Completed,Customer requested more details.
3738,2370,SMS,2025-12-09,Completed,Customer requested more details.
3739,450,SMS,2025-10-15,Pending,Scheduled follow-up call.
3740,1498,Site Visit,2026-05-21,Failed,No response from customer.
3741,1037,Call,2026-07-01,Pending,Shared available property options.
3742,2232,Call,2026-06-04,Completed,Customer requested more details.
3743,2159,Call,2025-12-09,Completed,Scheduled follow-up call.
3744,1951,WhatsApp,2026-04-22,Failed,Discussed budget and preferred location.
3745,2556,Call,2026-01-31,Completed,Discussed budget and preferred location.
3746,1314,Site Visit,2026-05-05,Failed,Sent lease and booking information.
3747,2343,Call,2025-11-02,Completed,Sent lease and booking information.
3748,2952,Follow-up,2026-05-31,Pending,Shared available property options.
3749,1239,SMS,2025-03-15,Pending,Shared available property options.
3750,974,Call,2025-02-14,Pending,Customer requested more details.
3751,632,Document Shared,2025-10-23,Completed,Discussed budget and preferred location.
3752,1591,Site Visit,2025-12-19,Completed,No response from customer.
3753,1051,Document Shared,2026-04-18,Pending,Discussed budget and preferred location.
3754,2781,Document Shared,2025-11-13,Pending,No response from customer.
3755,1589,Email,2026-04-29,Failed,Customer requested more details.
3756,2369,Email,2025-07-27,Pending,Customer requested more details.
3757,2961,Email,2026-03-27,Failed,Scheduled follow-up call.
3758,1694,Site Visit,2025-05-13,Completed,Sent lease and booking information.
3759,437,Follow-up,2026-03-27,Pending,Sent lease and booking information.
3760,2829,Document Shared,2025-12-05,Pending,Customer requested more details.
3761,1557,Call,2025-01-25,Failed,Sent lease and booking information.
3762,1077,WhatsApp,2025-11-13,Failed,Scheduled follow-up call.
3763,1305,Email,2026-03-07,Failed,Discussed budget and preferred location.
3764,2774,Call,2025-10-18,Completed,Shared available property options.
3765,2079,Site Visit,2025-08-23,Failed,Sent lease and booking information.
3766,2385,Site Visit,2026-01-26,Pending,No response from customer.
3767,183,Site Visit,2025-09-25,Pending,Sent lease and booking information.
3768,2592,SMS,2025-08-12,Completed,No response from customer.
3769,1470,Email,2025-05-19,Pending,Shared available property options.
3770,1480,Follow-up,2025-03-17,Pending,Shared available property options.
3771,1590,Site Visit,2025-02-11,Completed,Sent lease and booking information.
3772,1588,Follow-up,2025-12-28,Failed,Sent lease and booking information.
3773,660,Document Shared,2026-03-22,Completed,Discussed budget and preferred location.
3774,160,Email,2025-10-28,Failed,No response from customer.
3775,2460,Follow-up,2026-05-04,Completed,Scheduled follow-up call.
3776,1012,Call,2025-11-23,Completed,No response from customer.
3777,53,Document Shared,2025-04-22,Failed,No response from customer.
3778,2456,Site Visit,2026-05-30,Completed,Scheduled follow-up call.
3779,2895,Follow-up,2025-07-04,Pending,Sent lease and booking information.
3780,1046,Site Visit,2025-12-11,Completed,Sent lease and booking information.
3781,1054,Site Visit,2025-11-26,Completed,Scheduled follow-up call.
3782,2751,SMS,2025-12-09,Pending,Customer requested more details.
3783,2308,Call,2025-07-12,Failed,Sent lease and booking information.
3784,1229,Follow-up,2026-01-04,Failed,No response from customer.
3785,1495,Follow-up,2025-12-19,Completed,Customer requested more details.
3786,2824,WhatsApp,2026-03-05,Completed,Shared available property options.
3787,1490,Follow-up,2025-10-09,Completed,Discussed budget and preferred location.
3788,1036,Site Visit,2026-04-27,Failed,No response from customer.
3789,1951,Follow-up,2026-04-16,Failed,No response from customer.
3790,850,Follow-up,2025-08-24,Completed,Customer requested more details.
3791,354,Email,2026-07-07,Pending,Customer requested more details.
3792,1099,Site Visit,2026-02-04,Failed,Customer requested more details.
3793,2921,Document Shared,2025-07-31,Completed,Shared available property options.
3794,1740,Document Shared,2025-02-08,Completed,Sent lease and booking information.
3795,1465,SMS,2025-09-25,Pending,Customer requested more details.
3796,991,Call,2025-04-07,Pending,Sent lease and booking information.
3797,1265,SMS,2025-08-26,Failed,No response from customer.
3798,1885,Follow-up,2025-05-02,Pending,Discussed budget and preferred location.
3799,1810,Document Shared,2025-12-15,Completed,Customer requested more details.
3800,2342,SMS,2026-01-10,Failed,Scheduled follow-up call.
3801,2257,Follow-up,2026-06-12,Pending,No response from customer.
3802,1112,Call,2026-06-30,Pending,Shared available property options.
3803,818,Call,2026-01-13,Pending,Scheduled follow-up call.
3804,1800,Follow-up,2025-12-03,Failed,No response from customer.
3805,1961,Document Shared,2026-05-25,Completed,Discussed budget and preferred location.
3806,2438,Email,2025-05-13,Completed,No response from customer.
3807,2373,Call,2025-08-31,Failed,Customer requested more details.
3808,2988,Document Shared,2025-07-06,Completed,Scheduled follow-up call.
3809,889,Call,2025-07-29,Pending,Customer requested more details.
3810,1856,Call,2026-01-04,Completed,Customer requested more details.
3811,1181,WhatsApp,2026-03-14,Completed,Customer requested more details.
3812,668,Site Visit,2025-05-14,Failed,Scheduled follow-up call.
3813,633,WhatsApp,2026-01-26,Pending,No response from customer.
3814,2625,Follow-up,2025-11-27,Pending,Scheduled follow-up call.
3815,1643,Call,2025-06-06,Pending,Sent lease and booking information.
3816,137,SMS,2025-10-29,Pending,Scheduled follow-up call.
3817,1947,Follow-up,2026-04-29,Completed,Sent lease and booking information.
3818,1698,WhatsApp,2025-05-22,Completed,Sent lease and booking information.
3819,428,Document Shared,2026-01-25,Completed,Sent lease and booking information.
3820,1476,Site Visit,2025-08-24,Completed,Discussed budget and preferred location.
3821,2660,WhatsApp,2025-03-17,Pending,Sent lease and booking information.
3822,2959,Email,2025-03-20,Failed,Scheduled follow-up call.
3823,819,Follow-up,2026-01-06,Completed,Shared available property options.
3824,2189,Document Shared,2026-02-07,Failed,Scheduled follow-up call.
3825,1107,SMS,2025-02-12,Failed,Sent lease and booking information.
3826,2225,Site Visit,2025-04-13,Completed,Shared available property options.
3827,198,WhatsApp,2025-12-30,Pending,Sent lease and booking information.
3828,2672,Document Shared,2026-06-08,Completed,Shared available property options.
3829,1996,SMS,2025-10-28,Failed,Shared available property options.
3830,2739,Site Visit,2025-09-21,Failed,Discussed budget and preferred location.
3831,2449,WhatsApp,2025-10-27,Completed,Customer requested more details.
3832,471,SMS,2025-04-14,Pending,No response from customer.
3833,2266,Document Shared,2026-02-03,Pending,Customer requested more details.
3834,1949,Document Shared,2025-03-30,Failed,No response from customer.
3835,929,Document Shared,2026-05-18,Failed,No response from customer.
3836,2011,SMS,2025-03-04,Failed,Customer requested more details.
3837,2680,Site Visit,2025-04-19,Completed,Customer requested more details.
3838,2999,SMS,2026-04-13,Pending,No response from customer.
3839,906,WhatsApp,2025-11-15,Pending,No response from customer.
3840,2223,Email,2025-12-26,Completed,Scheduled follow-up call.
3841,23,WhatsApp,2025-03-03,Completed,Customer requested more details.
3842,235,Follow-up,2025-11-15,Pending,Shared available property options.
3843,1125,Email,2026-05-29,Failed,Customer requested more details.
3844,929,WhatsApp,2026-05-10,Completed,Sent lease and booking information.
3845,523,Document Shared,2025-04-04,Failed,Sent lease and booking information.
3846,1809,SMS,2025-02-25,Pending,No response from customer.
3847,431,Document Shared,2025-04-12,Pending,Shared available property options.
3848,793,SMS,2025-01-29,Pending,No response from customer.
3849,1630,WhatsApp,2025-08-30,Failed,Sent lease and booking information.
3850,1737,Site Visit,2026-03-13,Pending,Scheduled follow-up call.
3851,533,Call,2025-04-20,Failed,Scheduled follow-up call.
3852,1747,Site Visit,2025-11-11,Completed,No response from customer.
3853,1676,Follow-up,2025-01-13,Completed,Customer requested more details.
3854,1317,Site Visit,2025-05-23,Failed,Customer requested more details.
3855,2858,Call,2025-04-11,Pending,Scheduled follow-up call.
3856,913,Call,2025-06-01,Pending,No response from customer.
3857,1125,Site Visit,2026-06-28,Failed,Customer requested more details.
3858,1526,Follow-up,2026-04-17,Completed,Sent lease and booking information.
3859,1328,Follow-up,2025-07-31,Pending,Scheduled follow-up call.
3860,2919,SMS,2025-04-18,Failed,Sent lease and booking information.
3861,2588,Call,2025-08-03,Pending,Discussed budget and preferred location.
3862,1024,Document Shared,2026-05-21,Pending,Customer requested more details.
3863,1577,Call,2026-06-15,Failed,Scheduled follow-up call.
3864,1379,Document Shared,2025-02-21,Completed,Customer requested more details.
3865,1520,Document Shared,2026-04-08,Completed,Scheduled follow-up call.
3866,1682,SMS,2025-02-15,Completed,Sent lease and booking information.
3867,1998,Document Shared,2025-12-14,Completed,Shared available property options.
3868,227,WhatsApp,2025-12-14,Failed,No response from customer.
3869,1260,Email,2026-06-29,Failed,No response from customer.
3870,873,SMS,2026-04-29,Pending,Shared available property options.
3871,892,Site Visit,2025-02-24,Pending,Scheduled follow-up call.
3872,1479,Document Shared,2025-09-18,Failed,Shared available property options.
3873,1037,Follow-up,2026-06-05,Pending,Discussed budget and preferred location.
3874,2258,Site Visit,2026-06-15,Completed,Customer requested more details.
3875,2789,Site Visit,2025-09-03,Failed,Shared available property options.
3876,397,Follow-up,2026-06-03,Failed,Scheduled follow-up call.
3877,1124,Follow-up,2026-01-14,Completed,Shared available property options.
3878,2079,Follow-up,2025-08-10,Failed,Discussed budget and preferred location.
3879,2946,Document Shared,2026-06-23,Completed,Scheduled follow-up call.
3880,649,Document Shared,2025-08-03,Pending,Customer requested more details.
3881,329,Call,2026-02-16,Failed,Customer requested more details.
3882,1483,Site Visit,2026-02-15,Pending,Shared available property options.
3883,952,Call,2026-02-05,Failed,Shared available property options.
3884,2006,WhatsApp,2026-02-22,Failed,Shared available property options.
3885,2017,Document Shared,2026-01-03,Pending,No response from customer.
3886,2669,Follow-up,2025-05-08,Completed,Shared available property options.
3887,1879,Document Shared,2025-06-22,Pending,Discussed budget and preferred location.
3888,1197,WhatsApp,2025-07-18,Pending,Shared available property options.
3889,1773,Document Shared,2025-08-25,Completed,Customer requested more details.
3890,162,Follow-up,2025-04-20,Completed,No response from customer.
3891,1752,Site Visit,2026-06-02,Completed,Customer requested more details.
3892,776,Call,2025-07-18,Completed,No response from customer.
3893,1828,WhatsApp,2025-05-25,Failed,Customer requested more details.
3894,2322,SMS,2025-09-08,Pending,Discussed budget and preferred location.
3895,1052,WhatsApp,2025-06-19,Failed,Scheduled follow-up call.
3896,2374,Document Shared,2025-03-12,Failed,No response from customer.
3897,940,WhatsApp,2025-03-10,Failed,Shared available property options.
3898,540,SMS,2025-07-13,Completed,Shared available property options.
3899,2536,Call,2026-05-23,Completed,Customer requested more details.
3900,822,Email,2026-05-25,Completed,Customer requested more details.
3901,1462,SMS,2025-03-23,Failed,Shared available property options.
3902,1089,WhatsApp,2026-06-19,Failed,Sent lease and booking information.
3903,356,Document Shared,2026-05-06,Pending,Shared available property options.
3904,235,Site Visit,2025-11-14,Failed,Sent lease and booking information.
3905,2275,Email,2025-05-17,Pending,Shared available property options.
3906,1549,SMS,2026-02-26,Failed,Discussed budget and preferred location.
3907,2097,Call,2026-05-25,Failed,Customer requested more details.
3908,118,Document Shared,2025-11-16,Completed,No response from customer.
3909,2102,Site Visit,2025-07-16,Completed,No response from customer.
3910,1674,Follow-up,2025-12-08,Pending,Shared available property options.
3911,2613,WhatsApp,2025-09-27,Pending,Customer requested more details.
3912,1068,SMS,2025-02-18,Failed,No response from customer.
3913,2101,Site Visit,2026-02-23,Failed,Customer requested more details.
3914,558,Email,2026-05-24,Failed,Scheduled follow-up call.
3915,1816,WhatsApp,2026-01-19,Failed,No response from customer.
3916,2006,Email,2026-02-26,Completed,Sent lease and booking information.
3917,2916,SMS,2026-06-30,Pending,Customer requested more details.
3918,398,Site Visit,2025-06-06,Failed,Sent lease and booking information.
3919,675,Email,2025-08-24,Completed,Sent lease and booking information.
3920,387,Follow-up,2025-08-28,Pending,Discussed budget and preferred location.
3921,2159,Site Visit,2025-12-04,Completed,Shared available property options.
3922,2662,Call,2026-06-12,Failed,Scheduled follow-up call.
3923,2065,Email,2025-12-05,Completed,Scheduled follow-up call.
3924,884,Follow-up,2025-06-10,Pending,Customer requested more details.
3925,541,Follow-up,2025-05-15,Failed,Sent lease and booking information.
3926,171,Email,2025-02-15,Pending,Customer requested more details.
3927,2457,Email,2025-07-15,Pending,Sent lease and booking information.
3928,740,Document Shared,2026-04-10,Pending,Scheduled follow-up call.
3929,1402,Site Visit,2025-10-12,Completed,No response from customer.
3930,2906,WhatsApp,2025-05-26,Pending,No response from customer.
3931,2278,Call,2026-03-17,Completed,Sent lease and booking information.
3932,119,Document Shared,2026-05-21,Completed,Shared available property options.
3933,2832,Follow-up,2025-04-30,Completed,No response from customer.
3934,2513,Site Visit,2026-06-03,Pending,No response from customer.
3935,2152,Document Shared,2026-04-20,Failed,Customer requested more details.
3936,2746,SMS,2025-06-20,Pending,Scheduled follow-up call.
3937,1996,Site Visit,2025-11-23,Failed,Shared available property options.
3938,1706,SMS,2025-07-17,Pending,Customer requested more details.
3939,1723,Site Visit,2026-01-13,Failed,No response from customer.
3940,2223,Site Visit,2026-01-01,Completed,Shared available property options.
3941,2793,Call,2025-07-10,Pending,No response from customer.
3942,1698,Site Visit,2025-06-21,Pending,Customer requested more details.
3943,1445,WhatsApp,2025-08-13,Completed,Discussed budget and preferred location.
3944,1760,Document Shared,2025-08-03,Pending,Shared available property options.
3945,1525,Document Shared,2025-08-03,Failed,Scheduled follow-up call.
3946,665,WhatsApp,2025-07-30,Pending,Discussed budget and preferred location.
3947,33,Email,2025-06-08,Completed,Customer requested more details.
3948,2103,Call,2026-04-30,Failed,Discussed budget and preferred location.
3949,2567,SMS,2025-12-31,Pending,Shared available property options.
3950,2804,Follow-up,2025-05-24,Completed,Shared available property options.
3951,2060,Call,2025-07-19,Pending,Scheduled follow-up call.
3952,1552,Call,2025-09-24,Completed,Discussed budget and preferred location.
3953,720,Follow-up,2025-09-30,Failed,Discussed budget and preferred location.
3954,2603,Follow-up,2025-02-15,Completed,Sent lease and booking information.
3955,2421,Follow-up,2026-02-02,Pending,No response from customer.
3956,484,Email,2026-05-22,Completed,No response from customer.
3957,973,SMS,2025-09-27,Failed,Discussed budget and preferred location.
3958,2671,Follow-up,2026-06-02,Failed,Scheduled follow-up call.
3959,307,Email,2026-05-28,Failed,Customer requested more details.
3960,457,SMS,2026-04-28,Failed,Discussed budget and preferred location.
3961,2208,Site Visit,2026-02-14,Pending,No response from customer.
3962,331,Call,2025-12-01,Completed,Discussed budget and preferred location.
3963,2824,Follow-up,2026-03-12,Completed,Discussed budget and preferred location.
3964,225,Follow-up,2025-07-09,Failed,Shared available property options.
3965,2777,Follow-up,2026-03-15,Failed,No response from customer.
3966,1480,Site Visit,2025-03-14,Completed,Sent lease and booking information.
3967,1083,Call,2025-06-14,Completed,Scheduled follow-up call.
3968,644,Email,2026-01-25,Completed,Discussed budget and preferred location.
3969,616,Follow-up,2026-04-14,Pending,No response from customer.
3970,195,SMS,2025-02-01,Failed,No response from customer.
3971,489,WhatsApp,2026-06-30,Completed,Discussed budget and preferred location.
3972,2205,Site Visit,2026-04-11,Completed,Customer requested more details.
3973,2658,WhatsApp,2025-09-25,Completed,Customer requested more details.
3974,1250,Site Visit,2026-03-04,Completed,Discussed budget and preferred location.
3975,2460,Follow-up,2026-05-28,Pending,Sent lease and booking information.
3976,1103,Document Shared,2025-08-12,Pending,Customer requested more details.
3977,1148,Email,2025-05-22,Failed,Scheduled follow-up call.
3978,2519,SMS,2025-05-15,Failed,Discussed budget and preferred location.
3979,1242,Email,2026-06-02,Pending,Discussed budget and preferred location.
3980,516,SMS,2025-04-23,Pending,Sent lease and booking information.
3981,1626,Document Shared,2025-12-29,Pending,Scheduled follow-up call.
3982,1128,Call,2025-03-28,Failed,Sent lease and booking information.
3983,393,Follow-up,2025-11-10,Completed,Discussed budget and preferred location.
3984,631,Follow-up,2025-10-31,Pending,Shared available property options.
3985,1848,Document Shared,2025-08-18,Failed,Customer requested more details.
3986,2656,Email,2025-10-29,Failed,Shared available property options.
3987,980,Follow-up,2025-08-04,Failed,Scheduled follow-up call.
3988,434,WhatsApp,2025-07-23,Completed,Sent lease and booking information.
3989,2588,SMS,2025-07-28,Pending,Discussed budget and preferred location.
3990,278,WhatsApp,2025-06-27,Completed,Shared available property options.
3991,233,SMS,2026-01-11,Completed,Discussed budget and preferred location.
3992,1553,WhatsApp,2025-03-10,Pending,No response from customer.
3993,1595,Follow-up,2025-08-03,Failed,No response from customer.
3994,1114,WhatsApp,2025-05-23,Failed,Scheduled follow-up call.
3995,2410,Call,2026-02-25,Completed,Discussed budget and preferred location.
3996,26,Site Visit,2025-11-25,Failed,No response from customer.
3997,1418,WhatsApp,2025-05-14,Failed,No response from customer.
3998,2555,WhatsApp,2025-08-11,Failed,Sent lease and booking information.
3999,2315,Email,2025-11-16,Pending,Sent lease and booking information.
4000,461,Call,2026-04-24,Pending,Discussed budget and preferred location.
4001,2504,SMS,2025-07-15,Completed,Sent lease and booking information.
4002,1092,Follow-up,2025-03-13,Pending,Customer requested more details.
4003,1007,Follow-up,2026-01-28,Completed,Discussed budget and preferred location.
4004,2911,SMS,2025-03-06,Pending,Shared available property options.
4005,1995,Follow-up,2026-02-02,Pending,Customer requested more details.
4006,491,Site Visit,2025-09-09,Completed,Shared available property options.
4007,1073,Document Shared,2026-02-05,Failed,Sent lease and booking information.
4008,2612,Document Shared,2026-03-27,Failed,Scheduled follow-up call.
4009,216,Document Shared,2026-03-17,Completed,Customer requested more details.
4010,1724,Call,2025-02-25,Pending,No response from customer.
4011,1593,Follow-up,2026-03-09,Failed,Shared available property options.
4012,2607,Call,2025-04-04,Failed,Customer requested more details.
4013,159,Call,2025-09-08,Failed,Customer requested more details.
4014,2537,Call,2026-02-23,Pending,No response from customer.
4015,686,WhatsApp,2026-02-18,Pending,Shared available property options.
4016,2842,Document Shared,2025-07-18,Completed,Customer requested more details.
4017,1777,Call,2025-02-03,Pending,Customer requested more details.
4018,2053,WhatsApp,2026-05-21,Pending,Sent lease and booking information.
4019,1844,Site Visit,2025-09-30,Failed,Shared available property options.
4020,2409,Follow-up,2025-05-14,Failed,Discussed budget and preferred location.
4021,2507,Email,2025-06-14,Failed,No response from customer.
4022,2296,Site Visit,2026-06-21,Pending,Shared available property options.
4023,1590,Email,2025-02-05,Completed,Customer requested more details.
4024,1697,Site Visit,2025-02-07,Failed,Discussed budget and preferred location.
4025,2994,SMS,2025-04-08,Pending,Sent lease and booking information.
4026,2470,SMS,2026-03-11,Pending,Shared available property options.
4027,1947,Email,2026-05-22,Failed,Customer requested more details.
4028,2063,Call,2026-03-07,Failed,No response from customer.
4029,2784,Document Shared,2025-10-17,Pending,No response from customer.
4030,1146,Follow-up,2025-03-24,Pending,Customer requested more details.
4031,2325,Email,2025-03-20,Failed,Shared available property options.
4032,1582,Call,2026-03-19,Completed,Customer requested more details.
4033,2501,Call,2026-05-06,Failed,Scheduled follow-up call.
4034,2646,Call,2025-06-12,Failed,Customer requested more details.
4035,2494,Follow-up,2026-04-18,Pending,Discussed budget and preferred location.
4036,2258,Document Shared,2026-06-16,Pending,Discussed budget and preferred location.
4037,2762,Call,2025-10-25,Pending,Customer requested more details.
4038,2350,SMS,2026-03-10,Failed,No response from customer.
4039,1933,Site Visit,2025-10-24,Completed,Shared available property options.
4040,1758,Follow-up,2026-01-12,Completed,Customer requested more details.
4041,2051,Document Shared,2025-05-28,Completed,Shared available property options.
4042,990,Call,2025-03-11,Failed,No response from customer.
4043,1542,Site Visit,2025-10-03,Pending,Sent lease and booking information.
4044,1117,Call,2025-05-05,Completed,Shared available property options.
4045,2568,WhatsApp,2025-07-09,Completed,No response from customer.
4046,493,Site Visit,2025-09-20,Pending,Customer requested more details.
4047,620,Site Visit,2025-10-08,Failed,Customer requested more details.
4048,2379,WhatsApp,2026-04-26,Pending,Discussed budget and preferred location.
4049,2381,WhatsApp,2025-03-12,Pending,Shared available property options.
4050,2098,Document Shared,2026-01-26,Pending,Customer requested more details.
4051,1547,Email,2025-01-27,Failed,No response from customer.
4052,863,WhatsApp,2025-12-30,Pending,Sent lease and booking information.
4053,1692,Call,2025-11-07,Pending,Shared available property options.
4054,1606,Email,2026-01-05,Failed,Customer requested more details.
4055,2320,SMS,2026-01-06,Completed,Scheduled follow-up call.
4056,580,Call,2025-09-25,Failed,No response from customer.
4057,1891,Email,2025-03-31,Pending,Discussed budget and preferred location.
4058,1276,SMS,2025-02-05,Pending,Customer requested more details.
4059,2608,SMS,2025-05-08,Completed,Discussed budget and preferred location.
4060,2744,Site Visit,2026-04-01,Failed,Sent lease and booking information.
4061,1856,Site Visit,2026-01-31,Failed,Shared available property options.
4062,2494,Call,2026-04-20,Completed,Shared available property options.
4063,1356,SMS,2025-09-27,Failed,Sent lease and booking information.
4064,1163,Call,2026-02-23,Completed,Customer requested more details.
4065,357,SMS,2026-04-22,Completed,Customer requested more details.
4066,1625,SMS,2025-12-26,Pending,Customer requested more details.
4067,2322,WhatsApp,2025-10-08,Pending,No response from customer.
4068,2007,Site Visit,2025-07-18,Pending,Discussed budget and preferred location.
4069,2359,Call,2025-04-27,Failed,Shared available property options.
4070,870,SMS,2026-03-25,Failed,Scheduled follow-up call.
4071,886,Site Visit,2025-04-04,Completed,Customer requested more details.
4072,2002,SMS,2025-06-13,Failed,Scheduled follow-up call.
4073,2202,Site Visit,2025-12-10,Completed,Shared available property options.
4074,1414,Follow-up,2026-02-20,Completed,Discussed budget and preferred location.
4075,1284,Email,2025-10-26,Pending,No response from customer.
4076,620,WhatsApp,2025-10-17,Pending,Sent lease and booking information.
4077,883,WhatsApp,2025-02-21,Failed,No response from customer.
4078,797,Email,2025-06-04,Completed,Customer requested more details.
4079,2173,Follow-up,2025-08-29,Completed,Sent lease and booking information.
4080,1297,SMS,2025-08-08,Completed,Customer requested more details.
4081,619,Site Visit,2025-10-23,Pending,Discussed budget and preferred location.
4082,1835,SMS,2025-08-26,Completed,Sent lease and booking information.
4083,245,WhatsApp,2025-02-24,Completed,Shared available property options.
4084,2896,WhatsApp,2026-02-16,Pending,Discussed budget and preferred location.
4085,2498,SMS,2025-11-16,Completed,Scheduled follow-up call.
4086,930,Site Visit,2025-08-07,Completed,Customer requested more details.
4087,1271,SMS,2025-10-03,Pending,Shared available property options.
4088,520,Follow-up,2025-05-11,Failed,Scheduled follow-up call.
4089,2410,SMS,2026-02-05,Pending,Shared available property options.
4090,8,Follow-up,2026-02-25,Failed,Customer requested more details.
4091,2526,SMS,2025-08-06,Pending,No response from customer.
4092,2020,SMS,2025-09-30,Completed,Sent lease and booking information.
4093,495,Site Visit,2026-01-04,Pending,No response from customer.
4094,1630,Site Visit,2025-09-09,Failed,No response from customer.
4095,2881,Follow-up,2025-05-12,Completed,Discussed budget and preferred location.
4096,1063,Site Visit,2025-07-03,Completed,Sent lease and booking information.
4097,2641,Email,2025-02-23,Pending,Sent lease and booking information.
4098,187,SMS,2026-03-08,Failed,Sent lease and booking information.
4099,2802,Site Visit,2026-05-07,Pending,Sent lease and booking information.
4100,1878,Follow-up,2025-06-21,Pending,Discussed budget and preferred location.
4101,2141,WhatsApp,2025-07-12,Completed,Discussed budget and preferred location.
4102,86,WhatsApp,2025-02-05,Pending,Scheduled follow-up call.
4103,137,WhatsApp,2025-10-17,Pending,Discussed budget and preferred location.
4104,2469,SMS,2026-01-29,Completed,Shared available property options.
4105,2122,SMS,2026-05-20,Pending,Sent lease and booking information.
4106,1637,Document Shared,2025-08-01,Failed,No response from customer.
4107,2219,Follow-up,2025-07-15,Failed,No response from customer.
4108,1752,WhatsApp,2026-05-01,Pending,No response from customer.
4109,2218,SMS,2025-07-22,Pending,No response from customer.
4110,1788,WhatsApp,2025-05-21,Failed,Shared available property options.
4111,872,Call,2025-09-16,Completed,Customer requested more details.
4112,2370,Call,2025-11-26,Failed,Scheduled follow-up call.
4113,2504,Site Visit,2025-07-19,Completed,Discussed budget and preferred location.
4114,944,Email,2025-06-21,Failed,Sent lease and booking information.
4115,1627,Email,2025-07-13,Pending,Sent lease and booking information.
4116,2838,Document Shared,2026-01-02,Completed,Customer requested more details.
4117,2661,Follow-up,2025-07-10,Completed,Discussed budget and preferred location.
4118,2937,Follow-up,2026-03-12,Failed,No response from customer.
4119,349,Follow-up,2025-04-25,Failed,Customer requested more details.
4120,1677,Document Shared,2026-01-22,Completed,Sent lease and booking information.
4121,1197,Document Shared,2025-06-17,Pending,Shared available property options.
4122,10,Call,2026-01-23,Failed,No response from customer.
4123,2788,Call,2026-07-07,Pending,Scheduled follow-up call.
4124,1462,WhatsApp,2025-02-27,Failed,Discussed budget and preferred location.
4125,667,SMS,2025-03-09,Pending,Shared available property options.
4126,2594,SMS,2025-08-08,Completed,Scheduled follow-up call.
4127,1523,Follow-up,2026-04-14,Completed,Discussed budget and preferred location.
4128,2177,Email,2026-06-07,Pending,Sent lease and booking information.
4129,601,Call,2026-02-19,Pending,Discussed budget and preferred location.
4130,2653,Call,2025-06-11,Completed,No response from customer.
4131,327,SMS,2026-03-09,Failed,Scheduled follow-up call.
4132,980,Follow-up,2025-07-21,Completed,No response from customer.
4133,2452,WhatsApp,2025-04-24,Failed,Sent lease and booking information.
4134,629,Call,2026-01-12,Failed,Scheduled follow-up call.
4135,1630,Site Visit,2025-08-10,Failed,Scheduled follow-up call.
4136,2766,Email,2025-01-22,Completed,Scheduled follow-up call.
4137,274,Follow-up,2025-02-04,Pending,Shared available property options.
4138,685,Email,2025-02-19,Pending,Sent lease and booking information.
4139,116,Follow-up,2025-06-01,Completed,Shared available property options.
4140,861,Document Shared,2025-11-13,Completed,Shared available property options.
4141,2004,SMS,2026-05-25,Completed,Discussed budget and preferred location.
4142,693,SMS,2025-06-21,Failed,No response from customer.
4143,1106,Email,2025-06-13,Completed,No response from customer.
4144,2372,Email,2026-05-10,Pending,No response from customer.
4145,2162,Email,2026-01-18,Completed,Shared available property options.
4146,1793,WhatsApp,2025-02-04,Failed,Sent lease and booking information.
4147,154,SMS,2025-11-24,Failed,No response from customer.
4148,1901,WhatsApp,2025-06-30,Failed,Scheduled follow-up call.
4149,1428,WhatsApp,2026-01-26,Failed,Shared available property options.
4150,1290,Site Visit,2025-09-16,Failed,No response from customer.
4151,315,Call,2026-02-16,Completed,Discussed budget and preferred location.
4152,1065,Follow-up,2025-11-09,Failed,Sent lease and booking information.
4153,105,Document Shared,2025-12-28,Failed,Sent lease and booking information.
4154,1925,WhatsApp,2025-05-12,Pending,Customer requested more details.
4155,1914,SMS,2025-12-29,Pending,Shared available property options.
4156,1217,SMS,2025-03-24,Failed,No response from customer.
4157,1425,Follow-up,2026-04-17,Completed,Scheduled follow-up call.
4158,2402,Document Shared,2025-11-02,Pending,Sent lease and booking information.
4159,1773,Email,2025-08-10,Pending,Discussed budget and preferred location.
4160,1961,Follow-up,2026-04-25,Completed,Sent lease and booking information.
4161,2781,Call,2025-12-03,Completed,Shared available property options.
4162,1604,Document Shared,2025-10-21,Completed,Shared available property options.
4163,709,Email,2026-05-04,Pending,No response from customer.
4164,651,Call,2025-05-07,Pending,Discussed budget and preferred location.
4165,2872,Call,2025-09-10,Completed,Shared available property options.
4166,947,Call,2025-10-06,Completed,Customer requested more details.
4167,661,Document Shared,2025-05-30,Failed,No response from customer.
4168,2147,Site Visit,2026-04-26,Pending,Scheduled follow-up call.
4169,2636,WhatsApp,2025-12-08,Failed,Shared available property options.
4170,2330,Document Shared,2025-01-28,Completed,Scheduled follow-up call.
4171,2451,Call,2025-02-03,Completed,Scheduled follow-up call.
4172,1133,Follow-up,2026-05-16,Completed,Customer requested more details.
4173,700,Email,2025-09-11,Pending,Shared available property options.
4174,2247,Email,2025-07-23,Pending,Sent lease and booking information.
4175,2039,Email,2025-09-23,Pending,Shared available property options.
4176,2375,Site Visit,2026-05-05,Pending,Discussed budget and preferred location.
4177,2202,Email,2025-11-20,Failed,Scheduled follow-up call.
4178,552,Call,2025-08-07,Failed,No response from customer.
4179,405,SMS,2026-03-07,Completed,Discussed budget and preferred location.
4180,462,Document Shared,2025-06-29,Completed,Sent lease and booking information.
4181,2180,Site Visit,2025-12-16,Failed,No response from customer.
4182,2839,Call,2025-10-26,Failed,Sent lease and booking information.
4183,874,SMS,2025-11-13,Pending,Customer requested more details.
4184,84,Site Visit,2026-05-13,Pending,No response from customer.
4185,1423,SMS,2025-03-31,Failed,Scheduled follow-up call.
4186,2802,Follow-up,2026-05-02,Failed,No response from customer.
4187,2676,Document Shared,2026-04-14,Pending,Discussed budget and preferred location.
4188,221,Call,2026-06-05,Completed,Shared available property options.
4189,2601,Email,2025-12-18,Failed,Scheduled follow-up call.
4190,1392,Email,2025-12-27,Failed,Shared available property options.
4191,112,Email,2025-08-18,Failed,Scheduled follow-up call.
4192,615,Email,2025-10-30,Completed,Discussed budget and preferred location.
4193,1582,Document Shared,2026-03-02,Completed,Discussed budget and preferred location.
4194,2972,Follow-up,2025-09-06,Completed,Scheduled follow-up call.
4195,475,Site Visit,2025-10-14,Pending,Customer requested more details.
4196,2884,Email,2026-04-22,Completed,Shared available property options.
4197,1914,Email,2026-01-03,Failed,Discussed budget and preferred location.
4198,271,SMS,2025-05-22,Failed,Customer requested more details.
4199,2469,Email,2026-03-06,Completed,Shared available property options.
4200,1921,Document Shared,2025-11-15,Pending,Scheduled follow-up call.
4201,2755,Call,2025-12-17,Completed,No response from customer.
4202,1391,SMS,2026-05-23,Pending,Customer requested more details.
4203,40,Email,2025-03-17,Completed,Sent lease and booking information.
4204,1983,Call,2026-04-25,Pending,No response from customer.
4205,2237,Email,2025-07-17,Failed,Discussed budget and preferred location.
4206,994,Email,2026-06-13,Failed,Customer requested more details.
4207,2013,SMS,2026-06-12,Completed,Customer requested more details.
4208,2584,Call,2025-03-11,Pending,Shared available property options.
4209,290,Site Visit,2025-02-15,Pending,Shared available property options.
4210,2481,WhatsApp,2025-04-19,Completed,Discussed budget and preferred location.
4211,2519,Follow-up,2025-04-25,Failed,Customer requested more details.
4212,2676,Document Shared,2026-05-03,Completed,No response from customer.
4213,279,SMS,2026-01-28,Completed,Customer requested more details.
4214,2925,Email,2025-05-28,Failed,Customer requested more details.
4215,581,WhatsApp,2025-12-07,Pending,Sent lease and booking information.
4216,863,Call,2026-01-23,Completed,Sent lease and booking information.
4217,254,SMS,2026-05-29,Completed,Discussed budget and preferred location.
4218,181,WhatsApp,2025-12-27,Pending,Customer requested more details.
4219,681,SMS,2026-03-03,Completed,Scheduled follow-up call.
4220,825,Call,2025-10-05,Pending,Discussed budget and preferred location.
4221,700,Email,2025-09-17,Failed,Sent lease and booking information.
4222,2614,WhatsApp,2026-05-23,Failed,Sent lease and booking information.
4223,1350,Email,2025-03-24,Failed,Scheduled follow-up call.
4224,1381,Follow-up,2026-05-05,Completed,No response from customer.
4225,1674,Call,2025-12-01,Failed,Sent lease and booking information.
4226,2728,Document Shared,2026-01-24,Completed,Sent lease and booking information.
4227,2439,Call,2025-04-15,Failed,No response from customer.
4228,1639,Site Visit,2025-09-03,Failed,Scheduled follow-up call.
4229,1958,Follow-up,2025-02-01,Completed,Sent lease and booking information.
4230,212,Email,2025-07-16,Failed,Sent lease and booking information.
4231,1539,Email,2025-07-02,Completed,Shared available property options.
4232,384,Call,2025-09-05,Pending,No response from customer.
4233,1715,WhatsApp,2025-08-09,Pending,Sent lease and booking information.
4234,342,SMS,2025-12-18,Failed,Discussed budget and preferred location.
4235,1839,SMS,2025-04-11,Failed,Customer requested more details.
4236,1988,Site Visit,2025-09-02,Pending,Discussed budget and preferred location.
4237,844,Document Shared,2025-07-01,Completed,Discussed budget and preferred location.
4238,1535,WhatsApp,2025-12-08,Completed,Shared available property options.
4239,420,SMS,2025-09-12,Failed,Discussed budget and preferred location.
4240,2799,Site Visit,2025-10-20,Failed,Sent lease and booking information.
4241,1989,SMS,2025-04-04,Completed,Shared available property options.
4242,1933,Document Shared,2025-10-30,Pending,Sent lease and booking information.
4243,1850,Call,2026-04-24,Completed,No response from customer.
4244,306,WhatsApp,2026-05-13,Failed,Sent lease and booking information.
4245,2750,Call,2025-04-23,Pending,Sent lease and booking information.
4246,869,Email,2026-03-28,Pending,No response from customer.
4247,2585,Email,2025-08-02,Failed,No response from customer.
4248,1136,Document Shared,2025-10-27,Completed,Shared available property options.
4249,1435,Follow-up,2025-07-11,Pending,Customer requested more details.
4250,206,WhatsApp,2026-05-16,Pending,Scheduled follow-up call.
4251,496,Call,2026-01-01,Pending,No response from customer.
4252,1910,Follow-up,2026-02-08,Pending,Shared available property options.
4253,2552,SMS,2025-06-18,Failed,Scheduled follow-up call.
4254,1046,WhatsApp,2025-11-02,Completed,Customer requested more details.
4255,213,Follow-up,2026-06-02,Failed,Scheduled follow-up call.
4256,310,Site Visit,2025-02-10,Failed,Shared available property options.
4257,2709,Call,2025-07-26,Pending,Sent lease and booking information.
4258,1992,SMS,2026-05-16,Pending,Customer requested more details.
4259,2801,WhatsApp,2025-08-27,Completed,Scheduled follow-up call.
4260,272,WhatsApp,2025-09-29,Completed,Customer requested more details.
4261,1823,Site Visit,2025-05-11,Pending,Scheduled follow-up call.
4262,2986,Follow-up,2026-05-29,Failed,Discussed budget and preferred location.
4263,2080,Follow-up,2025-05-10,Failed,Customer requested more details.
4264,443,Call,2026-02-21,Failed,No response from customer.
4265,2210,Follow-up,2025-08-19,Completed,Customer requested more details.
4266,2815,Email,2025-10-24,Failed,Sent lease and booking information.
4267,254,Follow-up,2026-06-21,Completed,Discussed budget and preferred location.
4268,521,Document Shared,2025-12-24,Completed,Discussed budget and preferred location.
4269,977,WhatsApp,2026-04-10,Pending,Sent lease and booking information.
4270,10,Document Shared,2025-12-15,Completed,Shared available property options.
4271,2774,SMS,2025-10-02,Failed,Sent lease and booking information.
4272,2553,Site Visit,2025-08-28,Failed,No response from customer.
4273,2833,Call,2025-06-24,Completed,Sent lease and booking information.
4274,1584,Document Shared,2026-02-01,Completed,Scheduled follow-up call.
4275,2484,SMS,2025-03-24,Failed,No response from customer.
4276,1135,SMS,2026-03-21,Pending,No response from customer.
4277,153,SMS,2025-09-14,Completed,No response from customer.
4278,1659,Email,2025-12-11,Pending,No response from customer.
4279,2965,Email,2026-05-30,Failed,Customer requested more details.
4280,2917,WhatsApp,2026-03-07,Failed,Discussed budget and preferred location.
4281,2801,Document Shared,2025-09-05,Failed,Shared available property options.
4282,1857,WhatsApp,2025-10-28,Failed,Shared available property options.
4283,1215,SMS,2026-03-06,Completed,No response from customer.
4284,1753,Site Visit,2025-06-21,Pending,Customer requested more details.
4285,2611,Site Visit,2025-04-22,Completed,Shared available property options.
4286,1105,Site Visit,2025-12-08,Pending,Customer requested more details.
4287,2537,WhatsApp,2026-02-23,Failed,Customer requested more details.
4288,895,Follow-up,2025-10-11,Pending,Sent lease and booking information.
4289,1112,Follow-up,2026-06-08,Failed,Customer requested more details.
4290,104,WhatsApp,2025-05-24,Failed,Customer requested more details.
4291,1915,Follow-up,2025-12-24,Failed,Scheduled follow-up call.
4292,1007,Site Visit,2026-01-27,Failed,Customer requested more details.
4293,407,Document Shared,2026-03-30,Completed,Sent lease and booking information.
4294,1402,WhatsApp,2025-11-03,Failed,Shared available property options.
4295,167,Follow-up,2025-06-07,Failed,Discussed budget and preferred location.
4296,509,Follow-up,2026-03-15,Pending,Discussed budget and preferred location.
4297,1662,Email,2025-01-31,Completed,Customer requested more details.
4298,2361,Site Visit,2025-08-29,Pending,Scheduled follow-up call.
4299,763,Email,2026-04-03,Failed,Customer requested more details.
4300,681,Follow-up,2026-02-20,Completed,Shared available property options.
4301,2525,Follow-up,2026-01-14,Failed,Discussed budget and preferred location.
4302,2121,WhatsApp,2025-08-02,Completed,Scheduled follow-up call.
4303,1165,Follow-up,2026-01-06,Failed,Shared available property options.
4304,582,SMS,2025-06-14,Completed,Customer requested more details.
4305,262,WhatsApp,2025-11-23,Completed,Discussed budget and preferred location.
4306,1364,Follow-up,2025-04-10,Completed,No response from customer.
4307,1332,Email,2025-12-06,Failed,Discussed budget and preferred location.
4308,2293,SMS,2025-10-03,Failed,Sent lease and booking information.
4309,1539,Follow-up,2025-07-01,Failed,Customer requested more details.
4310,561,Follow-up,2025-12-11,Pending,Discussed budget and preferred location.
4311,1100,Email,2026-07-07,Completed,Scheduled follow-up call.
4312,1904,Site Visit,2025-05-15,Failed,Discussed budget and preferred location.
4313,175,Email,2025-11-10,Failed,Discussed budget and preferred location.
4314,2157,Follow-up,2025-11-26,Failed,Discussed budget and preferred location.
4315,2231,Email,2026-01-20,Completed,Scheduled follow-up call.
4316,192,Email,2025-03-07,Pending,Scheduled follow-up call.
4317,65,Follow-up,2026-04-11,Failed,Discussed budget and preferred location.
4318,1498,Email,2026-05-26,Pending,Shared available property options.
4319,1568,Email,2026-05-20,Pending,Discussed budget and preferred location.
4320,2912,Site Visit,2025-11-10,Failed,Customer requested more details.
4321,1152,Site Visit,2025-10-08,Failed,Shared available property options.
4322,1938,SMS,2025-09-05,Completed,Discussed budget and preferred location.
4323,369,SMS,2025-11-25,Failed,Discussed budget and preferred location.
4324,851,Site Visit,2025-07-16,Pending,Sent lease and booking information.
4325,43,Document Shared,2025-03-09,Completed,No response from customer.
4326,1908,Email,2025-05-06,Pending,Sent lease and booking information.
4327,2536,Email,2026-05-08,Failed,Shared available property options.
4328,78,Document Shared,2025-06-14,Completed,Customer requested more details.
4329,2874,WhatsApp,2025-06-28,Completed,Customer requested more details.
4330,1825,Follow-up,2026-05-23,Failed,No response from customer.
4331,1294,SMS,2026-03-13,Failed,Customer requested more details.
4332,674,SMS,2025-07-26,Completed,Shared available property options.
4333,701,Site Visit,2025-08-22,Completed,Customer requested more details.
4334,759,Call,2026-06-27,Completed,Shared available property options.
4335,1924,Email,2026-04-17,Completed,Shared available property options.
4336,2776,Call,2025-09-30,Pending,No response from customer.
4337,2973,Site Visit,2025-08-31,Failed,Shared available property options.
4338,902,Follow-up,2025-04-23,Completed,No response from customer.
4339,2937,WhatsApp,2026-02-08,Completed,Discussed budget and preferred location.
4340,993,Email,2026-04-25,Pending,Scheduled follow-up call.
4341,1192,WhatsApp,2025-05-07,Completed,Sent lease and booking information.
4342,2387,Call,2026-01-06,Completed,Customer requested more details.
4343,2241,WhatsApp,2025-03-12,Completed,Discussed budget and preferred location.
4344,1477,Follow-up,2025-11-08,Failed,Scheduled follow-up call.
4345,2331,Email,2025-11-16,Pending,Discussed budget and preferred location.
4346,390,Site Visit,2025-07-05,Pending,Shared available property options.
4347,1000,SMS,2025-09-15,Completed,Discussed budget and preferred location.
4348,525,Document Shared,2025-03-10,Failed,Sent lease and booking information.
4349,1856,Call,2026-01-29,Pending,Sent lease and booking information.
4350,1507,Follow-up,2025-09-28,Completed,Scheduled follow-up call.
4351,659,WhatsApp,2026-03-09,Failed,Discussed budget and preferred location.
4352,2764,WhatsApp,2025-08-09,Completed,Customer requested more details.
4353,891,Site Visit,2025-08-19,Pending,Scheduled follow-up call.
4354,1482,WhatsApp,2026-07-11,Failed,No response from customer.
4355,452,Follow-up,2025-02-13,Completed,Scheduled follow-up call.
4356,2476,WhatsApp,2026-02-16,Failed,Customer requested more details.
4357,1538,Document Shared,2025-03-14,Failed,Customer requested more details.
4358,883,Site Visit,2025-02-11,Pending,Shared available property options.
4359,313,Document Shared,2026-05-22,Failed,No response from customer.
4360,840,Document Shared,2025-09-13,Pending,Sent lease and booking information.
4361,2567,Site Visit,2025-11-29,Failed,Discussed budget and preferred location.
4362,375,WhatsApp,2026-02-28,Completed,Discussed budget and preferred location.
4363,451,Email,2025-05-27,Failed,Customer requested more details.
4364,595,SMS,2025-05-29,Pending,Shared available property options.
4365,1234,Email,2025-10-01,Completed,Discussed budget and preferred location.
4366,500,Follow-up,2025-03-27,Completed,No response from customer.
4367,464,Follow-up,2026-03-22,Completed,Customer requested more details.
4368,113,SMS,2025-04-25,Pending,Customer requested more details.
4369,1036,Document Shared,2026-05-01,Completed,Sent lease and booking information.
4370,2379,Site Visit,2026-05-13,Completed,Scheduled follow-up call.
4371,1925,WhatsApp,2025-05-18,Failed,No response from customer.
4372,140,Call,2025-02-02,Completed,Discussed budget and preferred location.
4373,1425,Email,2026-04-18,Pending,Sent lease and booking information.
4374,2950,Call,2026-03-23,Pending,Discussed budget and preferred location.
4375,517,SMS,2025-02-14,Failed,Discussed budget and preferred location.
4376,2617,Site Visit,2026-04-04,Pending,Customer requested more details.
4377,1948,Call,2025-06-15,Pending,Scheduled follow-up call.
4378,2894,Document Shared,2026-03-19,Completed,Sent lease and booking information.
4379,2166,Document Shared,2025-08-02,Completed,No response from customer.
4380,888,WhatsApp,2025-03-26,Pending,Customer requested more details.
4381,1342,Follow-up,2025-03-06,Completed,Scheduled follow-up call.
4382,50,WhatsApp,2026-03-14,Failed,No response from customer.
4383,19,WhatsApp,2025-11-20,Completed,Discussed budget and preferred location.
4384,726,SMS,2025-03-14,Completed,Sent lease and booking information.
4385,2245,Email,2025-07-17,Pending,Customer requested more details.
4386,1474,Call,2025-09-27,Failed,Sent lease and booking information.
4387,2607,SMS,2025-04-22,Completed,Customer requested more details.
4388,452,SMS,2025-02-11,Pending,Scheduled follow-up call.
4389,2337,Email,2025-10-19,Failed,Sent lease and booking information.
4390,1165,SMS,2025-12-03,Failed,No response from customer.
4391,1108,Follow-up,2026-01-24,Completed,No response from customer.
4392,2439,SMS,2025-04-19,Completed,Customer requested more details.
4393,215,WhatsApp,2025-09-26,Completed,Shared available property options.
4394,1550,Document Shared,2025-10-02,Completed,Customer requested more details.
4395,2263,WhatsApp,2025-09-02,Pending,Sent lease and booking information.
4396,128,Site Visit,2026-05-27,Failed,Discussed budget and preferred location.
4397,1846,Document Shared,2025-07-04,Completed,Sent lease and booking information.
4398,760,Call,2025-09-15,Completed,Discussed budget and preferred location.
4399,2452,Email,2025-04-15,Completed,Discussed budget and preferred location.
4400,1816,Site Visit,2026-02-06,Failed,No response from customer.
4401,2386,Call,2025-07-30,Pending,Customer requested more details.
4402,2879,SMS,2026-03-10,Completed,No response from customer.
4403,2762,Site Visit,2025-10-08,Pending,Sent lease and booking information.
4404,361,Call,2025-12-02,Failed,Customer requested more details.
4405,569,Call,2025-11-14,Pending,Shared available property options.
4406,1416,Site Visit,2025-11-08,Completed,Discussed budget and preferred location.
4407,2266,Site Visit,2026-01-09,Completed,Discussed budget and preferred location.
4408,1598,Site Visit,2025-07-17,Completed,Discussed budget and preferred location.
4409,1693,Site Visit,2026-02-19,Failed,Sent lease and booking information.
4410,202,Email,2025-03-21,Completed,No response from customer.
4411,2065,Site Visit,2025-12-26,Pending,Discussed budget and preferred location.
4412,2370,Site Visit,2025-12-31,Failed,Scheduled follow-up call.
4413,518,Site Visit,2025-05-11,Completed,Sent lease and booking information.
4414,1349,Document Shared,2025-12-03,Failed,Shared available property options.
4415,1436,WhatsApp,2025-07-18,Pending,Customer requested more details.
4416,1342,Call,2025-02-27,Failed,Customer requested more details.
4417,681,Call,2026-03-04,Completed,Sent lease and booking information.
4418,1989,Call,2025-03-29,Completed,Shared available property options.
4419,1492,Follow-up,2025-11-25,Completed,Shared available property options.
4420,425,Document Shared,2026-02-20,Completed,Sent lease and booking information.
4421,1969,Follow-up,2025-11-12,Completed,Shared available property options.
4422,1713,SMS,2025-11-06,Completed,Customer requested more details.
4423,2435,SMS,2026-04-25,Failed,Customer requested more details.
4424,778,WhatsApp,2025-11-03,Failed,Discussed budget and preferred location.
4425,2146,Site Visit,2026-06-08,Completed,No response from customer.
4426,1827,Call,2026-04-28,Failed,Discussed budget and preferred location.
4427,208,Document Shared,2026-04-22,Failed,Sent lease and booking information.
4428,1538,Email,2025-04-11,Completed,Customer requested more details.
4429,1660,WhatsApp,2026-01-05,Pending,Customer requested more details.
4430,2634,WhatsApp,2026-02-26,Pending,No response from customer.
4431,2214,Site Visit,2026-06-22,Failed,Customer requested more details.
4432,22,Email,2025-10-28,Completed,Sent lease and booking information.
4433,154,SMS,2026-01-03,Failed,Shared available property options.
4434,1963,WhatsApp,2025-05-17,Completed,Discussed budget and preferred location.
4435,219,WhatsApp,2026-04-20,Failed,Customer requested more details.
4436,669,Email,2025-09-23,Failed,Scheduled follow-up call.
4437,1519,Site Visit,2026-03-31,Failed,Sent lease and booking information.
4438,2278,SMS,2026-03-08,Pending,Scheduled follow-up call.
4439,2068,Document Shared,2025-11-25,Failed,Shared available property options.
4440,2601,WhatsApp,2025-12-06,Failed,Discussed budget and preferred location.
4441,950,Follow-up,2025-05-16,Completed,Sent lease and booking information.
4442,2196,Document Shared,2025-04-24,Failed,Customer requested more details.
4443,403,Call,2026-01-17,Completed,Shared available property options.
4444,596,Call,2026-02-04,Failed,Scheduled follow-up call.
4445,2415,Call,2025-05-01,Pending,Shared available property options.
4446,1438,Site Visit,2026-06-20,Completed,Discussed budget and preferred location.
4447,2850,Document Shared,2026-04-12,Completed,Discussed budget and preferred location.
4448,2966,Call,2026-05-10,Completed,Scheduled follow-up call.
4449,1158,Site Visit,2026-03-01,Completed,Scheduled follow-up call.
4450,1743,Email,2025-06-28,Pending,No response from customer.
4451,1307,SMS,2025-08-03,Failed,Sent lease and booking information.
4452,73,Document Shared,2025-01-25,Completed,Scheduled follow-up call.
4453,481,WhatsApp,2026-02-17,Completed,Scheduled follow-up call.
4454,560,Follow-up,2025-11-20,Pending,Sent lease and booking information.
4455,745,Email,2026-06-17,Pending,Customer requested more details.
4456,1467,Call,2025-06-03,Failed,No response from customer.
4457,100,Email,2025-06-08,Pending,Customer requested more details.
4458,1083,Site Visit,2025-07-01,Failed,Discussed budget and preferred location.
4459,2556,WhatsApp,2026-02-23,Failed,Scheduled follow-up call.
4460,2306,Follow-up,2025-09-29,Completed,No response from customer.
4461,413,Email,2025-11-14,Pending,No response from customer.
4462,1089,Document Shared,2026-06-02,Failed,Shared available property options.
4463,2643,WhatsApp,2026-06-19,Completed,Scheduled follow-up call.
4464,1178,Email,2025-03-09,Pending,Sent lease and booking information.
4465,2009,Call,2025-10-05,Pending,No response from customer.
4466,2314,Follow-up,2025-05-05,Failed,Discussed budget and preferred location.
4467,821,Site Visit,2025-03-19,Completed,Sent lease and booking information.
4468,662,Follow-up,2026-06-11,Failed,Sent lease and booking information.
4469,2995,Call,2026-01-20,Failed,No response from customer.
4470,560,Follow-up,2025-12-18,Pending,Shared available property options.
4471,2965,Email,2026-07-03,Pending,Scheduled follow-up call.
4472,2939,WhatsApp,2025-07-09,Failed,Scheduled follow-up call.
4473,1272,SMS,2025-03-03,Failed,Shared available property options.
4474,1814,Site Visit,2025-01-28,Pending,No response from customer.
4475,2916,Email,2026-05-25,Completed,Sent lease and booking information.
4476,610,Document Shared,2026-01-09,Failed,Scheduled follow-up call.
4477,2462,Site Visit,2026-01-13,Failed,Shared available property options.
4478,25,Site Visit,2025-03-16,Completed,Discussed budget and preferred location.
4479,2029,WhatsApp,2025-06-27,Completed,Sent lease and booking information.
4480,284,Site Visit,2025-08-23,Pending,Shared available property options.
4481,1473,Follow-up,2026-05-07,Completed,Discussed budget and preferred location.
4482,2929,WhatsApp,2026-07-11,Completed,Scheduled follow-up call.
4483,301,Call,2025-04-09,Completed,Shared available property options.
4484,1092,Follow-up,2025-03-08,Failed,Scheduled follow-up call.
4485,1031,Call,2026-04-10,Failed,Scheduled follow-up call.
4486,817,Document Shared,2025-08-12,Completed,Scheduled follow-up call.
4487,83,Email,2025-12-09,Completed,Scheduled follow-up call.
4488,1921,Document Shared,2025-11-27,Completed,Shared available property options.
4489,2094,Site Visit,2025-08-30,Pending,Sent lease and booking information.
4490,618,Site Visit,2025-11-28,Pending,Scheduled follow-up call.
4491,2976,Email,2025-02-20,Failed,Shared available property options.
4492,2310,WhatsApp,2026-05-22,Pending,Shared available property options.
4493,176,WhatsApp,2025-12-10,Completed,Sent lease and booking information.
4494,1190,SMS,2026-04-14,Completed,Shared available property options.
4495,2705,WhatsApp,2026-06-02,Completed,Scheduled follow-up call.
4496,842,Site Visit,2025-02-21,Completed,Scheduled follow-up call.
4497,370,Document Shared,2025-12-14,Completed,Scheduled follow-up call.
4498,1819,Document Shared,2025-06-28,Failed,Scheduled follow-up call.
4499,2102,Document Shared,2025-08-02,Pending,Customer requested more details.
4500,690,Document Shared,2026-05-25,Completed,Customer requested more details.
4501,1780,Call,2025-07-28,Pending,Discussed budget and preferred location.
4502,1365,WhatsApp,2026-03-31,Failed,Customer requested more details.
4503,1433,Site Visit,2026-06-15,Failed,Sent lease and booking information.
4504,367,WhatsApp,2025-04-30,Completed,Customer requested more details.
4505,644,Document Shared,2025-12-31,Completed,Discussed budget and preferred location.
4506,2427,Follow-up,2025-05-21,Completed,Customer requested more details.
4507,73,Email,2025-02-06,Pending,Scheduled follow-up call.
4508,2963,Site Visit,2026-06-22,Completed,Discussed budget and preferred location.
4509,1272,SMS,2025-03-23,Pending,Sent lease and booking information.
4510,860,Site Visit,2026-01-12,Failed,Discussed budget and preferred location.
4511,43,Email,2025-02-17,Failed,Discussed budget and preferred location.
4512,2425,Document Shared,2025-11-08,Pending,Scheduled follow-up call.
4513,1065,Site Visit,2025-10-15,Completed,Discussed budget and preferred location.
4514,2218,SMS,2025-07-31,Pending,Sent lease and booking information.
4515,2260,Site Visit,2025-08-30,Completed,Scheduled follow-up call.
4516,1517,Email,2026-04-03,Completed,Shared available property options.
4517,2087,Email,2025-08-03,Completed,Discussed budget and preferred location.
4518,369,WhatsApp,2025-11-27,Completed,No response from customer.
4519,2805,SMS,2025-09-06,Completed,Scheduled follow-up call.
4520,151,Email,2026-01-30,Completed,No response from customer.
4521,1135,SMS,2026-03-26,Completed,Discussed budget and preferred location.
4522,1504,SMS,2025-11-21,Failed,Customer requested more details.
4523,1460,Follow-up,2026-06-05,Pending,No response from customer.
4524,1071,Document Shared,2025-10-20,Failed,Customer requested more details.
4525,1024,Site Visit,2026-04-14,Failed,Shared available property options.
4526,1599,WhatsApp,2026-05-06,Completed,Sent lease and booking information.
4527,2785,WhatsApp,2025-05-31,Pending,Sent lease and booking information.
4528,2041,Call,2026-06-02,Completed,Shared available property options.
4529,1390,Follow-up,2025-09-07,Failed,Discussed budget and preferred location.
4530,69,WhatsApp,2025-09-02,Pending,Scheduled follow-up call.
4531,2347,Call,2025-10-26,Failed,No response from customer.
4532,944,Email,2025-06-07,Completed,Discussed budget and preferred location.
4533,802,Call,2025-04-09,Pending,Shared available property options.
4534,2344,SMS,2025-06-07,Completed,Discussed budget and preferred location.
4535,2251,Document Shared,2025-11-28,Completed,Customer requested more details.
4536,61,Site Visit,2025-10-26,Failed,No response from customer.
4537,946,Site Visit,2025-10-13,Pending,Discussed budget and preferred location.
4538,1338,WhatsApp,2025-08-05,Failed,No response from customer.
4539,1185,Call,2026-05-06,Pending,Shared available property options.
4540,331,SMS,2025-11-07,Completed,Discussed budget and preferred location.
4541,1552,Document Shared,2025-09-28,Pending,Scheduled follow-up call.
4542,338,Call,2025-08-29,Pending,No response from customer.
4543,1630,Document Shared,2025-08-17,Failed,No response from customer.
4544,1328,Call,2025-08-21,Failed,Shared available property options.
4545,1527,Document Shared,2025-10-30,Failed,Shared available property options.
4546,1674,Call,2025-11-28,Failed,Scheduled follow-up call.
4547,1362,SMS,2025-12-19,Pending,Discussed budget and preferred location.
4548,1574,Follow-up,2025-09-07,Failed,Discussed budget and preferred location.
4549,2687,WhatsApp,2025-05-14,Completed,No response from customer.
4550,275,WhatsApp,2026-02-21,Failed,Customer requested more details.
4551,1188,Email,2025-05-24,Pending,Shared available property options.
4552,2367,Document Shared,2026-05-16,Failed,Shared available property options.
4553,2637,Follow-up,2025-05-07,Completed,Shared available property options.
4554,2552,Site Visit,2025-06-24,Failed,Shared available property options.
4555,2435,Document Shared,2026-04-13,Completed,Sent lease and booking information.
4556,1994,Site Visit,2025-06-25,Failed,Customer requested more details.
4557,870,Call,2026-02-22,Pending,Shared available property options.
4558,2881,SMS,2025-06-16,Failed,Scheduled follow-up call.
4559,1015,SMS,2026-04-17,Completed,Customer requested more details.
4560,1912,WhatsApp,2025-06-16,Completed,Shared available property options.
4561,603,Call,2025-06-19,Completed,Scheduled follow-up call.
4562,1800,Document Shared,2025-11-30,Failed,No response from customer.
4563,691,Site Visit,2025-11-16,Pending,Sent lease and booking information.
4564,494,Email,2025-08-02,Completed,Scheduled follow-up call.
4565,490,Call,2025-06-18,Completed,No response from customer.
4566,2769,Follow-up,2026-02-18,Pending,Shared available property options.
4567,2557,Email,2025-05-21,Failed,No response from customer.
4568,390,Document Shared,2025-06-01,Failed,Discussed budget and preferred location.
4569,295,Follow-up,2025-12-20,Pending,Scheduled follow-up call.
4570,1393,SMS,2025-07-09,Failed,Scheduled follow-up call.
4571,2844,Call,2026-05-05,Pending,Shared available property options.
4572,2913,Site Visit,2025-02-28,Failed,Scheduled follow-up call.
4573,1718,Follow-up,2025-09-19,Pending,Sent lease and booking information.
4574,2597,Site Visit,2025-04-29,Failed,Customer requested more details.
4575,649,WhatsApp,2025-07-17,Completed,Scheduled follow-up call.
4576,1874,Document Shared,2025-07-28,Failed,Shared available property options.
4577,568,Follow-up,2025-10-26,Failed,No response from customer.
4578,2901,Document Shared,2026-02-16,Completed,Shared available property options.
4579,2818,Document Shared,2025-11-16,Pending,Sent lease and booking information.
4580,445,Document Shared,2025-08-12,Completed,Discussed budget and preferred location.
4581,363,Email,2025-08-19,Failed,Scheduled follow-up call.
4582,2171,Document Shared,2025-03-20,Completed,Sent lease and booking information.
4583,1212,Email,2025-06-06,Pending,Sent lease and booking information.
4584,742,Site Visit,2025-10-28,Pending,Customer requested more details.
4585,2042,Document Shared,2025-02-10,Completed,Shared available property options.
4586,680,WhatsApp,2025-11-22,Pending,Discussed budget and preferred location.
4587,2468,Email,2026-03-11,Failed,Shared available property options.
4588,1643,Call,2025-06-11,Failed,Customer requested more details.
4589,1573,Call,2025-04-11,Pending,Discussed budget and preferred location.
4590,1359,Email,2025-12-10,Pending,Scheduled follow-up call.
4591,2140,Email,2025-10-21,Completed,Sent lease and booking information.
4592,63,Site Visit,2026-03-24,Failed,Customer requested more details.
4593,2560,Site Visit,2025-07-28,Pending,Shared available property options.
4594,1163,WhatsApp,2026-02-26,Pending,No response from customer.
4595,1229,WhatsApp,2026-01-15,Pending,Discussed budget and preferred location.
4596,2820,Call,2025-10-27,Completed,Scheduled follow-up call.
4597,256,WhatsApp,2025-03-24,Completed,Discussed budget and preferred location.
4598,135,SMS,2025-12-20,Pending,Shared available property options.
4599,875,SMS,2025-03-08,Completed,Discussed budget and preferred location.
4600,822,Site Visit,2026-05-19,Completed,Sent lease and booking information.
4601,2136,Document Shared,2025-03-19,Pending,Scheduled follow-up call.
4602,823,Document Shared,2026-02-01,Pending,Discussed budget and preferred location.
4603,974,Site Visit,2025-02-28,Failed,Discussed budget and preferred location.
4604,2982,SMS,2026-05-09,Pending,Sent lease and booking information.
4605,1778,WhatsApp,2025-08-13,Pending,Scheduled follow-up call.
4606,121,Site Visit,2025-05-07,Failed,Shared available property options.
4607,1638,Email,2026-03-07,Pending,Discussed budget and preferred location.
4608,1365,Site Visit,2026-04-26,Failed,Sent lease and booking information.
4609,1008,Document Shared,2025-06-28,Pending,Customer requested more details.
4610,925,Document Shared,2026-05-11,Failed,Discussed budget and preferred location.
4611,645,Document Shared,2025-11-24,Pending,Discussed budget and preferred location.
4612,2033,WhatsApp,2026-04-22,Pending,Sent lease and booking information.
4613,2762,Site Visit,2025-10-27,Completed,Discussed budget and preferred location.
4614,2908,Call,2026-03-28,Failed,Discussed budget and preferred location.
4615,2069,Document Shared,2025-02-09,Completed,Shared available property options.
4616,242,SMS,2025-04-04,Pending,Customer requested more details.
4617,2503,WhatsApp,2025-06-15,Pending,Shared available property options.
4618,2669,WhatsApp,2025-04-19,Completed,Scheduled follow-up call.
4619,2351,Document Shared,2025-02-09,Completed,No response from customer.
4620,1620,Follow-up,2026-01-07,Pending,Scheduled follow-up call.
4621,803,Call,2025-06-24,Pending,Customer requested more details.
4622,964,SMS,2025-04-13,Pending,Sent lease and booking information.
4623,69,Site Visit,2025-09-16,Completed,Scheduled follow-up call.
4624,1153,Site Visit,2025-11-04,Completed,Sent lease and booking information.
4625,196,Site Visit,2025-06-16,Pending,Customer requested more details.
4626,2188,Follow-up,2025-08-29,Failed,Discussed budget and preferred location.
4627,2331,Email,2025-12-04,Pending,No response from customer.
4628,2360,Call,2025-07-30,Pending,No response from customer.
4629,746,Email,2026-06-10,Completed,Discussed budget and preferred location.
4630,1689,Call,2025-10-19,Completed,Customer requested more details.
4631,277,Document Shared,2025-08-13,Pending,Discussed budget and preferred location.
4632,61,Call,2025-09-26,Pending,Scheduled follow-up call.
4633,1914,Email,2025-12-07,Completed,Shared available property options.
4634,2100,Document Shared,2025-04-08,Failed,Discussed budget and preferred location.
4635,2201,Email,2026-05-02,Failed,Discussed budget and preferred location.
4636,1773,Document Shared,2025-08-07,Completed,Customer requested more details.
4637,1335,Email,2025-04-02,Failed,Sent lease and booking information.
4638,1838,Email,2026-03-12,Failed,Scheduled follow-up call.
4639,2592,Call,2025-07-16,Pending,Discussed budget and preferred location.
4640,567,Site Visit,2025-06-21,Pending,Customer requested more details.
4641,1572,Call,2026-01-15,Failed,Discussed budget and preferred location.
4642,622,Follow-up,2026-01-19,Pending,Discussed budget and preferred location.
4643,2026,SMS,2025-04-06,Failed,Discussed budget and preferred location.
4644,1201,Email,2026-06-08,Completed,Shared available property options.
4645,314,Email,2025-03-17,Failed,Shared available property options.
4646,2855,Follow-up,2025-02-01,Completed,Scheduled follow-up call.
4647,2896,WhatsApp,2026-02-17,Completed,No response from customer.
4648,2145,Follow-up,2025-02-03,Pending,Shared available property options.
4649,2929,Call,2026-06-01,Pending,No response from customer.
4650,1237,WhatsApp,2025-02-20,Pending,Customer requested more details.
4651,2877,Email,2026-05-26,Completed,Sent lease and booking information.
4652,137,SMS,2025-10-11,Failed,Shared available property options.
4653,1030,Email,2025-01-26,Completed,Discussed budget and preferred location.
4654,2157,WhatsApp,2025-12-23,Completed,Sent lease and booking information.
4655,2595,Email,2026-02-24,Completed,No response from customer.
4656,662,Site Visit,2026-06-04,Pending,Sent lease and booking information.
4657,2473,Email,2025-04-20,Pending,Shared available property options.
4658,2678,SMS,2026-02-22,Completed,No response from customer.
4659,2309,SMS,2026-01-25,Pending,Scheduled follow-up call.
4660,87,Call,2025-12-02,Pending,No response from customer.
4661,2513,Site Visit,2026-06-22,Failed,Shared available property options.
4662,2124,Email,2025-07-11,Failed,Sent lease and booking information.
4663,2519,Follow-up,2025-04-27,Failed,Discussed budget and preferred location.
4664,2462,Site Visit,2026-01-14,Failed,Discussed budget and preferred location.
4665,2873,Call,2025-12-04,Failed,Discussed budget and preferred location.
4666,2943,WhatsApp,2025-12-29,Failed,Discussed budget and preferred location.
4667,2774,Site Visit,2025-09-28,Failed,Sent lease and booking information.
4668,2505,Document Shared,2025-12-31,Pending,Customer requested more details.
4669,1309,Document Shared,2026-04-08,Completed,Customer requested more details.
4670,1701,SMS,2025-12-09,Pending,Customer requested more details.
4671,2701,SMS,2025-07-08,Failed,Sent lease and booking information.
4672,2720,Document Shared,2026-03-26,Pending,Customer requested more details.
4673,495,Email,2025-12-02,Completed,No response from customer.
4674,1648,WhatsApp,2025-09-16,Failed,No response from customer.
4675,1943,Follow-up,2025-09-07,Pending,Scheduled follow-up call.
4676,1069,SMS,2026-02-12,Pending,Scheduled follow-up call.
4677,1425,SMS,2026-05-03,Completed,Customer requested more details.
4678,597,Document Shared,2025-12-01,Failed,Sent lease and booking information.
4679,450,SMS,2025-09-28,Failed,Discussed budget and preferred location.
4680,485,Email,2026-05-01,Failed,Discussed budget and preferred location.
4681,646,Call,2025-11-11,Completed,Shared available property options.
4682,2668,Follow-up,2025-06-22,Pending,Scheduled follow-up call.
4683,1630,SMS,2025-08-31,Failed,Scheduled follow-up call.
4684,662,WhatsApp,2026-06-11,Completed,Scheduled follow-up call.
4685,758,WhatsApp,2026-01-23,Pending,Discussed budget and preferred location.
4686,289,Call,2026-04-10,Failed,No response from customer.
4687,721,Document Shared,2025-10-26,Failed,Sent lease and booking information.
4688,638,Email,2025-09-27,Completed,Discussed budget and preferred location.
4689,2283,WhatsApp,2025-08-23,Failed,Scheduled follow-up call.
4690,2464,WhatsApp,2026-06-05,Pending,Discussed budget and preferred location.
4691,2986,SMS,2026-05-14,Pending,Scheduled follow-up call.
4692,499,SMS,2025-10-31,Completed,Discussed budget and preferred location.
4693,634,Email,2026-06-24,Failed,Discussed budget and preferred location.
4694,1674,Site Visit,2025-11-17,Completed,Customer requested more details.
4695,2031,Call,2026-04-04,Completed,Sent lease and booking information.
4696,115,WhatsApp,2025-12-31,Completed,Sent lease and booking information.
4697,2980,Email,2025-05-14,Pending,Shared available property options.
4698,674,WhatsApp,2025-07-13,Completed,No response from customer.
4699,1737,Site Visit,2026-02-06,Pending,Discussed budget and preferred location.
4700,1258,Email,2025-01-09,Failed,Sent lease and booking information.
4701,2254,Follow-up,2025-01-26,Completed,Shared available property options.
4702,2295,WhatsApp,2025-10-04,Failed,Customer requested more details.
4703,2806,SMS,2025-05-30,Failed,Scheduled follow-up call.
4704,147,SMS,2025-01-10,Failed,Discussed budget and preferred location.
4705,2166,Site Visit,2025-07-25,Pending,No response from customer.
4706,412,Email,2026-02-16,Completed,Shared available property options.
4707,1688,Site Visit,2025-08-08,Pending,Sent lease and booking information.
4708,2411,Call,2025-07-24,Failed,Shared available property options.
4709,1533,Site Visit,2025-12-27,Pending,Scheduled follow-up call.
4710,137,Call,2025-10-15,Completed,Scheduled follow-up call.
4711,19,Site Visit,2025-11-12,Pending,Discussed budget and preferred location.
4712,2243,Call,2025-03-26,Pending,Sent lease and booking information.
4713,2378,SMS,2025-04-03,Completed,Customer requested more details.
4714,1960,Follow-up,2025-01-16,Pending,No response from customer.
4715,2223,Site Visit,2026-01-08,Failed,Discussed budget and preferred location.
4716,1002,WhatsApp,2026-03-05,Completed,Discussed budget and preferred location.
4717,449,Follow-up,2025-07-19,Failed,Scheduled follow-up call.
4718,1949,Site Visit,2025-03-03,Pending,Customer requested more details.
4719,946,Email,2025-10-03,Failed,Scheduled follow-up call.
4720,1378,Document Shared,2026-06-28,Pending,Sent lease and booking information.
4721,1523,Call,2026-04-04,Failed,Shared available property options.
4722,141,Call,2026-03-09,Pending,No response from customer.
4723,2806,Document Shared,2025-07-05,Pending,No response from customer.
4724,1921,Document Shared,2025-12-18,Pending,Sent lease and booking information.
4725,2978,WhatsApp,2026-05-25,Failed,No response from customer.
4726,93,Email,2025-08-04,Failed,Sent lease and booking information.
4727,239,Document Shared,2025-03-16,Failed,Discussed budget and preferred location.
4728,205,Site Visit,2025-02-23,Completed,Customer requested more details.
4729,2608,Call,2025-05-08,Completed,Sent lease and booking information.
4730,1457,Call,2025-04-11,Completed,Discussed budget and preferred location.
4731,245,Call,2025-03-20,Pending,Discussed budget and preferred location.
4732,832,Follow-up,2025-01-21,Pending,Sent lease and booking information.
4733,2973,Follow-up,2025-09-12,Pending,Shared available property options.
4734,295,SMS,2025-12-07,Failed,Discussed budget and preferred location.
4735,2688,Email,2025-10-20,Completed,No response from customer.
4736,856,WhatsApp,2025-04-15,Failed,Discussed budget and preferred location.
4737,2065,Call,2025-12-10,Pending,Shared available property options.
4738,71,Document Shared,2025-03-31,Pending,Discussed budget and preferred location.
4739,1293,Call,2026-06-22,Pending,No response from customer.
4740,1349,Call,2025-11-14,Pending,Shared available property options.
4741,305,SMS,2026-03-24,Failed,Discussed budget and preferred location.
4742,1031,Document Shared,2026-03-15,Pending,Customer requested more details.
4743,1338,Site Visit,2025-07-24,Pending,No response from customer.
4744,817,WhatsApp,2025-08-25,Pending,No response from customer.
4745,1127,Call,2026-05-19,Failed,Customer requested more details.
4746,821,Document Shared,2025-04-08,Completed,Customer requested more details.
4747,193,Site Visit,2025-03-07,Pending,Sent lease and booking information.
4748,1777,Document Shared,2025-02-14,Failed,Sent lease and booking information.
4749,529,Follow-up,2026-04-16,Pending,No response from customer.
4750,2219,SMS,2025-07-31,Failed,Shared available property options.
4751,251,SMS,2025-01-21,Completed,Scheduled follow-up call.
4752,1789,Follow-up,2025-05-30,Failed,Sent lease and booking information.
4753,2589,SMS,2025-08-07,Pending,Shared available property options.
4754,2027,WhatsApp,2025-10-21,Failed,No response from customer.
4755,2464,SMS,2026-06-14,Completed,Shared available property options.
4756,2842,SMS,2025-08-03,Completed,Customer requested more details.
4757,1404,WhatsApp,2025-07-31,Pending,Shared available property options.
4758,1168,SMS,2025-12-07,Pending,Shared available property options.
4759,2073,Document Shared,2025-04-10,Pending,Discussed budget and preferred location.
4760,2716,WhatsApp,2025-10-24,Failed,Shared available property options.
4761,1097,Call,2025-11-06,Completed,Shared available property options.
4762,2680,Site Visit,2025-04-17,Completed,Sent lease and booking information.
4763,1848,Site Visit,2025-08-04,Pending,Discussed budget and preferred location.
4764,505,Email,2025-11-01,Pending,Scheduled follow-up call.
4765,1622,Follow-up,2025-03-27,Pending,Customer requested more details.
4766,2384,Site Visit,2026-01-02,Pending,Customer requested more details.
4767,2473,Call,2025-04-07,Pending,Scheduled follow-up call.
4768,2547,WhatsApp,2026-01-20,Failed,No response from customer.
4769,1388,Email,2026-03-29,Pending,No response from customer.
4770,2995,SMS,2026-01-03,Completed,Scheduled follow-up call.
4771,2678,Email,2026-01-21,Pending,Sent lease and booking information.
4772,1223,Site Visit,2025-01-17,Failed,No response from customer.
4773,718,Call,2025-11-14,Completed,Scheduled follow-up call.
4774,339,SMS,2025-06-08,Completed,Shared available property options.
4775,659,Email,2026-02-21,Pending,Shared available property options.
4776,962,Site Visit,2025-09-19,Pending,Discussed budget and preferred location.
4777,429,Email,2025-06-07,Completed,Discussed budget and preferred location.
4778,899,SMS,2025-11-25,Completed,No response from customer.
4779,139,SMS,2026-03-20,Failed,Sent lease and booking information.
4780,2990,SMS,2026-05-22,Completed,Customer requested more details.
4781,542,SMS,2026-03-23,Failed,Scheduled follow-up call.
4782,2105,Call,2025-11-26,Completed,Discussed budget and preferred location.
4783,1256,Email,2025-01-30,Pending,Scheduled follow-up call.
4784,2706,Follow-up,2025-05-22,Completed,Shared available property options.
4785,2483,Email,2025-11-28,Completed,Discussed budget and preferred location.
4786,384,Call,2025-09-28,Completed,No response from customer.
4787,2608,Site Visit,2025-06-13,Completed,Customer requested more details.
4788,194,Site Visit,2025-07-02,Pending,Shared available property options.
4789,2582,Follow-up,2025-03-16,Failed,Customer requested more details.
4790,2566,Document Shared,2025-11-29,Failed,Discussed budget and preferred location.
4791,2764,Document Shared,2025-07-27,Failed,Shared available property options.
4792,2799,Follow-up,2025-09-22,Pending,Shared available property options.
4793,2233,SMS,2025-03-27,Failed,No response from customer.
4794,1896,Follow-up,2025-04-30,Pending,Sent lease and booking information.
4795,2340,Email,2025-02-26,Failed,Shared available property options.
4796,732,Follow-up,2026-01-08,Failed,Scheduled follow-up call.
4797,2164,Call,2025-03-29,Pending,Scheduled follow-up call.
4798,2873,Call,2025-12-03,Pending,No response from customer.
4799,685,Site Visit,2025-02-17,Completed,Scheduled follow-up call.
4800,82,SMS,2025-12-22,Pending,Discussed budget and preferred location.
4801,2882,Document Shared,2025-02-06,Failed,Customer requested more details.
4802,2381,Call,2025-03-17,Failed,Scheduled follow-up call.
4803,2605,Follow-up,2026-02-24,Pending,Discussed budget and preferred location.
4804,2383,Call,2025-04-24,Pending,Shared available property options.
4805,532,Document Shared,2025-03-25,Completed,Scheduled follow-up call.
4806,1984,SMS,2026-06-16,Pending,Scheduled follow-up call.
4807,221,Site Visit,2026-06-25,Failed,Shared available property options.
4808,635,Email,2026-04-27,Pending,Customer requested more details.
4809,1770,WhatsApp,2025-11-01,Pending,Sent lease and booking information.
4810,2371,SMS,2026-05-28,Completed,Sent lease and booking information.
4811,1875,Site Visit,2026-03-09,Failed,Scheduled follow-up call.
4812,3,Site Visit,2026-02-06,Failed,Scheduled follow-up call.
4813,1718,WhatsApp,2025-10-09,Completed,Customer requested more details.
4814,206,WhatsApp,2026-06-13,Completed,Sent lease and booking information.
4815,1856,Site Visit,2025-12-30,Completed,Customer requested more details.
4816,40,Follow-up,2025-03-08,Completed,Scheduled follow-up call.
4817,2107,Call,2026-01-24,Failed,Scheduled follow-up call.
4818,2999,SMS,2026-04-29,Completed,Sent lease and booking information.
4819,2622,Site Visit,2025-02-22,Failed,Discussed budget and preferred location.
4820,644,Email,2026-01-16,Pending,Discussed budget and preferred location.
4821,1531,Site Visit,2025-11-08,Pending,Customer requested more details.
4822,1908,Email,2025-04-23,Pending,Scheduled follow-up call.
4823,2891,Call,2026-05-12,Pending,Scheduled follow-up call.
4824,2667,Follow-up,2025-03-28,Completed,No response from customer.
4825,2144,Call,2026-01-12,Failed,Sent lease and booking information.
4826,898,Site Visit,2025-01-05,Completed,No response from customer.
4827,1086,Site Visit,2025-04-13,Pending,Scheduled follow-up call.
4828,1280,Site Visit,2026-06-23,Failed,Scheduled follow-up call.
4829,2609,Call,2025-10-15,Failed,Discussed budget and preferred location.
4830,2953,Email,2025-10-05,Completed,No response from customer.
4831,2396,Site Visit,2025-11-27,Pending,Customer requested more details.
4832,671,Email,2025-12-20,Completed,Sent lease and booking information.
4833,1506,Document Shared,2026-05-08,Failed,Customer requested more details.
4834,2365,Follow-up,2026-05-28,Failed,Scheduled follow-up call.
4835,719,WhatsApp,2025-12-03,Pending,Sent lease and booking information.
4836,1072,Call,2025-06-08,Pending,Customer requested more details.
4837,1956,WhatsApp,2026-03-25,Failed,No response from customer.
4838,1160,Follow-up,2025-03-15,Pending,Shared available property options.
4839,250,WhatsApp,2025-04-07,Completed,No response from customer.
4840,2362,Site Visit,2025-01-19,Failed,Shared available property options.
4841,1893,Email,2025-07-02,Failed,No response from customer.
4842,1854,Site Visit,2025-03-15,Failed,Customer requested more details.
4843,2855,Call,2025-01-29,Pending,No response from customer.
4844,1504,WhatsApp,2025-11-08,Pending,Customer requested more details.
4845,2533,Site Visit,2025-04-30,Pending,No response from customer.
4846,1235,Site Visit,2026-01-16,Completed,Scheduled follow-up call.
4847,44,Follow-up,2025-12-03,Pending,Shared available property options.
4848,2619,Site Visit,2026-06-02,Completed,Sent lease and booking information.
4849,583,WhatsApp,2026-03-10,Pending,Discussed budget and preferred location.
4850,1289,SMS,2025-10-29,Failed,Scheduled follow-up call.
4851,2943,SMS,2025-11-30,Pending,Customer requested more details.
4852,220,Site Visit,2025-09-14,Failed,Shared available property options.
4853,1926,WhatsApp,2025-10-07,Completed,Scheduled follow-up call.
4854,2973,WhatsApp,2025-08-19,Completed,Discussed budget and preferred location.
4855,2449,Site Visit,2025-10-26,Pending,No response from customer.
4856,2775,Call,2025-07-21,Failed,Customer requested more details.
4857,991,Site Visit,2025-04-30,Pending,Customer requested more details.
4858,2947,SMS,2025-02-07,Failed,No response from customer.
4859,1813,SMS,2025-07-08,Pending,Sent lease and booking information.
4860,858,Email,2025-11-17,Pending,Sent lease and booking information.
4861,804,WhatsApp,2026-05-09,Failed,Scheduled follow-up call.
4862,490,WhatsApp,2025-05-23,Failed,Discussed budget and preferred location.
4863,1781,Email,2025-01-24,Completed,Discussed budget and preferred location.
4864,1494,Site Visit,2025-09-13,Pending,Customer requested more details.
4865,2986,WhatsApp,2026-05-15,Pending,Shared available property options.
4866,2892,Follow-up,2025-10-14,Failed,Customer requested more details.
4867,1706,SMS,2025-08-13,Failed,Sent lease and booking information.
4868,2315,Site Visit,2025-11-14,Pending,Shared available property options.
4869,54,Follow-up,2025-03-10,Failed,Customer requested more details.
4870,2576,Email,2025-08-23,Completed,Shared available property options.
4871,616,Follow-up,2026-03-29,Completed,Shared available property options.
4872,1083,Follow-up,2025-06-22,Completed,Scheduled follow-up call.
4873,1849,Follow-up,2026-02-05,Pending,Discussed budget and preferred location.
4874,955,WhatsApp,2026-01-04,Pending,Shared available property options.
4875,2434,Document Shared,2025-12-08,Failed,Customer requested more details.
4876,1630,SMS,2025-08-31,Pending,Scheduled follow-up call.
4877,2782,Site Visit,2025-04-07,Completed,Customer requested more details.
4878,2764,Site Visit,2025-08-27,Completed,Shared available property options.
4879,650,SMS,2026-07-07,Pending,Sent lease and booking information.
4880,2348,Email,2025-11-21,Completed,Shared available property options.
4881,395,WhatsApp,2025-08-26,Pending,Discussed budget and preferred location.
4882,1360,Email,2025-07-15,Failed,Sent lease and booking information.
4883,2641,Site Visit,2025-03-02,Completed,Discussed budget and preferred location.
4884,2562,Email,2025-05-29,Completed,Scheduled follow-up call.
4885,2444,Email,2026-01-01,Pending,Customer requested more details.
4886,371,Site Visit,2026-01-27,Completed,Scheduled follow-up call.
4887,858,Email,2025-11-16,Pending,Customer requested more details.
4888,791,Call,2026-03-20,Failed,Customer requested more details.
4889,658,Site Visit,2026-04-25,Failed,Discussed budget and preferred location.
4890,2784,Site Visit,2025-10-25,Completed,Sent lease and booking information.
4891,1393,SMS,2025-07-13,Pending,Shared available property options.
4892,384,Document Shared,2025-09-04,Pending,Discussed budget and preferred location.
4893,2110,Follow-up,2026-07-02,Failed,No response from customer.
4894,2553,Site Visit,2025-08-18,Failed,Customer requested more details.
4895,239,Call,2025-03-16,Failed,Customer requested more details.
4896,195,Site Visit,2025-02-22,Failed,Scheduled follow-up call.
4897,2726,Document Shared,2025-03-08,Completed,Scheduled follow-up call.
4898,2109,WhatsApp,2025-02-18,Completed,Customer requested more details.
4899,1153,Email,2025-11-10,Completed,Sent lease and booking information.
4900,2733,Call,2025-04-11,Pending,Scheduled follow-up call.
4901,2016,Call,2025-03-24,Completed,Scheduled follow-up call.
4902,156,Document Shared,2025-03-23,Pending,Scheduled follow-up call.
4903,923,Site Visit,2026-03-15,Pending,No response from customer.
4904,2916,Call,2026-06-25,Completed,Shared available property options.
4905,2951,Call,2026-01-10,Completed,Shared available property options.
4906,1610,Call,2025-02-09,Completed,Customer requested more details.
4907,975,Follow-up,2026-02-11,Completed,Sent lease and booking information.
4908,1231,SMS,2025-04-24,Failed,No response from customer.
4909,2436,SMS,2026-01-30,Failed,Scheduled follow-up call.
4910,1815,Call,2026-06-01,Completed,Scheduled follow-up call.
4911,2935,WhatsApp,2025-03-26,Pending,Scheduled follow-up call.
4912,838,Follow-up,2025-11-24,Completed,Sent lease and booking information.
4913,2008,Call,2026-01-08,Pending,Shared available property options.
4914,1364,Site Visit,2025-03-25,Completed,Scheduled follow-up call.
4915,2388,Call,2025-07-08,Failed,Scheduled follow-up call.
4916,204,WhatsApp,2025-08-27,Failed,Shared available property options.
4917,161,Call,2026-06-18,Pending,No response from customer.
4918,392,SMS,2025-06-03,Completed,Scheduled follow-up call.
4919,769,Email,2025-02-27,Completed,Discussed budget and preferred location.
4920,2623,WhatsApp,2025-01-31,Completed,Shared available property options.
4921,2582,SMS,2025-03-13,Completed,Shared available property options.
4922,1094,Site Visit,2025-11-16,Completed,Sent lease and booking information.
4923,2941,Email,2026-01-28,Completed,Discussed budget and preferred location.
4924,405,WhatsApp,2026-03-02,Completed,Customer requested more details.
4925,608,Site Visit,2025-01-13,Failed,Customer requested more details.
4926,1615,Site Visit,2026-06-13,Completed,No response from customer.
4927,1541,Document Shared,2025-06-08,Pending,Scheduled follow-up call.
4928,2876,Call,2025-07-02,Pending,Scheduled follow-up call.
4929,1838,Follow-up,2026-02-28,Failed,Shared available property options.
4930,690,SMS,2026-05-01,Completed,No response from customer.
4931,2950,SMS,2026-02-19,Pending,Discussed budget and preferred location.
4932,1241,Email,2025-09-23,Failed,No response from customer.
4933,2104,SMS,2025-08-02,Pending,Scheduled follow-up call.
4934,366,Site Visit,2026-01-07,Pending,Sent lease and booking information.
4935,1723,WhatsApp,2026-01-06,Completed,Sent lease and booking information.
4936,455,SMS,2025-04-12,Failed,Discussed budget and preferred location.
4937,104,WhatsApp,2025-05-24,Completed,Shared available property options.
4938,77,SMS,2025-02-28,Failed,No response from customer.
4939,230,WhatsApp,2025-11-09,Failed,Customer requested more details.
4940,1938,Follow-up,2025-10-07,Completed,Sent lease and booking information.
4941,2379,Site Visit,2026-05-03,Failed,Scheduled follow-up call.
4942,1206,WhatsApp,2025-06-15,Failed,Customer requested more details.
4943,893,Site Visit,2025-12-19,Failed,Shared available property options.
4944,1574,Document Shared,2025-09-17,Completed,Customer requested more details.
4945,2736,Email,2025-09-30,Failed,Scheduled follow-up call.
4946,2075,Site Visit,2026-02-09,Failed,Scheduled follow-up call.
4947,1676,Email,2025-02-01,Completed,Shared available property options.
4948,299,Email,2025-07-14,Pending,Shared available property options.
4949,957,Call,2025-10-12,Pending,Sent lease and booking information.
4950,2847,Call,2025-06-18,Pending,Customer requested more details.
4951,1115,Follow-up,2025-08-30,Completed,Shared available property options.
4952,2528,Document Shared,2025-07-26,Failed,No response from customer.
4953,2621,Email,2025-12-15,Completed,Shared available property options.
4954,2506,WhatsApp,2025-02-14,Completed,No response from customer.
4955,1475,SMS,2026-06-20,Failed,Shared available property options.
4956,365,Document Shared,2025-02-02,Pending,No response from customer.
4957,2907,Follow-up,2026-04-01,Completed,No response from customer.
4958,1699,Site Visit,2025-04-28,Completed,Customer requested more details.
4959,351,Call,2025-10-18,Pending,Discussed budget and preferred location.
4960,2301,WhatsApp,2025-06-02,Completed,Sent lease and booking information.
4961,2829,Document Shared,2025-11-25,Failed,Discussed budget and preferred location.
4962,1905,Email,2025-11-23,Failed,Discussed budget and preferred location.
4963,2851,WhatsApp,2025-10-17,Pending,Discussed budget and preferred location.
4964,1012,Call,2025-12-01,Completed,Sent lease and booking information.
4965,2507,WhatsApp,2025-07-03,Failed,Customer requested more details.
4966,2965,Call,2026-05-27,Completed,Sent lease and booking information.
4967,499,Call,2025-11-15,Pending,Sent lease and booking information.
4968,950,SMS,2025-04-21,Completed,Sent lease and booking information.
4969,1995,Call,2026-02-28,Completed,Scheduled follow-up call.
4970,2047,Site Visit,2025-08-03,Completed,Discussed budget and preferred location.
4971,508,Site Visit,2025-12-19,Completed,Shared available property options.
4972,1328,WhatsApp,2025-07-15,Completed,Scheduled follow-up call.
4973,2549,Call,2025-09-04,Failed,Scheduled follow-up call.
4974,2851,Call,2025-10-14,Failed,Customer requested more details.
4975,2646,Follow-up,2025-06-12,Pending,No response from customer.
4976,166,SMS,2025-10-18,Completed,Sent lease and booking information.
4977,2510,SMS,2025-12-06,Pending,No response from customer.
4978,920,WhatsApp,2025-06-23,Failed,Discussed budget and preferred location.
4979,114,Follow-up,2025-07-19,Completed,Scheduled follow-up call.
4980,992,Call,2025-09-22,Pending,Shared available property options.
4981,1952,Site Visit,2025-07-09,Completed,Discussed budget and preferred location.
4982,2255,Site Visit,2026-03-20,Completed,Sent lease and booking information.
4983,1259,Follow-up,2025-08-11,Failed,No response from customer.
4984,515,Document Shared,2025-04-29,Completed,Shared available property options.
4985,1232,Follow-up,2025-02-14,Failed,Customer requested more details.
4986,709,SMS,2026-04-24,Failed,Customer requested more details.
4987,2186,Document Shared,2025-02-18,Pending,Shared available property options.
4988,339,Document Shared,2025-06-17,Pending,Discussed budget and preferred location.
4989,2585,Document Shared,2025-08-16,Failed,Shared available property options.
4990,68,Call,2025-11-18,Pending,Scheduled follow-up call.
4991,1597,WhatsApp,2026-04-23,Failed,Customer requested more details.
4992,1565,Call,2025-06-17,Failed,Customer requested more details.
4993,383,Email,2026-03-17,Failed,Scheduled follow-up call.
4994,19,Email,2025-11-11,Pending,Scheduled follow-up call.
4995,2731,Document Shared,2025-11-30,Completed,Discussed budget and preferred location.
4996,2122,Email,2026-06-13,Failed,Scheduled follow-up call.
4997,573,SMS,2025-10-03,Completed,Customer requested more details.
4998,2987,SMS,2025-07-02,Failed,No response from customer.
4999,1300,WhatsApp,2026-02-21,Failed,Customer requested more details.
5000,2259,SMS,2025-08-06,Completed,Customer requested more details.
5001,2903,WhatsApp,2026-05-07,Failed,Customer requested more details.
5002,1944,SMS,2025-08-16,Completed,Shared available property options.
5003,651,Call,2025-05-23,Completed,Shared available property options.
5004,1646,WhatsApp,2026-02-13,Pending,No response from customer.
5005,994,WhatsApp,2026-06-17,Pending,Scheduled follow-up call.
5006,2743,SMS,2026-06-05,Failed,Shared available property options.
5007,2588,Call,2025-07-09,Completed,No response from customer.
5008,1339,Site Visit,2026-02-21,Completed,Shared available property options.
5009,901,Email,2025-09-15,Pending,Discussed budget and preferred location.
5010,1685,Call,2025-02-22,Failed,Shared available property options.
5011,2828,Follow-up,2025-02-04,Failed,Shared available property options.
5012,1586,Email,2025-09-17,Pending,Scheduled follow-up call.
5013,1924,SMS,2026-04-17,Pending,Customer requested more details.
5014,1782,Call,2025-10-12,Failed,No response from customer.
5015,1137,WhatsApp,2025-04-04,Pending,Sent lease and booking information.
5016,2218,Site Visit,2025-08-10,Completed,No response from customer.
5017,1945,Document Shared,2025-12-24,Failed,Scheduled follow-up call.
5018,1038,WhatsApp,2026-02-07,Pending,Scheduled follow-up call.
5019,1739,WhatsApp,2025-02-11,Pending,Discussed budget and preferred location.
5020,288,WhatsApp,2025-08-19,Completed,Customer requested more details.
5021,2237,Site Visit,2025-08-18,Completed,No response from customer.
5022,2962,Call,2026-04-09,Completed,Shared available property options.
5023,1591,Site Visit,2025-12-29,Completed,Scheduled follow-up call.
5024,2742,Follow-up,2025-06-11,Completed,Sent lease and booking information.
5025,1746,Document Shared,2025-04-14,Pending,Scheduled follow-up call.
5026,2936,Document Shared,2025-09-24,Completed,Customer requested more details.
5027,2519,Document Shared,2025-05-12,Failed,Shared available property options.
5028,1099,Follow-up,2026-02-18,Failed,Shared available property options.
5029,2325,Call,2025-03-30,Completed,No response from customer.
5030,940,Site Visit,2025-04-06,Failed,Scheduled follow-up call.
5031,1449,Call,2025-05-20,Completed,Discussed budget and preferred location.
5032,571,Call,2025-12-05,Pending,Customer requested more details.
5033,2905,Site Visit,2025-06-27,Pending,Customer requested more details.
5034,1001,Call,2025-04-11,Completed,No response from customer.
5035,1206,Document Shared,2025-07-06,Pending,Sent lease and booking information.
5036,2506,SMS,2025-02-05,Pending,Shared available property options.
5037,918,Email,2025-12-28,Completed,Customer requested more details.
5038,1875,WhatsApp,2026-03-29,Failed,Sent lease and booking information.
5039,833,Document Shared,2025-11-01,Completed,No response from customer.
5040,2887,WhatsApp,2026-05-21,Failed,Customer requested more details.
5041,2241,Document Shared,2025-04-11,Pending,Sent lease and booking information.
5042,1679,Document Shared,2025-10-15,Pending,Sent lease and booking information.
5043,616,Site Visit,2026-03-30,Pending,Shared available property options.
5044,406,WhatsApp,2025-03-07,Completed,Shared available property options.
5045,1750,Email,2025-07-20,Failed,Discussed budget and preferred location.
5046,2991,Email,2026-05-16,Failed,Customer requested more details.
5047,2769,SMS,2026-01-22,Failed,Customer requested more details.
5048,93,SMS,2025-08-23,Failed,Discussed budget and preferred location.
5049,2478,WhatsApp,2026-03-04,Pending,Sent lease and booking information.
5050,654,Call,2026-04-28,Completed,Discussed budget and preferred location.
5051,434,SMS,2025-07-20,Pending,Customer requested more details.
5052,1136,Call,2025-10-26,Completed,Scheduled follow-up call.
5053,375,WhatsApp,2026-02-18,Completed,Customer requested more details.
5054,1067,Site Visit,2025-07-09,Failed,Sent lease and booking information.
5055,207,Site Visit,2025-04-17,Completed,No response from customer.
5056,780,Email,2026-03-05,Completed,No response from customer.
5057,1320,Email,2026-05-08,Failed,Customer requested more details.
5058,1142,Document Shared,2026-06-18,Completed,Customer requested more details.
5059,532,Document Shared,2025-04-10,Failed,Customer requested more details.
5060,2214,Call,2026-07-08,Pending,Sent lease and booking information.
5061,2691,Document Shared,2026-04-17,Completed,No response from customer.
5062,90,SMS,2026-03-07,Failed,Discussed budget and preferred location.
5063,1118,Follow-up,2025-06-04,Completed,Scheduled follow-up call.
5064,13,WhatsApp,2025-09-26,Completed,Shared available property options.
5065,1858,Email,2025-12-18,Completed,Shared available property options.
5066,805,Email,2026-04-25,Pending,Discussed budget and preferred location.
5067,945,WhatsApp,2025-04-26,Pending,Scheduled follow-up call.
5068,2790,WhatsApp,2025-05-13,Failed,No response from customer.
5069,1858,Site Visit,2026-01-21,Failed,Shared available property options.
5070,1611,Call,2025-12-06,Failed,Sent lease and booking information.
5071,2924,Call,2026-06-27,Completed,Scheduled follow-up call.
5072,1960,Email,2025-01-16,Pending,Sent lease and booking information.
5073,2708,Follow-up,2025-08-08,Failed,No response from customer.
5074,1053,Follow-up,2025-09-07,Pending,Discussed budget and preferred location.
5075,296,Site Visit,2025-11-12,Pending,Scheduled follow-up call.
5076,926,Follow-up,2025-12-25,Failed,Customer requested more details.
5077,640,WhatsApp,2026-01-04,Failed,Scheduled follow-up call.
5078,2388,Email,2025-08-03,Completed,Shared available property options.
5079,628,Follow-up,2025-04-30,Completed,No response from customer.
5080,2487,Document Shared,2025-09-11,Pending,Sent lease and booking information.
5081,1168,WhatsApp,2025-12-19,Failed,Customer requested more details.
5082,942,SMS,2025-01-26,Pending,Customer requested more details.
5083,830,Email,2026-03-28,Failed,Sent lease and booking information.
5084,1771,Site Visit,2025-04-12,Completed,Discussed budget and preferred location.
5085,2567,Follow-up,2025-12-04,Pending,Discussed budget and preferred location.
5086,976,Site Visit,2025-11-28,Completed,Shared available property options.
5087,955,SMS,2026-01-20,Completed,Shared available property options.
5088,1263,WhatsApp,2025-05-11,Failed,Scheduled follow-up call.
5089,952,Document Shared,2026-01-31,Failed,Customer requested more details.
5090,944,Email,2025-06-11,Pending,Discussed budget and preferred location.
5091,2203,Site Visit,2026-03-07,Completed,Scheduled follow-up call.
5092,1205,WhatsApp,2026-02-05,Failed,Customer requested more details.
5093,2136,Document Shared,2025-04-09,Pending,Discussed budget and preferred location.
5094,1535,Call,2025-11-28,Completed,Discussed budget and preferred location.
5095,1097,WhatsApp,2025-11-27,Pending,Scheduled follow-up call.
5096,2979,Site Visit,2025-07-22,Completed,Discussed budget and preferred location.
5097,179,SMS,2025-07-27,Completed,Scheduled follow-up call.
5098,2260,WhatsApp,2025-08-06,Pending,Shared available property options.
5099,1829,WhatsApp,2025-06-29,Completed,Sent lease and booking information.
5100,1258,Site Visit,2025-02-15,Completed,Sent lease and booking information.
5101,465,SMS,2026-01-22,Completed,No response from customer.
5102,1775,Call,2025-07-13,Completed,Shared available property options.
5103,2679,Email,2026-05-18,Pending,Scheduled follow-up call.
5104,2873,Site Visit,2025-11-17,Failed,No response from customer.
5105,1231,Email,2025-05-12,Failed,Customer requested more details.
5106,2655,Call,2025-10-20,Failed,No response from customer.
5107,885,Document Shared,2025-07-14,Pending,Discussed budget and preferred location.
5108,2414,Follow-up,2025-10-01,Pending,No response from customer.
5109,2324,Document Shared,2025-05-02,Completed,Discussed budget and preferred location.
5110,2428,Email,2026-05-01,Completed,Scheduled follow-up call.
5111,1333,WhatsApp,2025-03-29,Completed,Sent lease and booking information.
5112,1655,WhatsApp,2026-01-10,Completed,Customer requested more details.
5113,945,Call,2025-04-26,Pending,No response from customer.
5114,2858,Call,2025-04-11,Failed,Discussed budget and preferred location.
5115,925,Email,2026-06-21,Failed,Discussed budget and preferred location.
5116,1939,Email,2026-04-22,Completed,Shared available property options.
5117,494,Email,2025-08-24,Completed,Scheduled follow-up call.
5118,1547,SMS,2025-03-12,Completed,Shared available property options.
5119,1970,WhatsApp,2026-02-15,Failed,Scheduled follow-up call.
5120,1095,Email,2025-09-11,Pending,No response from customer.
5121,2412,WhatsApp,2025-01-28,Completed,Shared available property options.
5122,2618,WhatsApp,2026-01-28,Failed,Scheduled follow-up call.
5123,1826,Document Shared,2025-11-16,Completed,Discussed budget and preferred location.
5124,763,Email,2026-03-31,Failed,Shared available property options.
5125,2324,SMS,2025-04-30,Failed,Customer requested more details.
5126,50,Email,2026-03-25,Completed,Sent lease and booking information.
5127,2776,WhatsApp,2025-10-22,Completed,Scheduled follow-up call.
5128,906,Site Visit,2025-11-23,Pending,Shared available property options.
5129,2976,WhatsApp,2025-02-28,Failed,No response from customer.
5130,564,Follow-up,2025-11-26,Completed,Sent lease and booking information.
5131,783,WhatsApp,2025-09-04,Failed,Discussed budget and preferred location.
5132,2533,Site Visit,2025-05-18,Completed,Sent lease and booking information.
5133,2041,Call,2026-05-18,Pending,Discussed budget and preferred location.
5134,1832,Follow-up,2025-12-27,Completed,No response from customer.
5135,584,Call,2026-03-17,Failed,Discussed budget and preferred location.
5136,1320,Document Shared,2026-05-27,Completed,Customer requested more details.
5137,236,Email,2025-04-28,Failed,Scheduled follow-up call.
5138,2104,Follow-up,2025-08-28,Failed,Sent lease and booking information.
5139,1943,Follow-up,2025-09-12,Failed,Discussed budget and preferred location.
5140,360,Follow-up,2025-10-18,Completed,No response from customer.
5141,1931,Call,2025-09-18,Failed,Sent lease and booking information.
5142,110,Site Visit,2025-09-23,Completed,No response from customer.
5143,192,Email,2025-02-25,Pending,Shared available property options.
5144,904,SMS,2026-01-31,Failed,Sent lease and booking information.
5145,1117,Call,2025-04-24,Failed,Discussed budget and preferred location.
5146,862,Email,2026-02-11,Failed,No response from customer.
5147,2616,Site Visit,2025-06-27,Completed,Discussed budget and preferred location.
5148,1084,SMS,2025-09-30,Failed,Customer requested more details.
5149,650,Follow-up,2026-06-05,Pending,Customer requested more details.
5150,39,WhatsApp,2026-05-19,Failed,Sent lease and booking information.
5151,637,Document Shared,2026-05-29,Failed,Shared available property options.
5152,1037,WhatsApp,2026-06-14,Failed,Sent lease and booking information.
5153,36,WhatsApp,2026-06-09,Failed,Scheduled follow-up call.
5154,2149,Document Shared,2025-06-24,Completed,Sent lease and booking information.
5155,1362,WhatsApp,2025-12-15,Completed,Sent lease and booking information.
5156,1984,Follow-up,2026-06-20,Failed,Sent lease and booking information.
5157,166,Site Visit,2025-11-08,Completed,Discussed budget and preferred location.
5158,2431,Follow-up,2026-05-19,Pending,Customer requested more details.
5159,1880,Follow-up,2025-10-16,Failed,Shared available property options.
5160,2838,Call,2025-12-28,Pending,Scheduled follow-up call.
5161,31,WhatsApp,2025-09-02,Pending,Shared available property options.
5162,11,Site Visit,2026-01-28,Pending,Scheduled follow-up call.
5163,2012,Follow-up,2026-04-25,Failed,Shared available property options.
5164,2144,Call,2026-02-10,Failed,Shared available property options.
5165,2501,SMS,2026-04-14,Pending,Discussed budget and preferred location.
5166,2240,WhatsApp,2026-01-24,Pending,No response from customer.
5167,486,Call,2025-06-20,Pending,No response from customer.
5168,1290,Email,2025-10-20,Pending,Shared available property options.
5169,1448,WhatsApp,2025-09-19,Completed,Discussed budget and preferred location.
5170,2286,WhatsApp,2025-01-23,Failed,No response from customer.
5171,1944,Site Visit,2025-07-03,Pending,Customer requested more details.
5172,1964,Email,2025-12-04,Completed,Sent lease and booking information.
5173,1852,Email,2026-03-08,Completed,Customer requested more details.
5174,1470,Document Shared,2025-05-10,Completed,Discussed budget and preferred location.
5175,1367,Email,2025-02-26,Pending,Discussed budget and preferred location.
5176,2783,Follow-up,2026-04-25,Completed,No response from customer.
5177,991,Email,2025-05-16,Pending,Discussed budget and preferred location.
5178,825,WhatsApp,2025-10-20,Completed,No response from customer.
5179,1463,Site Visit,2026-07-02,Pending,Discussed budget and preferred location.
5180,2154,WhatsApp,2025-01-14,Pending,Customer requested more details.
5181,2229,Email,2025-11-12,Failed,Customer requested more details.
5182,2232,Call,2026-05-13,Pending,Customer requested more details.
5183,226,SMS,2025-07-18,Completed,Discussed budget and preferred location.
5184,777,Site Visit,2025-04-20,Pending,Customer requested more details.
5185,2838,WhatsApp,2026-01-13,Failed,Sent lease and booking information.
5186,1113,Email,2025-10-09,Pending,No response from customer.
5187,688,Follow-up,2025-07-15,Pending,Shared available property options.
5188,530,Follow-up,2025-12-13,Failed,Discussed budget and preferred location.
5189,972,Email,2025-06-27,Pending,Sent lease and booking information.
5190,936,Call,2026-02-18,Pending,Shared available property options.
5191,1423,SMS,2025-04-18,Pending,Shared available property options.
5192,2154,Site Visit,2025-01-09,Pending,Discussed budget and preferred location.
5193,1295,Follow-up,2026-04-17,Pending,Discussed budget and preferred location.
5194,1999,Site Visit,2025-12-05,Completed,Shared available property options.
5195,2879,Document Shared,2026-03-07,Pending,Shared available property options.
5196,1527,Site Visit,2025-11-10,Completed,Shared available property options.
5197,679,SMS,2026-03-22,Completed,No response from customer.
5198,2897,Document Shared,2025-08-27,Pending,No response from customer.
5199,2441,Follow-up,2025-07-23,Pending,Scheduled follow-up call.
5200,40,Email,2025-03-15,Failed,Shared available property options.
5201,2708,Call,2025-08-12,Pending,Shared available property options.
5202,1106,Document Shared,2025-05-19,Completed,Scheduled follow-up call.
5203,845,Document Shared,2025-12-05,Completed,Sent lease and booking information.
5204,1744,SMS,2026-01-07,Pending,Discussed budget and preferred location.
5205,2249,Site Visit,2025-10-04,Completed,Shared available property options.
5206,447,Email,2025-12-13,Completed,Customer requested more details.
5207,1235,Document Shared,2025-12-30,Completed,Shared available property options.
5208,2492,Email,2025-12-01,Completed,Sent lease and booking information.
5209,1351,WhatsApp,2025-03-03,Pending,Sent lease and booking information.
5210,2809,WhatsApp,2025-05-15,Pending,Shared available property options.
5211,227,Site Visit,2025-12-25,Pending,Scheduled follow-up call.
5212,48,Email,2025-09-01,Failed,Sent lease and booking information.
5213,2960,WhatsApp,2025-12-03,Pending,No response from customer.
5214,1463,Document Shared,2026-06-04,Completed,Sent lease and booking information.
5215,1831,Call,2026-04-04,Pending,Sent lease and booking information.
5216,187,Document Shared,2026-03-12,Completed,Sent lease and booking information.
5217,2393,WhatsApp,2025-06-23,Failed,Discussed budget and preferred location.
5218,2272,SMS,2025-08-24,Pending,Shared available property options.
5219,2878,Call,2025-08-10,Pending,Customer requested more details.
5220,2536,Follow-up,2026-05-04,Completed,Sent lease and booking information.
5221,1933,SMS,2025-10-22,Failed,Shared available property options.
5222,2925,WhatsApp,2025-05-15,Pending,Shared available property options.
5223,849,SMS,2025-06-01,Failed,No response from customer.
5224,2033,SMS,2026-06-05,Failed,Discussed budget and preferred location.
5225,1253,Document Shared,2026-06-30,Pending,No response from customer.
5226,1414,Email,2026-03-04,Completed,Shared available property options.
5227,979,SMS,2026-01-17,Failed,No response from customer.
5228,1613,Email,2025-06-21,Failed,Scheduled follow-up call.
5229,1017,WhatsApp,2026-05-27,Failed,Sent lease and booking information.
5230,2236,Document Shared,2025-09-12,Pending,Shared available property options.
5231,1882,Follow-up,2025-03-18,Failed,Sent lease and booking information.
5232,270,Email,2025-08-26,Pending,Scheduled follow-up call.
5233,1631,Follow-up,2025-05-04,Completed,No response from customer.
5234,310,WhatsApp,2025-01-23,Failed,Discussed budget and preferred location.
5235,2044,WhatsApp,2025-09-10,Pending,Scheduled follow-up call.
5236,1575,SMS,2026-06-30,Failed,Customer requested more details.
5237,1096,Document Shared,2025-07-28,Failed,No response from customer.
5238,2893,Site Visit,2025-06-26,Failed,Shared available property options.
5239,1696,Follow-up,2025-03-03,Failed,Scheduled follow-up call.
5240,2534,SMS,2026-06-05,Completed,Shared available property options.
5241,1446,Document Shared,2025-04-28,Completed,No response from customer.
5242,2168,Call,2025-12-13,Failed,No response from customer.
5243,220,WhatsApp,2025-09-24,Completed,Customer requested more details.
5244,53,Document Shared,2025-04-28,Failed,Customer requested more details.
5245,1758,Document Shared,2025-12-06,Failed,No response from customer.
5246,1475,SMS,2026-05-29,Pending,Scheduled follow-up call.
5247,1667,Follow-up,2025-02-24,Pending,Discussed budget and preferred location.
5248,1261,SMS,2025-06-14,Failed,Discussed budget and preferred location.
5249,2806,Email,2025-06-10,Completed,No response from customer.
5250,2786,WhatsApp,2025-12-07,Completed,Scheduled follow-up call.
5251,720,Call,2025-10-04,Failed,Scheduled follow-up call.
5252,406,Email,2025-02-19,Failed,No response from customer.
5253,2656,Email,2025-11-25,Completed,Scheduled follow-up call.
5254,2470,Call,2026-03-16,Pending,No response from customer.
5255,2760,Call,2025-07-18,Failed,Discussed budget and preferred location.
5256,2295,Follow-up,2025-10-01,Completed,Sent lease and booking information.
5257,72,SMS,2026-02-28,Completed,No response from customer.
5258,1854,Follow-up,2025-02-23,Pending,No response from customer.
5259,2233,Follow-up,2025-03-22,Failed,Discussed budget and preferred location.
5260,2054,SMS,2026-04-07,Pending,Sent lease and booking information.
5261,1230,Follow-up,2025-11-08,Completed,No response from customer.
5262,1568,Call,2026-05-19,Completed,No response from customer.
5263,2954,Follow-up,2025-10-24,Completed,Scheduled follow-up call.
5264,387,Call,2025-09-15,Failed,Customer requested more details.
5265,1792,WhatsApp,2025-11-04,Completed,Scheduled follow-up call.
5266,699,SMS,2026-01-12,Pending,Scheduled follow-up call.
5267,1201,SMS,2026-05-24,Failed,Shared available property options.
5268,827,WhatsApp,2025-08-20,Pending,Sent lease and booking information.
5269,1823,Follow-up,2025-04-04,Failed,Scheduled follow-up call.
5270,349,Document Shared,2025-04-28,Pending,Scheduled follow-up call.
5271,1279,WhatsApp,2025-08-04,Completed,Shared available property options.
5272,308,SMS,2025-05-02,Completed,Discussed budget and preferred location.
5273,1151,Call,2025-08-22,Pending,Discussed budget and preferred location.
5274,1961,Email,2026-04-22,Pending,Sent lease and booking information.
5275,2335,Follow-up,2025-05-08,Failed,Customer requested more details.
5276,766,WhatsApp,2025-09-27,Pending,Customer requested more details.
5277,725,Site Visit,2026-02-22,Completed,Discussed budget and preferred location.
5278,2810,Site Visit,2025-10-09,Pending,Customer requested more details.
5279,1620,WhatsApp,2026-01-06,Pending,Scheduled follow-up call.
5280,383,Document Shared,2026-02-23,Pending,No response from customer.
5281,2436,Site Visit,2026-01-18,Pending,No response from customer.
5282,525,Call,2025-03-19,Failed,No response from customer.
5283,2687,Email,2025-05-26,Pending,Customer requested more details.
5284,2986,Call,2026-05-26,Completed,Customer requested more details.
5285,276,Document Shared,2025-06-07,Pending,Shared available property options.
5286,2548,Email,2025-01-27,Completed,Sent lease and booking information.
5287,2765,Document Shared,2026-06-04,Failed,Customer requested more details.
5288,337,Document Shared,2025-10-21,Failed,No response from customer.
5289,1974,Site Visit,2026-01-29,Pending,No response from customer.
5290,2980,Email,2025-05-14,Failed,No response from customer.
5291,481,Follow-up,2026-03-09,Pending,Scheduled follow-up call.
5292,911,Document Shared,2025-12-20,Completed,No response from customer.
5293,1997,Follow-up,2025-12-09,Completed,Customer requested more details.
5294,1352,Call,2026-05-18,Completed,Discussed budget and preferred location.
5295,2034,Site Visit,2026-02-03,Failed,Customer requested more details.
5296,1755,Document Shared,2026-01-11,Completed,Customer requested more details.
5297,109,Email,2025-12-22,Failed,Sent lease and booking information.
5298,328,WhatsApp,2026-02-17,Failed,Customer requested more details.
5299,1800,Site Visit,2026-01-10,Pending,Scheduled follow-up call.
5300,315,Follow-up,2026-02-24,Completed,Customer requested more details.
5301,1135,SMS,2026-03-20,Pending,Shared available property options.
5302,2747,Email,2025-05-27,Pending,Discussed budget and preferred location.
5303,781,Email,2026-04-19,Completed,Customer requested more details.
5304,1521,Document Shared,2026-02-11,Pending,No response from customer.
5305,156,Follow-up,2025-02-27,Failed,Scheduled follow-up call.
5306,1497,WhatsApp,2025-07-25,Failed,Customer requested more details.
5307,1725,Follow-up,2026-05-22,Completed,No response from customer.
5308,887,WhatsApp,2026-03-17,Pending,Customer requested more details.
5309,2806,Call,2025-06-12,Failed,Scheduled follow-up call.
5310,722,Follow-up,2025-07-10,Completed,Shared available property options.
5311,913,SMS,2025-05-31,Completed,Discussed budget and preferred location.
5312,871,Call,2025-07-25,Pending,Scheduled follow-up call.
5313,13,Follow-up,2025-10-04,Completed,Scheduled follow-up call.
5314,2656,Site Visit,2025-11-20,Pending,No response from customer.
5315,498,Email,2025-06-23,Completed,Customer requested more details.
5316,1757,Site Visit,2025-01-23,Pending,No response from customer.
5317,2286,SMS,2025-01-23,Pending,Customer requested more details.
5318,1118,SMS,2025-05-30,Pending,Scheduled follow-up call.
5319,2829,Site Visit,2025-11-13,Pending,Scheduled follow-up call.
5320,1195,Document Shared,2025-12-21,Failed,Sent lease and booking information.
5321,2005,Site Visit,2025-04-05,Completed,Sent lease and booking information.
5322,2654,SMS,2025-09-17,Pending,Discussed budget and preferred location.
5323,2709,Follow-up,2025-07-28,Pending,Scheduled follow-up call.
5324,1648,WhatsApp,2025-08-25,Failed,Customer requested more details.
5325,1591,SMS,2025-12-27,Failed,Scheduled follow-up call.
5326,2897,Site Visit,2025-08-27,Failed,Customer requested more details.
5327,2984,Follow-up,2026-03-02,Pending,Discussed budget and preferred location.
5328,1491,Follow-up,2026-05-03,Pending,Discussed budget and preferred location.
5329,2676,Site Visit,2026-04-10,Completed,Scheduled follow-up call.
5330,143,Email,2025-10-22,Pending,No response from customer.
5331,1225,Email,2026-04-16,Pending,No response from customer.
5332,2762,Call,2025-09-28,Completed,Customer requested more details.
5333,2527,Document Shared,2026-01-11,Pending,Discussed budget and preferred location.
5334,565,Follow-up,2025-11-14,Pending,Discussed budget and preferred location.
5335,2519,Follow-up,2025-05-08,Failed,Scheduled follow-up call.
5336,2432,Email,2025-09-09,Completed,Discussed budget and preferred location.
5337,1716,Document Shared,2025-05-17,Failed,Customer requested more details.
5338,2974,Email,2026-02-19,Pending,Discussed budget and preferred location.
5339,417,Email,2026-04-02,Pending,Scheduled follow-up call.
5340,1849,Email,2026-03-04,Failed,Discussed budget and preferred location.
5341,2356,Site Visit,2025-10-01,Completed,Shared available property options.
5342,2697,Call,2025-04-27,Failed,Scheduled follow-up call.
5343,1718,Document Shared,2025-09-26,Failed,Discussed budget and preferred location.
5344,1391,Document Shared,2026-05-19,Failed,Discussed budget and preferred location.
5345,1068,WhatsApp,2025-03-21,Failed,Scheduled follow-up call.
5346,2787,WhatsApp,2026-04-12,Pending,Discussed budget and preferred location.
5347,1867,Follow-up,2025-01-22,Pending,Discussed budget and preferred location.
5348,1122,Email,2025-11-22,Pending,No response from customer.
5349,1289,SMS,2025-11-15,Pending,No response from customer.
5350,1807,WhatsApp,2026-05-04,Completed,Sent lease and booking information.
5351,2188,Follow-up,2025-09-11,Failed,Scheduled follow-up call.
5352,1505,Document Shared,2025-12-26,Completed,Customer requested more details.
5353,1017,Document Shared,2026-06-04,Pending,Sent lease and booking information.
5354,953,WhatsApp,2025-07-30,Failed,Shared available property options.
5355,2952,Call,2026-06-07,Completed,Sent lease and booking information.
5356,72,SMS,2026-03-08,Completed,Customer requested more details.
5357,1691,Document Shared,2025-05-21,Pending,Shared available property options.
5358,1292,Call,2026-02-24,Pending,Shared available property options.
5359,1345,SMS,2026-05-22,Failed,Discussed budget and preferred location.
5360,2155,Call,2025-12-25,Completed,Scheduled follow-up call.
5361,883,SMS,2025-02-07,Pending,Discussed budget and preferred location.
5362,139,Document Shared,2026-03-10,Completed,Sent lease and booking information.
5363,2663,Follow-up,2025-12-07,Pending,Customer requested more details.
5364,2911,Email,2025-02-20,Completed,Sent lease and booking information.
5365,2321,Document Shared,2025-12-09,Failed,Scheduled follow-up call.
5366,1505,Call,2026-01-06,Failed,Scheduled follow-up call.
5367,2464,Call,2026-07-09,Pending,Discussed budget and preferred location.
5368,2554,Email,2025-06-13,Failed,Shared available property options.
5369,733,Follow-up,2026-07-10,Pending,Discussed budget and preferred location.
5370,1749,WhatsApp,2025-02-16,Completed,Scheduled follow-up call.
5371,424,WhatsApp,2025-05-07,Pending,Scheduled follow-up call.
5372,1592,SMS,2025-10-20,Failed,No response from customer.
5373,390,Document Shared,2025-06-29,Pending,Scheduled follow-up call.
5374,342,Follow-up,2025-12-19,Pending,Customer requested more details.
5375,946,Call,2025-09-26,Pending,Sent lease and booking information.
5376,614,Follow-up,2025-08-05,Failed,Scheduled follow-up call.
5377,493,WhatsApp,2025-10-20,Pending,Shared available property options.
5378,192,Call,2025-03-03,Failed,Shared available property options.
5379,499,Follow-up,2025-10-17,Failed,Customer requested more details.
5380,822,Document Shared,2026-05-19,Completed,Customer requested more details.
5381,1736,Email,2025-11-14,Completed,Customer requested more details.
5382,1257,Follow-up,2025-05-29,Completed,Customer requested more details.
5383,1969,Document Shared,2025-10-13,Failed,Shared available property options.
5384,227,SMS,2025-12-08,Completed,Scheduled follow-up call.
5385,1395,Site Visit,2025-11-12,Failed,Scheduled follow-up call.
5386,2187,Call,2025-12-22,Failed,Shared available property options.
5387,2904,Site Visit,2025-10-20,Failed,Discussed budget and preferred location.
5388,817,Call,2025-09-02,Completed,Discussed budget and preferred location.
5389,1474,Email,2025-09-13,Pending,Shared available property options.
5390,1087,Follow-up,2025-06-21,Completed,Discussed budget and preferred location.
5391,104,Document Shared,2025-06-21,Completed,Sent lease and booking information.
5392,1875,Call,2026-03-29,Pending,No response from customer.
5393,871,Site Visit,2025-07-13,Pending,Sent lease and booking information.
5394,668,Email,2025-05-25,Pending,Discussed budget and preferred location.
5395,2043,Site Visit,2025-11-05,Completed,Customer requested more details.
5396,273,Call,2025-06-19,Pending,No response from customer.
5397,1030,Document Shared,2025-01-31,Completed,Sent lease and booking information.
5398,2232,Email,2026-05-23,Failed,Customer requested more details.
5399,1052,Email,2025-05-25,Pending,Scheduled follow-up call.
5400,1574,Follow-up,2025-08-12,Pending,Sent lease and booking information.
5401,293,Site Visit,2026-05-01,Failed,Shared available property options.
5402,2225,Call,2025-05-02,Completed,Scheduled follow-up call.
5403,2106,WhatsApp,2026-01-27,Failed,Sent lease and booking information.
5404,1293,Follow-up,2026-05-31,Completed,Sent lease and booking information.
5405,308,Document Shared,2025-06-08,Pending,Scheduled follow-up call.
5406,977,Email,2026-04-20,Pending,Customer requested more details.
5407,1252,Site Visit,2025-03-20,Failed,Sent lease and booking information.
5408,1271,Call,2025-09-10,Pending,No response from customer.
5409,2748,Call,2025-09-11,Pending,Scheduled follow-up call.
5410,1518,Site Visit,2025-01-28,Completed,Shared available property options.
5411,2131,Email,2025-05-20,Completed,Shared available property options.
5412,1210,Call,2026-01-13,Completed,Sent lease and booking information.
5413,2300,Site Visit,2025-08-27,Pending,No response from customer.
5414,1379,Document Shared,2025-03-19,Completed,Shared available property options.
5415,1774,WhatsApp,2025-11-25,Completed,Shared available property options.
5416,1720,WhatsApp,2026-06-11,Completed,Discussed budget and preferred location.
5417,2043,Document Shared,2025-11-30,Pending,Shared available property options.
5418,796,Call,2026-04-05,Pending,Customer requested more details.
5419,897,WhatsApp,2025-09-02,Completed,Sent lease and booking information.
5420,1962,Site Visit,2025-09-15,Failed,Shared available property options.
5421,210,SMS,2025-11-08,Pending,Shared available property options.
5422,2864,Site Visit,2025-01-29,Failed,No response from customer.
5423,2657,SMS,2025-12-04,Pending,Scheduled follow-up call.
5424,2495,Document Shared,2026-01-31,Pending,Sent lease and booking information.
5425,2508,SMS,2025-08-28,Failed,Sent lease and booking information.
5426,968,SMS,2025-04-04,Pending,Shared available property options.
5427,472,WhatsApp,2026-01-27,Completed,Customer requested more details.
5428,2418,Follow-up,2025-02-20,Failed,Discussed budget and preferred location.
5429,2948,Document Shared,2025-07-30,Pending,Customer requested more details.
5430,923,Call,2026-02-20,Failed,No response from customer.
5431,137,Site Visit,2025-10-11,Pending,Scheduled follow-up call.
5432,367,Call,2025-05-03,Pending,Scheduled follow-up call.
5433,2960,Call,2025-11-02,Completed,Shared available property options.
5434,184,WhatsApp,2025-06-05,Failed,Scheduled follow-up call.
5435,2520,SMS,2025-05-04,Completed,Customer requested more details.
5436,1399,Call,2026-03-01,Pending,Shared available property options.
5437,2702,Follow-up,2026-04-28,Completed,Scheduled follow-up call.
5438,2797,Email,2026-05-15,Pending,No response from customer.
5439,537,Email,2025-11-06,Pending,Discussed budget and preferred location.
5440,2850,Email,2026-04-22,Failed,Scheduled follow-up call.
5441,1603,Follow-up,2025-09-30,Pending,No response from customer.
5442,1274,Site Visit,2025-02-12,Completed,Shared available property options.
5443,2968,Call,2025-08-20,Completed,No response from customer.
5444,2558,Document Shared,2026-05-05,Completed,Customer requested more details.
5445,2678,Site Visit,2026-02-07,Pending,No response from customer.
5446,1097,Document Shared,2025-11-27,Pending,Sent lease and booking information.
5447,1306,Site Visit,2025-06-10,Completed,No response from customer.
5448,916,Email,2025-06-15,Failed,Sent lease and booking information.
5449,152,Follow-up,2025-09-17,Completed,Discussed budget and preferred location.
5450,1029,WhatsApp,2026-02-11,Failed,Customer requested more details.
5451,1219,Email,2025-08-06,Failed,Shared available property options.
5452,1978,WhatsApp,2025-01-28,Failed,Customer requested more details.
5453,2512,WhatsApp,2025-05-02,Pending,Customer requested more details.
5454,271,Follow-up,2025-04-20,Pending,Discussed budget and preferred location.
5455,1187,Follow-up,2026-04-24,Failed,Discussed budget and preferred location.
5456,460,Site Visit,2026-04-20,Pending,Discussed budget and preferred location.
5457,105,Call,2026-01-18,Completed,Scheduled follow-up call.
5458,1711,Document Shared,2025-12-31,Failed,Sent lease and booking information.
5459,2210,Follow-up,2025-08-15,Pending,Sent lease and booking information.
5460,2399,Call,2025-11-07,Completed,No response from customer.
5461,434,Call,2025-07-13,Failed,Customer requested more details.
5462,2900,WhatsApp,2026-05-10,Completed,Shared available property options.
5463,140,Follow-up,2025-02-16,Pending,Discussed budget and preferred location.
5464,1495,Site Visit,2025-11-30,Completed,Customer requested more details.
5465,87,WhatsApp,2025-11-21,Pending,No response from customer.
5466,1712,Document Shared,2025-08-06,Pending,Customer requested more details.
5467,2231,Email,2026-01-12,Failed,Scheduled follow-up call.
5468,2416,Follow-up,2025-07-05,Pending,Scheduled follow-up call.
5469,129,WhatsApp,2025-10-15,Completed,Discussed budget and preferred location.
5470,1270,Site Visit,2025-11-19,Failed,No response from customer.
5471,1602,Follow-up,2026-05-30,Failed,No response from customer.
5472,670,Follow-up,2025-04-24,Failed,Scheduled follow-up call.
5473,149,Email,2025-08-04,Completed,Discussed budget and preferred location.
5474,985,Site Visit,2026-03-05,Pending,Sent lease and booking information.
5475,852,Call,2026-03-19,Pending,Discussed budget and preferred location.
5476,1457,Site Visit,2025-05-13,Completed,Scheduled follow-up call.
5477,628,SMS,2025-04-15,Completed,Discussed budget and preferred location.
5478,1493,Call,2025-06-20,Pending,Scheduled follow-up call.
5479,2494,Call,2026-05-03,Completed,Scheduled follow-up call.
5480,2045,Site Visit,2025-02-15,Pending,Scheduled follow-up call.
5481,884,WhatsApp,2025-06-14,Pending,Shared available property options.
5482,2342,Call,2026-02-23,Failed,Discussed budget and preferred location.
5483,1789,Call,2025-04-24,Pending,Customer requested more details.
5484,250,Call,2025-04-19,Completed,Customer requested more details.
5485,2926,Call,2025-04-27,Failed,Shared available property options.
5486,948,Call,2025-03-10,Pending,Scheduled follow-up call.
5487,975,Site Visit,2026-01-30,Failed,No response from customer.
5488,1326,WhatsApp,2025-08-19,Failed,Discussed budget and preferred location.
5489,2837,Email,2025-01-17,Failed,Shared available property options.
5490,984,Site Visit,2026-01-16,Completed,Discussed budget and preferred location.
5491,889,Email,2025-06-25,Completed,Scheduled follow-up call.
5492,2938,SMS,2025-02-28,Completed,Sent lease and booking information.
5493,2118,Call,2026-05-28,Failed,Customer requested more details.
5494,2673,Follow-up,2025-05-04,Completed,Shared available property options.
5495,875,WhatsApp,2025-02-10,Pending,Sent lease and booking information.
5496,1327,Call,2025-03-15,Completed,Scheduled follow-up call.
5497,471,Document Shared,2025-04-07,Failed,Discussed budget and preferred location.
5498,1988,WhatsApp,2025-08-29,Failed,Customer requested more details.
5499,91,Site Visit,2025-03-02,Failed,Sent lease and booking information.
5500,530,Email,2026-01-03,Pending,Sent lease and booking information.
5501,661,Site Visit,2025-05-24,Completed,Customer requested more details.
5502,739,Site Visit,2025-04-20,Pending,No response from customer.
5503,2774,Email,2025-10-27,Pending,Sent lease and booking information.
5504,872,WhatsApp,2025-08-11,Failed,Shared available property options.
5505,1687,WhatsApp,2025-04-05,Completed,Shared available property options.
5506,192,Call,2025-02-06,Failed,Scheduled follow-up call.
5507,1987,Document Shared,2025-02-19,Completed,Scheduled follow-up call.
5508,2186,Site Visit,2025-02-11,Pending,Shared available property options.
5509,345,Follow-up,2025-10-13,Completed,Discussed budget and preferred location.
5510,1009,Email,2025-04-24,Completed,No response from customer.
5511,2551,Document Shared,2025-08-04,Failed,Shared available property options.
5512,203,Site Visit,2025-08-16,Failed,Shared available property options.
5513,573,Call,2025-09-28,Pending,Scheduled follow-up call.
5514,192,Document Shared,2025-02-21,Pending,Discussed budget and preferred location.
5515,2053,Follow-up,2026-05-31,Pending,Scheduled follow-up call.
5516,1914,Email,2025-12-11,Completed,Discussed budget and preferred location.
5517,1717,SMS,2026-05-30,Failed,No response from customer.
5518,311,Follow-up,2025-05-06,Pending,Shared available property options.
5519,2597,Follow-up,2025-04-17,Pending,Scheduled follow-up call.
5520,2104,Email,2025-09-06,Failed,Sent lease and booking information.
5521,443,Email,2026-02-13,Completed,Customer requested more details.
5522,1261,Follow-up,2025-06-25,Failed,Discussed budget and preferred location.
5523,870,SMS,2026-02-23,Failed,Discussed budget and preferred location.
5524,585,Site Visit,2025-08-20,Failed,No response from customer.
5525,1595,Site Visit,2025-08-03,Failed,Scheduled follow-up call.
5526,2800,Follow-up,2026-03-30,Failed,No response from customer.
5527,1538,WhatsApp,2025-03-19,Failed,Customer requested more details.
5528,360,Email,2025-10-05,Completed,Customer requested more details.
5529,1724,Email,2025-03-28,Pending,Discussed budget and preferred location.
5530,2867,WhatsApp,2025-09-26,Completed,Sent lease and booking information.
5531,2078,Call,2025-06-14,Pending,Shared available property options.
5532,1803,Follow-up,2025-05-19,Completed,Scheduled follow-up call.
5533,2012,WhatsApp,2026-05-13,Failed,Scheduled follow-up call.
5534,2156,SMS,2025-02-14,Pending,No response from customer.
5535,844,Site Visit,2025-06-19,Pending,Customer requested more details.
5536,1626,WhatsApp,2025-12-29,Pending,Scheduled follow-up call.
5537,2765,WhatsApp,2026-06-10,Completed,Customer requested more details.
5538,891,Document Shared,2025-08-19,Completed,Discussed budget and preferred location.
5539,1992,WhatsApp,2026-05-11,Completed,No response from customer.
5540,1983,Call,2026-04-18,Completed,Discussed budget and preferred location.
5541,960,WhatsApp,2026-05-01,Completed,Scheduled follow-up call.
5542,1469,Site Visit,2025-10-16,Pending,Discussed budget and preferred location.
5543,2941,Follow-up,2026-01-29,Failed,Sent lease and booking information.
5544,1462,WhatsApp,2025-03-04,Completed,No response from customer.
5545,732,Document Shared,2025-12-11,Pending,Discussed budget and preferred location.
5546,606,Document Shared,2025-07-23,Completed,Scheduled follow-up call.
5547,2505,Site Visit,2026-01-17,Pending,Customer requested more details.
5548,615,SMS,2025-11-12,Completed,Shared available property options.
5549,2746,Site Visit,2025-06-07,Failed,Sent lease and booking information.
5550,2005,Call,2025-03-15,Pending,Sent lease and booking information.
5551,1720,Call,2026-07-05,Failed,No response from customer.
5552,674,WhatsApp,2025-07-20,Pending,Scheduled follow-up call.
5553,1271,Email,2025-09-06,Completed,Shared available property options.
5554,2591,Follow-up,2025-04-12,Failed,Scheduled follow-up call.
5555,1588,Call,2026-02-06,Completed,Shared available property options.
5556,2905,Email,2025-06-08,Failed,Discussed budget and preferred location.
5557,1612,Document Shared,2025-10-05,Completed,Discussed budget and preferred location.
5558,897,Email,2025-09-27,Pending,Sent lease and booking information.
5559,1463,SMS,2026-06-04,Completed,No response from customer.
5560,278,Follow-up,2025-06-07,Failed,Shared available property options.
5561,552,Call,2025-08-15,Completed,Discussed budget and preferred location.
5562,1637,Call,2025-08-18,Completed,Discussed budget and preferred location.
5563,2159,Site Visit,2026-01-06,Completed,No response from customer.
5564,2433,Site Visit,2026-01-01,Failed,Scheduled follow-up call.
5565,761,WhatsApp,2025-10-10,Pending,Scheduled follow-up call.
5566,2742,Document Shared,2025-06-13,Failed,Shared available property options.
5567,1450,WhatsApp,2025-07-15,Completed,No response from customer.
5568,405,Document Shared,2026-02-21,Completed,Discussed budget and preferred location.
5569,1359,Follow-up,2025-12-02,Completed,Scheduled follow-up call.
5570,1233,SMS,2026-03-10,Completed,No response from customer.
5571,22,WhatsApp,2025-11-25,Completed,Customer requested more details.
5572,678,Site Visit,2025-09-15,Completed,Discussed budget and preferred location.
5573,2659,Follow-up,2025-09-30,Pending,Scheduled follow-up call.
5574,2029,Follow-up,2025-07-25,Completed,Customer requested more details.
5575,1232,Site Visit,2025-02-07,Failed,No response from customer.
5576,2056,Email,2025-06-30,Completed,Scheduled follow-up call.
5577,2750,Site Visit,2025-04-17,Pending,No response from customer.
5578,1809,Follow-up,2025-03-18,Failed,Sent lease and booking information.
5579,529,WhatsApp,2026-04-10,Completed,Sent lease and booking information.
5580,2038,WhatsApp,2025-12-15,Completed,Discussed budget and preferred location.
5581,2650,WhatsApp,2025-10-25,Failed,Scheduled follow-up call.
5582,1677,Follow-up,2026-01-17,Pending,Scheduled follow-up call.
5583,657,Site Visit,2025-06-27,Pending,Discussed budget and preferred location.
5584,166,SMS,2025-10-17,Completed,Sent lease and booking information.
5585,849,Call,2025-06-10,Pending,Shared available property options.
5586,496,SMS,2025-12-27,Completed,No response from customer.
5587,590,WhatsApp,2025-07-03,Pending,Sent lease and booking information.
5588,429,SMS,2025-06-15,Completed,Discussed budget and preferred location.
5589,2822,SMS,2025-04-20,Pending,Customer requested more details.
5590,163,Document Shared,2025-11-27,Pending,No response from customer.
5591,2414,Site Visit,2025-11-07,Failed,Discussed budget and preferred location.
5592,1263,Follow-up,2025-06-08,Pending,Shared available property options.
5593,72,Follow-up,2026-03-07,Pending,No response from customer.
5594,655,Email,2026-03-24,Pending,Discussed budget and preferred location.
5595,269,Follow-up,2025-09-28,Pending,Discussed budget and preferred location.
5596,1777,Email,2025-01-09,Pending,Scheduled follow-up call.
5597,2463,Follow-up,2026-04-27,Failed,Discussed budget and preferred location.
5598,1269,Email,2025-08-07,Pending,No response from customer.
5599,1016,Site Visit,2026-04-25,Pending,Shared available property options.
5600,2723,SMS,2025-06-25,Pending,No response from customer.
5601,1084,Call,2025-09-30,Pending,No response from customer.
5602,6,Site Visit,2026-06-20,Failed,No response from customer.
5603,982,Email,2025-07-14,Failed,Discussed budget and preferred location.
5604,2618,WhatsApp,2026-02-09,Pending,Customer requested more details.
5605,407,WhatsApp,2026-04-15,Completed,No response from customer.
5606,1954,Email,2026-01-02,Pending,Customer requested more details.
5607,2074,Call,2025-05-29,Completed,Sent lease and booking information.
5608,986,Follow-up,2026-05-19,Pending,Discussed budget and preferred location.
5609,390,Site Visit,2025-07-08,Pending,No response from customer.
5610,710,Document Shared,2025-09-27,Failed,Discussed budget and preferred location.
5611,2619,Site Visit,2026-06-12,Failed,Discussed budget and preferred location.
5612,1472,Email,2025-01-27,Failed,Discussed budget and preferred location.
5613,754,WhatsApp,2026-04-05,Failed,Scheduled follow-up call.
5614,2194,Email,2026-01-07,Failed,Sent lease and booking information.
5615,1412,Email,2025-10-07,Pending,Scheduled follow-up call.
5616,2833,Follow-up,2025-07-03,Completed,Discussed budget and preferred location.
5617,1273,Email,2025-10-15,Completed,Sent lease and booking information.
5618,526,Site Visit,2025-09-15,Pending,Customer requested more details.
5619,1486,Document Shared,2025-11-22,Failed,Shared available property options.
5620,2061,Site Visit,2026-03-22,Pending,Shared available property options.
5621,2951,Call,2026-01-10,Failed,No response from customer.
5622,2432,SMS,2025-09-10,Completed,Discussed budget and preferred location.
5623,556,WhatsApp,2026-05-09,Pending,Sent lease and booking information.
5624,2935,Call,2025-03-10,Completed,Scheduled follow-up call.
5625,19,Email,2025-12-07,Pending,Sent lease and booking information.
5626,575,Call,2025-10-28,Failed,No response from customer.
5627,2799,WhatsApp,2025-10-18,Failed,Discussed budget and preferred location.
5628,1004,Site Visit,2025-03-05,Pending,Shared available property options.
5629,2467,Email,2026-06-12,Completed,No response from customer.
5630,2467,SMS,2026-06-16,Pending,Customer requested more details.
5631,1939,Site Visit,2026-05-07,Pending,Scheduled follow-up call.
5632,1940,SMS,2025-07-15,Failed,Discussed budget and preferred location.
5633,1636,SMS,2025-10-08,Completed,Shared available property options.
5634,1699,WhatsApp,2025-05-14,Completed,Sent lease and booking information.
5635,2170,Email,2026-01-28,Pending,Shared available property options.
5636,432,Document Shared,2026-03-03,Completed,Customer requested more details.
5637,2092,WhatsApp,2025-08-10,Pending,Sent lease and booking information.
5638,1896,Document Shared,2025-04-24,Failed,Sent lease and booking information.
5639,1944,Document Shared,2025-08-09,Pending,Customer requested more details.
5640,1341,Site Visit,2025-05-02,Completed,Scheduled follow-up call.
5641,2429,Document Shared,2025-06-22,Failed,No response from customer.
5642,145,WhatsApp,2025-05-25,Failed,No response from customer.
5643,2411,Site Visit,2025-08-05,Completed,Scheduled follow-up call.
5644,1074,Site Visit,2025-03-15,Failed,Customer requested more details.
5645,1089,Follow-up,2026-06-08,Failed,Shared available property options.
5646,2403,Document Shared,2026-01-18,Failed,Sent lease and booking information.
5647,800,WhatsApp,2026-03-28,Failed,Shared available property options.
5648,2874,SMS,2025-08-08,Completed,Sent lease and booking information.
5649,1152,SMS,2025-09-17,Completed,No response from customer.
5650,2446,WhatsApp,2025-07-10,Completed,Customer requested more details.
5651,1957,Email,2026-03-20,Pending,Sent lease and booking information.
5652,2928,WhatsApp,2025-11-01,Completed,Sent lease and booking information.
5653,463,Email,2025-10-20,Pending,Customer requested more details.
5654,1775,Document Shared,2025-07-26,Pending,Scheduled follow-up call.
5655,2046,Call,2025-03-21,Pending,Customer requested more details.
5656,808,Site Visit,2026-06-22,Failed,Sent lease and booking information.
5657,187,Call,2026-03-11,Pending,Shared available property options.
5658,1744,Site Visit,2025-12-10,Failed,Scheduled follow-up call.
5659,732,Email,2025-12-11,Completed,Sent lease and booking information.
5660,1936,Document Shared,2026-02-26,Completed,Discussed budget and preferred location.
5661,1214,SMS,2026-03-10,Failed,Shared available property options.
5662,1412,SMS,2025-09-02,Failed,Sent lease and booking information.
5663,429,Document Shared,2025-05-30,Pending,Scheduled follow-up call.
5664,2906,Email,2025-05-26,Completed,No response from customer.
5665,1308,Site Visit,2026-04-19,Completed,Customer requested more details.
5666,2285,Call,2025-08-23,Failed,Discussed budget and preferred location.
5667,1218,SMS,2026-04-25,Completed,Scheduled follow-up call.
5668,1311,Site Visit,2025-06-23,Failed,Customer requested more details.
5669,771,WhatsApp,2026-01-22,Failed,Scheduled follow-up call.
5670,758,WhatsApp,2026-02-24,Pending,No response from customer.
5671,136,Call,2026-04-26,Pending,No response from customer.
5672,792,Document Shared,2026-02-07,Failed,Shared available property options.
5673,171,Document Shared,2025-02-19,Failed,Discussed budget and preferred location.
5674,2207,WhatsApp,2025-09-19,Failed,Scheduled follow-up call.
5675,2249,WhatsApp,2025-10-29,Completed,Shared available property options.
5676,1581,Document Shared,2025-10-27,Failed,Shared available property options.
5677,962,WhatsApp,2025-09-16,Pending,No response from customer.
5678,2631,Site Visit,2026-07-01,Pending,Discussed budget and preferred location.
5679,876,SMS,2025-05-31,Pending,Discussed budget and preferred location.
5680,2419,Document Shared,2025-05-17,Pending,No response from customer.
5681,103,Call,2025-08-24,Failed,Customer requested more details.
5682,1002,Email,2026-01-31,Completed,Customer requested more details.
5683,1149,Follow-up,2026-06-11,Failed,Sent lease and booking information.
5684,2846,Email,2025-09-23,Pending,Shared available property options.
5685,1482,Site Visit,2026-06-16,Pending,Discussed budget and preferred location.
5686,658,Follow-up,2026-05-01,Pending,Scheduled follow-up call.
5687,2930,Site Visit,2025-12-04,Pending,Sent lease and booking information.
5688,1221,SMS,2025-04-17,Completed,No response from customer.
5689,2781,Site Visit,2025-11-06,Pending,Sent lease and booking information.
5690,423,Site Visit,2026-06-05,Failed,Scheduled follow-up call.
5691,2620,Email,2026-01-27,Pending,Discussed budget and preferred location.
5692,171,Site Visit,2025-02-28,Pending,Discussed budget and preferred location.
5693,2221,Document Shared,2025-10-21,Failed,Shared available property options.
5694,2711,Document Shared,2025-07-20,Completed,Scheduled follow-up call.
5695,453,Call,2025-10-01,Failed,Shared available property options.
5696,2398,Follow-up,2025-07-30,Completed,Customer requested more details.
5697,1976,Call,2025-07-27,Pending,Sent lease and booking information.
5698,1658,Follow-up,2025-03-09,Failed,Discussed budget and preferred location.
5699,2542,Site Visit,2026-06-12,Pending,Customer requested more details.
5700,2668,Document Shared,2025-05-31,Failed,Customer requested more details.
5701,2967,Call,2025-08-01,Pending,Customer requested more details.
5702,2054,Email,2026-03-31,Completed,Scheduled follow-up call.
5703,288,Follow-up,2025-07-31,Completed,Sent lease and booking information.
5704,1642,Call,2026-02-14,Completed,Discussed budget and preferred location.
5705,1448,Follow-up,2025-09-14,Completed,Customer requested more details.
5706,1914,Follow-up,2025-11-26,Pending,Shared available property options.
5707,608,Call,2025-01-08,Completed,Sent lease and booking information.
5708,457,Call,2026-04-23,Pending,Sent lease and booking information.
5709,1765,WhatsApp,2025-06-05,Completed,No response from customer.
5710,1226,Call,2025-11-18,Failed,Discussed budget and preferred location.
5711,1236,Email,2026-04-19,Completed,Shared available property options.
5712,1030,Follow-up,2025-01-27,Failed,Customer requested more details.
5713,2672,Follow-up,2026-05-16,Pending,Scheduled follow-up call.
5714,2424,SMS,2025-12-04,Pending,Discussed budget and preferred location.
5715,447,Follow-up,2026-01-09,Pending,Discussed budget and preferred location.
5716,835,WhatsApp,2025-07-29,Failed,No response from customer.
5717,811,Document Shared,2025-11-20,Completed,No response from customer.
5718,1425,Document Shared,2026-04-27,Failed,Shared available property options.
5719,1412,Call,2025-09-08,Completed,Discussed budget and preferred location.
5720,959,Site Visit,2025-08-07,Failed,Scheduled follow-up call.
5721,1476,Call,2025-07-24,Pending,Customer requested more details.
5722,2897,Follow-up,2025-08-10,Completed,Scheduled follow-up call.
5723,809,Email,2026-04-12,Completed,Scheduled follow-up call.
5724,979,Call,2026-01-02,Failed,Sent lease and booking information.
5725,2464,Follow-up,2026-06-08,Pending,Discussed budget and preferred location.
5726,726,Document Shared,2025-02-27,Pending,Customer requested more details.
5727,2502,SMS,2025-06-12,Pending,Discussed budget and preferred location.
5728,1217,WhatsApp,2025-04-21,Pending,Shared available property options.
5729,2198,SMS,2026-02-01,Failed,Scheduled follow-up call.
5730,1904,Site Visit,2025-05-30,Pending,No response from customer.
5731,2807,Site Visit,2025-08-20,Failed,No response from customer.
5732,779,WhatsApp,2025-08-09,Failed,Discussed budget and preferred location.
5733,973,Follow-up,2025-09-17,Failed,Sent lease and booking information.
5734,2811,Email,2025-07-23,Pending,No response from customer.
5735,1539,WhatsApp,2025-06-17,Failed,Scheduled follow-up call.
5736,1417,Site Visit,2025-01-27,Completed,No response from customer.
5737,2124,WhatsApp,2025-08-10,Failed,Discussed budget and preferred location.
5738,599,Follow-up,2025-10-30,Completed,Scheduled follow-up call.
5739,225,Follow-up,2025-07-10,Completed,Discussed budget and preferred location.
5740,1554,SMS,2026-03-17,Pending,Customer requested more details.
5741,2161,Call,2025-06-17,Pending,No response from customer.
5742,2299,Document Shared,2026-02-05,Completed,Customer requested more details.
5743,841,Follow-up,2025-07-11,Completed,Customer requested more details.
5744,1815,Site Visit,2026-06-09,Completed,Discussed budget and preferred location.
5745,714,Email,2025-03-09,Failed,No response from customer.
5746,1107,Follow-up,2025-02-07,Completed,Shared available property options.
5747,125,Document Shared,2025-05-28,Failed,Sent lease and booking information.
5748,1093,Site Visit,2025-06-21,Pending,Scheduled follow-up call.
5749,2932,Call,2026-01-06,Completed,Customer requested more details.
5750,1280,Call,2026-05-15,Pending,Discussed budget and preferred location.
5751,1751,Site Visit,2026-06-12,Failed,No response from customer.
5752,30,Follow-up,2025-06-22,Pending,Sent lease and booking information.
5753,2329,Email,2025-09-12,Pending,No response from customer.
5754,2972,SMS,2025-09-18,Completed,Scheduled follow-up call.
5755,2018,WhatsApp,2026-04-09,Completed,Sent lease and booking information.
5756,2416,Email,2025-07-22,Completed,No response from customer.
5757,495,SMS,2025-12-19,Failed,Sent lease and booking information.
5758,1610,SMS,2025-03-02,Failed,No response from customer.
5759,718,SMS,2025-11-01,Completed,Sent lease and booking information.
5760,1017,Follow-up,2026-05-26,Failed,Sent lease and booking information.
5761,1338,Site Visit,2025-08-06,Failed,Shared available property options.
5762,606,Follow-up,2025-07-30,Failed,Shared available property options.
5763,375,Follow-up,2026-02-02,Pending,Scheduled follow-up call.
5764,2687,Document Shared,2025-05-25,Failed,No response from customer.
5765,1961,Email,2026-05-18,Completed,Sent lease and booking information.
5766,1049,Site Visit,2026-05-09,Failed,No response from customer.
5767,1358,WhatsApp,2025-04-08,Completed,No response from customer.
5768,116,Call,2025-06-12,Failed,Sent lease and booking information.
5769,2096,Email,2025-01-15,Failed,No response from customer.
5770,1802,SMS,2025-04-11,Completed,Scheduled follow-up call.
5771,2147,Call,2026-05-03,Completed,Shared available property options.
5772,1483,Email,2026-02-04,Failed,Sent lease and booking information.
5773,1547,SMS,2025-02-21,Failed,Shared available property options.
5774,1621,SMS,2026-02-21,Pending,Sent lease and booking information.
5775,2453,Follow-up,2025-12-01,Pending,Discussed budget and preferred location.
5776,685,SMS,2025-02-06,Pending,Scheduled follow-up call.
5777,2951,Email,2026-01-22,Failed,Sent lease and booking information.
5778,2551,Email,2025-07-11,Completed,No response from customer.
5779,1472,Call,2025-02-12,Failed,Discussed budget and preferred location.
5780,2942,Call,2026-04-06,Failed,No response from customer.
5781,1600,SMS,2025-04-16,Pending,Scheduled follow-up call.
5782,2306,Site Visit,2025-08-29,Completed,Customer requested more details.
5783,2892,Site Visit,2025-11-10,Completed,Sent lease and booking information.
5784,2169,WhatsApp,2025-02-05,Pending,Sent lease and booking information.
5785,810,WhatsApp,2026-01-30,Pending,Sent lease and booking information.
5786,978,WhatsApp,2025-10-27,Failed,Sent lease and booking information.
5787,2102,Call,2025-06-29,Pending,Discussed budget and preferred location.
5788,1355,Email,2025-07-20,Completed,Scheduled follow-up call.
5789,784,Site Visit,2025-04-22,Completed,Sent lease and booking information.
5790,241,Email,2025-12-18,Completed,No response from customer.
5791,1779,WhatsApp,2025-09-30,Failed,No response from customer.
5792,1554,SMS,2026-02-18,Pending,Sent lease and booking information.
5793,483,Email,2025-02-21,Completed,Customer requested more details.
5794,1013,Follow-up,2026-03-22,Pending,Shared available property options.
5795,187,SMS,2026-03-30,Failed,No response from customer.
5796,1882,SMS,2025-04-06,Failed,Sent lease and booking information.
5797,2704,Call,2025-06-03,Completed,No response from customer.
5798,2310,Document Shared,2026-04-30,Pending,Customer requested more details.
5799,953,Site Visit,2025-07-19,Failed,Customer requested more details.
5800,1388,Site Visit,2026-03-08,Pending,Sent lease and booking information.
5801,491,Call,2025-10-05,Pending,Discussed budget and preferred location.
5802,431,WhatsApp,2025-05-15,Pending,Scheduled follow-up call.
5803,239,Call,2025-03-19,Pending,Shared available property options.
5804,2352,WhatsApp,2026-05-06,Completed,Sent lease and booking information.
5805,2346,Follow-up,2026-01-11,Completed,Discussed budget and preferred location.
5806,76,Call,2026-03-20,Completed,Shared available property options.
5807,1357,Call,2025-12-07,Completed,Scheduled follow-up call.
5808,1924,Email,2026-05-10,Failed,Customer requested more details.
5809,1782,Call,2025-10-20,Pending,No response from customer.
5810,2690,Site Visit,2026-05-15,Pending,Shared available property options.
5811,827,SMS,2025-08-10,Failed,Scheduled follow-up call.
5812,2331,WhatsApp,2025-12-20,Failed,Sent lease and booking information.
5813,591,WhatsApp,2026-05-04,Completed,No response from customer.
5814,2120,Call,2026-05-25,Completed,Sent lease and booking information.
5815,2751,SMS,2025-12-26,Failed,No response from customer.
5816,1903,SMS,2025-06-03,Failed,Scheduled follow-up call.
5817,1911,Email,2026-04-24,Failed,Discussed budget and preferred location.
5818,575,Document Shared,2025-11-10,Pending,No response from customer.
5819,892,WhatsApp,2025-02-23,Failed,Shared available property options.
5820,2060,Call,2025-08-17,Completed,Sent lease and booking information.
5821,141,Call,2026-03-20,Completed,Sent lease and booking information.
5822,1790,WhatsApp,2025-12-26,Completed,Discussed budget and preferred location.
5823,17,Follow-up,2025-10-01,Completed,No response from customer.
5824,1087,Email,2025-06-18,Pending,Discussed budget and preferred location.
5825,253,Site Visit,2025-12-03,Pending,Customer requested more details.
5826,465,Site Visit,2026-02-03,Pending,Scheduled follow-up call.
5827,376,WhatsApp,2025-08-21,Failed,Scheduled follow-up call.
5828,1828,Email,2025-05-28,Completed,Customer requested more details.
5829,520,Email,2025-04-09,Completed,Shared available property options.
5830,1861,WhatsApp,2026-04-23,Completed,Scheduled follow-up call.
5831,90,Site Visit,2026-04-13,Completed,Customer requested more details.
5832,720,WhatsApp,2025-09-24,Pending,Shared available property options.
5833,2852,Document Shared,2025-04-14,Failed,No response from customer.
5834,2844,WhatsApp,2026-04-24,Failed,Shared available property options.
5835,630,Site Visit,2025-01-09,Pending,No response from customer.
5836,1885,Follow-up,2025-04-25,Completed,Scheduled follow-up call.
5837,76,Document Shared,2026-02-15,Completed,Scheduled follow-up call.
5838,926,Email,2025-12-01,Pending,Discussed budget and preferred location.
5839,2448,Document Shared,2025-08-04,Completed,Scheduled follow-up call.
5840,1806,Site Visit,2025-09-14,Failed,Shared available property options.
5841,970,Document Shared,2025-12-01,Failed,Scheduled follow-up call.
5842,1095,Call,2025-09-13,Completed,Customer requested more details.
5843,2029,SMS,2025-07-08,Completed,Sent lease and booking information.
5844,1405,Follow-up,2025-03-29,Pending,Sent lease and booking information.
5845,2845,SMS,2025-09-16,Failed,No response from customer.
5846,195,Email,2025-02-28,Pending,Discussed budget and preferred location.
5847,228,SMS,2025-05-01,Completed,Scheduled follow-up call.
5848,1460,Call,2026-05-18,Failed,Sent lease and booking information.
5849,461,Email,2026-05-11,Failed,Shared available property options.
5850,618,Site Visit,2025-12-08,Pending,Discussed budget and preferred location.
5851,64,Email,2025-05-03,Completed,Shared available property options.
5852,2213,Document Shared,2026-03-09,Failed,Discussed budget and preferred location.
5853,2075,Site Visit,2026-01-15,Failed,Sent lease and booking information.
5854,285,Email,2025-12-05,Completed,Shared available property options.
5855,1684,Follow-up,2026-04-06,Failed,No response from customer.
5856,2329,Document Shared,2025-09-21,Failed,Scheduled follow-up call.
5857,838,Follow-up,2026-01-06,Pending,Scheduled follow-up call.
5858,831,Document Shared,2025-11-05,Completed,Shared available property options.
5859,1188,WhatsApp,2025-06-02,Failed,No response from customer.
5860,2966,Call,2026-05-30,Pending,Sent lease and booking information.
5861,224,WhatsApp,2025-11-03,Completed,Customer requested more details.
5862,784,WhatsApp,2025-05-09,Pending,Scheduled follow-up call.
5863,950,Follow-up,2025-05-30,Completed,Discussed budget and preferred location.
5864,45,Call,2026-04-08,Pending,Customer requested more details.
5865,1811,Email,2026-03-12,Failed,Scheduled follow-up call.
5866,471,Site Visit,2025-04-20,Failed,Shared available property options.
5867,2082,Email,2026-02-05,Completed,Shared available property options.
5868,2701,Site Visit,2025-07-10,Failed,Sent lease and booking information.
5869,830,Call,2026-04-03,Completed,Sent lease and booking information.
5870,1910,Follow-up,2026-02-04,Failed,Discussed budget and preferred location.
5871,2269,SMS,2026-03-13,Completed,Shared available property options.
5872,1892,Call,2025-11-14,Failed,Shared available property options.
5873,2582,Email,2025-03-01,Pending,Customer requested more details.
5874,692,Site Visit,2026-02-23,Failed,Scheduled follow-up call.
5875,1391,WhatsApp,2026-06-06,Failed,Customer requested more details.
5876,932,WhatsApp,2025-03-17,Failed,Scheduled follow-up call.
5877,841,Call,2025-07-20,Pending,Customer requested more details.
5878,1939,Follow-up,2026-04-28,Completed,Sent lease and booking information.
5879,1574,Email,2025-08-26,Pending,Shared available property options.
5880,2630,SMS,2025-11-27,Failed,Shared available property options.
5881,2287,SMS,2025-04-19,Failed,Discussed budget and preferred location.
5882,2489,SMS,2026-01-04,Failed,Discussed budget and preferred location.
5883,148,SMS,2026-01-22,Pending,Sent lease and booking information.
5884,1033,WhatsApp,2025-10-28,Failed,Scheduled follow-up call.
5885,1312,Follow-up,2025-05-18,Pending,Customer requested more details.
5886,388,Email,2026-02-16,Pending,Shared available property options.
5887,1874,SMS,2025-08-15,Failed,Shared available property options.
5888,916,Document Shared,2025-05-16,Failed,Sent lease and booking information.
5889,1879,Follow-up,2025-05-29,Completed,No response from customer.
5890,2686,WhatsApp,2025-02-26,Completed,Shared available property options.
5891,278,WhatsApp,2025-06-21,Failed,No response from customer.
5892,1978,Follow-up,2025-02-25,Pending,Sent lease and booking information.
5893,1860,Document Shared,2025-08-01,Pending,Customer requested more details.
5894,1826,WhatsApp,2025-12-18,Failed,No response from customer.
5895,2637,WhatsApp,2025-06-07,Failed,Shared available property options.
5896,1834,Document Shared,2025-08-17,Pending,Shared available property options.
5897,2697,Call,2025-04-17,Failed,Sent lease and booking information.
5898,618,WhatsApp,2025-12-03,Pending,Discussed budget and preferred location.
5899,1631,Call,2025-04-08,Failed,Sent lease and booking information.
5900,2183,Document Shared,2026-02-20,Pending,Shared available property options.
5901,580,Email,2025-09-13,Failed,Customer requested more details.
5902,1171,Document Shared,2025-12-04,Failed,No response from customer.
5903,490,SMS,2025-06-14,Completed,Scheduled follow-up call.
5904,2526,Follow-up,2025-09-11,Failed,Discussed budget and preferred location.
5905,1183,Document Shared,2026-01-03,Failed,Sent lease and booking information.
5906,384,Document Shared,2025-09-24,Pending,Sent lease and booking information.
5907,163,Follow-up,2025-11-04,Pending,Shared available property options.
5908,2489,SMS,2025-12-06,Failed,Customer requested more details.
5909,1877,Site Visit,2025-11-19,Completed,No response from customer.
5910,1213,Site Visit,2025-10-17,Failed,Scheduled follow-up call.
5911,2463,Call,2026-04-17,Failed,Scheduled follow-up call.
5912,1363,Call,2025-08-23,Failed,Sent lease and booking information.
5913,1631,SMS,2025-04-18,Pending,Customer requested more details.
5914,1205,Email,2026-01-24,Completed,Sent lease and booking information.
5915,288,Call,2025-09-01,Pending,Sent lease and booking information.
5916,1858,Call,2026-01-18,Failed,Discussed budget and preferred location.
5917,187,Follow-up,2026-03-08,Pending,Shared available property options.
5918,1908,Follow-up,2025-05-03,Pending,Customer requested more details.
5919,1162,Call,2025-08-09,Completed,Discussed budget and preferred location.
5920,130,SMS,2025-03-22,Pending,Customer requested more details.
5921,2242,Follow-up,2025-09-21,Completed,No response from customer.
5922,2364,Call,2025-07-16,Failed,Sent lease and booking information.
5923,1888,Site Visit,2026-03-09,Pending,Scheduled follow-up call.
5924,144,Follow-up,2025-05-31,Failed,No response from customer.
5925,16,Document Shared,2025-12-29,Failed,No response from customer.
5926,2471,Document Shared,2025-10-16,Failed,Discussed budget and preferred location.
5927,245,SMS,2025-02-26,Completed,Discussed budget and preferred location.
5928,927,WhatsApp,2025-05-02,Pending,Customer requested more details.
5929,2177,WhatsApp,2026-06-05,Pending,Sent lease and booking information.
5930,907,WhatsApp,2025-12-27,Completed,Scheduled follow-up call.
5931,887,Call,2026-04-25,Completed,Discussed budget and preferred location.
5932,341,SMS,2025-12-26,Completed,Sent lease and booking information.
5933,2052,Follow-up,2025-06-02,Completed,Customer requested more details.
5934,1434,Email,2026-02-08,Failed,Discussed budget and preferred location.
5935,306,Email,2026-05-26,Failed,Discussed budget and preferred location.
5936,908,Email,2025-08-03,Failed,Customer requested more details.
5937,2655,Call,2025-10-29,Failed,Shared available property options.
5938,1372,Follow-up,2025-11-14,Completed,No response from customer.
5939,321,Follow-up,2026-03-19,Completed,Customer requested more details.
5940,559,SMS,2025-04-11,Failed,Scheduled follow-up call.
5941,1205,Site Visit,2026-02-07,Failed,Customer requested more details.
5942,2666,WhatsApp,2026-06-04,Pending,Customer requested more details.
5943,2759,Document Shared,2025-02-19,Completed,Customer requested more details.
5944,1410,SMS,2026-01-31,Completed,Discussed budget and preferred location.
5945,1642,Email,2026-03-08,Pending,Sent lease and booking information.
5946,1132,Email,2025-03-12,Pending,Scheduled follow-up call.
5947,2579,WhatsApp,2025-04-24,Failed,Customer requested more details.
5948,2458,Site Visit,2025-11-08,Failed,No response from customer.
5949,818,Site Visit,2025-12-21,Failed,Shared available property options.
5950,1195,Email,2026-01-08,Pending,Sent lease and booking information.
5951,2541,Document Shared,2026-03-30,Pending,Discussed budget and preferred location.
5952,12,Follow-up,2025-06-25,Failed,Sent lease and booking information.
5953,195,Email,2025-02-22,Pending,No response from customer.
5954,2538,Call,2025-04-25,Completed,Scheduled follow-up call.
5955,2843,Call,2025-07-26,Failed,Discussed budget and preferred location.
5956,2929,WhatsApp,2026-06-06,Completed,No response from customer.
5957,2230,WhatsApp,2026-05-29,Pending,No response from customer.
5958,656,SMS,2026-01-31,Failed,Customer requested more details.
5959,1922,Call,2026-01-30,Failed,No response from customer.
5960,2742,SMS,2025-05-08,Completed,Customer requested more details.
5961,2078,Email,2025-06-02,Failed,Customer requested more details.
5962,1620,SMS,2026-01-13,Completed,Scheduled follow-up call.
5963,1120,WhatsApp,2025-12-10,Pending,Sent lease and booking information.
5964,778,Call,2025-12-08,Completed,Scheduled follow-up call.
5965,444,WhatsApp,2025-06-10,Failed,Discussed budget and preferred location.
5966,298,SMS,2025-07-20,Failed,Customer requested more details.
5967,808,Follow-up,2026-07-05,Failed,Shared available property options.
5968,1761,Site Visit,2025-03-10,Failed,Shared available property options.
5969,845,WhatsApp,2025-11-30,Failed,Sent lease and booking information.
5970,1016,WhatsApp,2026-04-03,Failed,Discussed budget and preferred location.
5971,1385,Follow-up,2026-01-21,Pending,Customer requested more details.
5972,1398,Site Visit,2025-02-23,Failed,Discussed budget and preferred location.
5973,554,SMS,2026-01-29,Pending,Scheduled follow-up call.
5974,2351,Document Shared,2025-01-02,Completed,Shared available property options.
5975,421,Email,2025-12-19,Completed,Shared available property options.
5976,1270,Follow-up,2025-10-30,Failed,No response from customer.
5977,1261,Call,2025-06-29,Pending,Shared available property options.
5978,185,SMS,2026-05-28,Completed,No response from customer.
5979,468,Site Visit,2026-03-26,Failed,Discussed budget and preferred location.
5980,2802,Document Shared,2026-04-17,Failed,Customer requested more details.
5981,2411,SMS,2025-07-31,Pending,No response from customer.
5982,1307,Email,2025-08-03,Pending,Shared available property options.
5983,1577,Follow-up,2026-06-25,Completed,Discussed budget and preferred location.
5984,336,Call,2025-05-23,Pending,Sent lease and booking information.
5985,2210,Email,2025-09-21,Failed,No response from customer.
5986,1498,Email,2026-05-27,Pending,Discussed budget and preferred location.
5987,2060,Document Shared,2025-08-20,Pending,Discussed budget and preferred location.
5988,1448,Site Visit,2025-08-30,Failed,Discussed budget and preferred location.
5989,588,WhatsApp,2026-04-30,Completed,Customer requested more details.
5990,1882,Call,2025-04-05,Failed,No response from customer.
5991,201,WhatsApp,2025-08-09,Completed,Scheduled follow-up call.
5992,522,Site Visit,2025-06-06,Completed,Sent lease and booking information.
5993,1888,Document Shared,2026-03-05,Completed,No response from customer.
5994,2553,Call,2025-08-06,Failed,Sent lease and booking information.
5995,1712,WhatsApp,2025-07-22,Completed,Shared available property options.
5996,788,SMS,2025-11-18,Completed,Sent lease and booking information.
5997,60,Document Shared,2026-02-27,Completed,Scheduled follow-up call.
5998,578,Call,2026-01-05,Completed,No response from customer.
5999,321,Follow-up,2026-03-18,Pending,Shared available property options.
6000,1459,Site Visit,2025-09-23,Completed,Scheduled follow-up call.
