lead_id,lead_name,email,source,inquiry_date,status,converted,preferred_city,preferred_property_type,preferred_bedrooms,budget,followup_count,site_visits
1,Ava Moore,ava.moore.lead1@example.com,Website,2025-01-25,Lost,0,Houston,Single Family Home,1,3737,1,0
2,David Thomas,david.thomas.lead2@example.com,Google Ads,2025-02-21,New,0,Irving,Single Family Home,2,3901,7,4
3,Joseph Davis,joseph.davis.lead3@example.com,Referral,2026-02-05,Contacted,0,Houston,Condo,2,1056,8,4
4,Emma Martin,emma.martin.lead4@example.com,Referral,2025-12-27,Follow-up,0,Arlington,Single Family Home,3,3798,6,4
5,Sarah White,sarah.white.lead5@example.com,Realtor.com,2025-12-09,Interested,0,Dallas,Single Family Home,2,3606,6,3
6,Olivia Johnson,olivia.johnson.lead6@example.com,Facebook,2026-05-15,Lost,0,Dallas,Apartment,1,2862,4,3
7,Chris Moore,chris.moore.lead7@example.com,Website,2025-10-17,Contacted,0,Arlington,Condo,2,1763,0,4
8,Sophia Johnson,sophia.johnson.lead8@example.com,Referral,2026-01-16,Follow-up,0,Irving,Townhouse,3,3372,4,4
9,Amelia Moore,amelia.moore.lead9@example.com,Realtor.com,2025-09-24,Converted,1,Irving,Condo,3,2790,0,3
10,Robert Martin,robert.martin.lead10@example.com,Instagram,2025-12-12,New,0,Arlington,Apartment,1,2426,6,2
11,Mia Martin,mia.martin.lead11@example.com,Realtor.com,2026-01-10,Interested,0,Dallas,Villa,3,2338,3,0
12,Joseph Johnson,joseph.johnson.lead12@example.com,Website,2025-05-31,Interested,0,Arlington,Apartment,2,1758,5,4
13,Mia Martin,mia.martin.lead13@example.com,Instagram,2025-09-03,Site Visit Scheduled,0,Plano,Condo,4,4006,3,0
14,Michael Davis,michael.davis.lead14@example.com,Referral,2026-05-08,Interested,0,Irving,Single Family Home,2,2928,6,0
15,Mia Thomas,mia.thomas.lead15@example.com,Facebook,2025-04-16,New,0,Arlington,Townhouse,1,3657,2,2
16,Ava Jackson,ava.jackson.lead16@example.com,Walk-in,2025-12-17,Interested,0,Plano,Single Family Home,1,997,8,5
17,Sarah Moore,sarah.moore.lead17@example.com,Instagram,2025-08-31,Interested,0,Arlington,Villa,3,2544,6,0
18,Robert Moore,robert.moore.lead18@example.com,Google Ads,2025-10-16,Site Visit Scheduled,0,Dallas,Single Family Home,2,1728,0,0
19,John Brown,john.brown.lead19@example.com,Google Ads,2025-11-11,Contacted,0,San Antonio,Apartment,4,1815,4,0
20,William Martin,william.martin.lead20@example.com,Facebook,2026-02-01,Follow-up,0,Plano,Single Family Home,4,2011,3,2
21,Emma Harris,emma.harris.lead21@example.com,Zillow,2026-04-09,Contacted,0,Austin,Condo,1,1495,0,1
22,Chris Taylor,chris.taylor.lead22@example.com,Website,2025-10-21,Contacted,0,Dallas,Townhouse,4,1431,7,3
23,Emma Wilson,emma.wilson.lead23@example.com,Walk-in,2025-02-14,Interested,0,Plano,Apartment,2,1222,8,0
24,James Brown,james.brown.lead24@example.com,Facebook,2025-04-28,Follow-up,0,Irving,Villa,2,2548,7,4
25,Amelia Thomas,amelia.thomas.lead25@example.com,Realtor.com,2025-02-04,Interested,0,San Antonio,Villa,4,2890,1,2
26,Chris Lewis,chris.lewis.lead26@example.com,Walk-in,2025-10-16,Contacted,0,Irving,Townhouse,2,3404,0,1
27,Olivia Anderson,olivia.anderson.lead27@example.com,Google Ads,2026-02-07,Follow-up,0,Austin,Apartment,2,1928,7,1
28,William Brown,william.brown.lead28@example.com,Referral,2025-03-17,New,0,San Antonio,Single Family Home,1,2403,2,3
29,Robert Davis,robert.davis.lead29@example.com,Realtor.com,2025-09-12,New,0,San Antonio,Apartment,4,4127,1,0
30,Daniel Clark,daniel.clark.lead30@example.com,Referral,2025-05-08,Follow-up,0,Fort Worth,Single Family Home,2,4477,5,3
31,Chris Thomas,chris.thomas.lead31@example.com,Walk-in,2025-08-05,Interested,0,Arlington,Apartment,1,2576,3,2
32,David Anderson,david.anderson.lead32@example.com,Referral,2025-04-17,Site Visit Scheduled,0,Fort Worth,Single Family Home,1,1711,4,0
33,James Brown,james.brown.lead33@example.com,Instagram,2025-04-29,Contacted,0,Houston,Single Family Home,1,1541,4,2
34,William Johnson,william.johnson.lead34@example.com,Website,2025-10-09,New,0,Plano,Condo,4,2596,1,2
35,Joseph Clark,joseph.clark.lead35@example.com,Walk-in,2025-04-18,New,0,Houston,Townhouse,4,1183,4,2
36,Charlotte Miller,charlotte.miller.lead36@example.com,Walk-in,2026-04-29,Contacted,0,Austin,Apartment,4,2774,4,0
37,Sophia Moore,sophia.moore.lead37@example.com,Website,2026-04-06,Contacted,0,Arlington,Single Family Home,2,1987,3,4
38,Emma Taylor,emma.taylor.lead38@example.com,Referral,2025-10-23,Lost,0,Irving,Villa,4,3962,4,0
39,John Harris,john.harris.lead39@example.com,Zillow,2026-04-07,New,0,Dallas,Villa,1,1818,8,0
40,Mia Lewis,mia.lewis.lead40@example.com,Referral,2025-02-07,New,0,Irving,Apartment,4,1888,5,2
41,Emily Davis,emily.davis.lead41@example.com,Realtor.com,2025-02-08,Contacted,0,Austin,Townhouse,1,2219,0,2
42,William Thomas,william.thomas.lead42@example.com,Walk-in,2026-01-23,Interested,0,Irving,Single Family Home,3,2800,8,0
43,William Smith,william.smith.lead43@example.com,Website,2025-01-26,Site Visit Scheduled,0,Houston,Condo,4,2560,0,0
44,William Lewis,william.lewis.lead44@example.com,Google Ads,2025-11-14,Follow-up,0,Houston,Villa,1,3578,7,4
45,Emma Davis,emma.davis.lead45@example.com,Website,2026-03-10,New,0,Fort Worth,Apartment,3,2711,0,1
46,David Anderson,david.anderson.lead46@example.com,Zillow,2026-01-01,New,0,San Antonio,Single Family Home,4,2103,7,2
47,Sophia Taylor,sophia.taylor.lead47@example.com,Realtor.com,2025-11-07,Interested,0,Houston,Townhouse,3,3626,2,1
48,Emma Lewis,emma.lewis.lead48@example.com,Zillow,2025-08-28,Contacted,0,Dallas,Villa,1,4252,0,2
49,Olivia Harris,olivia.harris.lead49@example.com,Referral,2026-01-31,Contacted,0,Irving,Single Family Home,4,2325,7,1
50,Emma Clark,emma.clark.lead50@example.com,Facebook,2026-03-14,Converted,1,Houston,Townhouse,4,3226,2,1
51,Amelia White,amelia.white.lead51@example.com,Facebook,2025-09-07,Contacted,0,Irving,Condo,4,4413,8,3
52,David Anderson,david.anderson.lead52@example.com,Referral,2025-07-25,Contacted,0,Fort Worth,Condo,4,1888,7,0
53,Emily Smith,emily.smith.lead53@example.com,Instagram,2025-04-14,Follow-up,0,Plano,Villa,3,2390,7,4
54,Chris Davis,chris.davis.lead54@example.com,Realtor.com,2025-01-26,New,0,Fort Worth,Single Family Home,2,2491,5,2
55,Robert Thomas,robert.thomas.lead55@example.com,Website,2026-04-04,Site Visit Scheduled,0,Irving,Apartment,3,1754,5,2
56,Charlotte Smith,charlotte.smith.lead56@example.com,Facebook,2025-09-14,Interested,0,Houston,Condo,1,3354,8,3
57,Robert Miller,robert.miller.lead57@example.com,Zillow,2025-02-26,New,0,Plano,Apartment,2,2219,6,0
58,John Johnson,john.johnson.lead58@example.com,Website,2025-04-24,Lost,0,Fort Worth,Apartment,3,4110,6,0
59,Emily Brown,emily.brown.lead59@example.com,Referral,2025-09-16,Interested,0,Arlington,Villa,1,1688,3,0
60,Sarah Miller,sarah.miller.lead60@example.com,Website,2026-01-20,Converted,1,Houston,Single Family Home,4,3074,7,1
61,Michael Moore,michael.moore.lead61@example.com,Referral,2025-09-26,Contacted,0,Fort Worth,Condo,4,1151,3,5
62,Emily White,emily.white.lead62@example.com,Facebook,2025-05-22,Follow-up,0,Plano,Apartment,2,3868,2,0
63,Emily Moore,emily.moore.lead63@example.com,Walk-in,2026-02-12,Interested,0,Fort Worth,Apartment,4,3055,6,0
64,Sophia Smith,sophia.smith.lead64@example.com,Realtor.com,2025-04-30,Follow-up,0,Austin,Single Family Home,2,1676,6,4
65,Michael Jackson,michael.jackson.lead65@example.com,Walk-in,2026-03-21,Converted,1,Fort Worth,Apartment,2,2595,2,1
66,David Taylor,david.taylor.lead66@example.com,Realtor.com,2025-06-02,New,0,Austin,Condo,1,2306,2,3
67,Sophia Clark,sophia.clark.lead67@example.com,Facebook,2025-11-25,Converted,1,San Antonio,Villa,3,3378,2,4
68,Emily Anderson,emily.anderson.lead68@example.com,Google Ads,2025-10-13,Interested,0,San Antonio,Condo,4,2134,8,0
69,Emma Brown,emma.brown.lead69@example.com,Website,2025-08-15,Lost,0,San Antonio,Condo,3,4107,0,4
70,Joseph Smith,joseph.smith.lead70@example.com,Zillow,2025-03-29,Follow-up,0,Plano,Townhouse,3,3201,0,5
71,Robert Wilson,robert.wilson.lead71@example.com,Facebook,2025-02-23,Follow-up,0,Arlington,Townhouse,1,3073,2,0
72,Daniel Harris,daniel.harris.lead72@example.com,Facebook,2026-02-27,New,0,Houston,Condo,4,2816,0,1
73,Chris Moore,chris.moore.lead73@example.com,Facebook,2025-01-07,Contacted,0,Plano,Single Family Home,3,2983,5,5
74,Charlotte Clark,charlotte.clark.lead74@example.com,Zillow,2025-07-20,Follow-up,0,Houston,Condo,3,3855,5,0
75,Chris Anderson,chris.anderson.lead75@example.com,Referral,2025-03-17,Interested,0,Arlington,Condo,2,2003,6,3
76,John Moore,john.moore.lead76@example.com,Instagram,2026-02-07,Lost,0,Irving,Condo,1,1507,1,1
77,Mia Thomas,mia.thomas.lead77@example.com,Website,2025-01-15,Contacted,0,Austin,Townhouse,4,1740,3,0
78,Joseph Miller,joseph.miller.lead78@example.com,Instagram,2025-05-23,Contacted,0,Austin,Villa,2,3473,1,0
79,Charlotte Moore,charlotte.moore.lead79@example.com,Realtor.com,2025-08-24,Interested,0,Fort Worth,Townhouse,3,1603,8,2
80,Chris Wilson,chris.wilson.lead80@example.com,Instagram,2025-03-07,New,0,Dallas,Apartment,3,2833,2,4
81,Charlotte Anderson,charlotte.anderson.lead81@example.com,Instagram,2025-06-14,Interested,0,Fort Worth,Single Family Home,4,2689,3,5
82,Robert Jackson,robert.jackson.lead82@example.com,Zillow,2025-12-02,Interested,0,Fort Worth,Townhouse,1,1543,0,0
83,Mia Brown,mia.brown.lead83@example.com,Walk-in,2025-11-07,New,0,Dallas,Villa,2,3002,6,1
84,Michael Johnson,michael.johnson.lead84@example.com,Facebook,2026-04-08,Follow-up,0,Dallas,Villa,2,1759,5,0
85,Chris Taylor,chris.taylor.lead85@example.com,Facebook,2025-10-06,Converted,1,Dallas,Townhouse,2,3789,7,2
86,Michael Davis,michael.davis.lead86@example.com,Referral,2025-01-31,Interested,0,Irving,Condo,4,4043,3,0
87,Emily Martin,emily.martin.lead87@example.com,Website,2025-11-09,Follow-up,0,Irving,Villa,2,4324,0,2
88,Mia Anderson,mia.anderson.lead88@example.com,Referral,2026-02-03,Lost,0,San Antonio,Condo,4,1163,4,4
89,William Smith,william.smith.lead89@example.com,Zillow,2025-10-25,Follow-up,0,Dallas,Single Family Home,1,3708,1,2
90,Emma Lewis,emma.lewis.lead90@example.com,Facebook,2026-02-27,New,0,Irving,Single Family Home,1,2126,2,2
91,Emma Davis,emma.davis.lead91@example.com,Realtor.com,2025-01-19,Contacted,0,Plano,Single Family Home,4,924,1,5
92,Michael Davis,michael.davis.lead92@example.com,Zillow,2025-12-06,New,0,Plano,Villa,2,4326,2,1
93,Amelia Johnson,amelia.johnson.lead93@example.com,Instagram,2025-07-17,Site Visit Scheduled,0,Plano,Condo,3,2961,3,2
94,Daniel Johnson,daniel.johnson.lead94@example.com,Zillow,2025-06-28,Lost,0,San Antonio,Villa,3,2935,0,0
95,David Davis,david.davis.lead95@example.com,Zillow,2025-11-29,New,0,Plano,Single Family Home,4,4079,2,3
96,William Wilson,william.wilson.lead96@example.com,Walk-in,2026-04-01,Contacted,0,Irving,Single Family Home,1,1065,3,0
97,Daniel White,daniel.white.lead97@example.com,Referral,2026-04-28,Site Visit Scheduled,0,Dallas,Single Family Home,4,3794,1,2
98,Chris Wilson,chris.wilson.lead98@example.com,Walk-in,2025-12-03,Lost,0,Houston,Townhouse,2,2407,0,2
99,Mia Martin,mia.martin.lead99@example.com,Referral,2025-04-01,Follow-up,0,Arlington,Villa,4,2215,8,1
100,John Thomas,john.thomas.lead100@example.com,Instagram,2025-05-27,Follow-up,0,Plano,Townhouse,3,2815,1,0
101,Robert Smith,robert.smith.lead101@example.com,Referral,2025-02-09,Interested,0,Plano,Townhouse,2,3073,2,0
102,Michael Moore,michael.moore.lead102@example.com,Website,2026-01-20,Follow-up,0,Irving,Apartment,2,3805,4,3
103,Emily Brown,emily.brown.lead103@example.com,Website,2025-08-21,Follow-up,0,Austin,Condo,3,3650,6,0
104,Emma Taylor,emma.taylor.lead104@example.com,Instagram,2025-05-10,Converted,1,Arlington,Apartment,3,3264,6,0
105,Sophia Moore,sophia.moore.lead105@example.com,Facebook,2025-12-28,Follow-up,0,Arlington,Single Family Home,3,3964,8,4
106,Joseph Harris,joseph.harris.lead106@example.com,Google Ads,2025-09-22,Site Visit Scheduled,0,Fort Worth,Single Family Home,4,3136,6,5
107,Sophia Johnson,sophia.johnson.lead107@example.com,Instagram,2025-08-31,New,0,Dallas,Single Family Home,3,3542,4,2
108,James Clark,james.clark.lead108@example.com,Referral,2025-10-11,Site Visit Scheduled,0,San Antonio,Apartment,4,4461,6,4
109,Olivia Martin,olivia.martin.lead109@example.com,Walk-in,2025-12-18,Interested,0,Austin,Villa,3,2479,7,2
110,Emma Harris,emma.harris.lead110@example.com,Zillow,2025-09-13,Interested,0,Dallas,Single Family Home,2,4178,8,2
111,Sarah Clark,sarah.clark.lead111@example.com,Instagram,2025-11-18,Follow-up,0,Irving,Single Family Home,2,2390,7,2
112,Emily Brown,emily.brown.lead112@example.com,Walk-in,2025-08-12,Follow-up,0,Irving,Apartment,4,2853,3,0
113,William Davis,william.davis.lead113@example.com,Google Ads,2025-04-07,Lost,0,Arlington,Townhouse,1,2807,0,3
114,Joseph Moore,joseph.moore.lead114@example.com,Google Ads,2025-07-15,New,0,Irving,Single Family Home,3,3291,4,0
115,Sophia Moore,sophia.moore.lead115@example.com,Facebook,2025-12-15,Interested,0,Irving,Single Family Home,3,3282,0,5
116,Olivia Taylor,olivia.taylor.lead116@example.com,Realtor.com,2025-05-22,Lost,0,Fort Worth,Townhouse,2,4033,2,3
117,Sophia Jackson,sophia.jackson.lead117@example.com,Facebook,2026-04-07,New,0,Plano,Townhouse,1,4213,3,1
118,Chris Taylor,chris.taylor.lead118@example.com,Realtor.com,2025-10-27,Follow-up,0,San Antonio,Single Family Home,3,2874,0,4
119,Sophia White,sophia.white.lead119@example.com,Website,2026-04-08,Contacted,0,Plano,Villa,1,2407,0,3
120,Emma Lewis,emma.lewis.lead120@example.com,Walk-in,2025-11-13,Contacted,0,San Antonio,Townhouse,3,1201,7,3
121,Emma Wilson,emma.wilson.lead121@example.com,Facebook,2025-04-06,Interested,0,Fort Worth,Condo,1,3156,6,2
122,John Clark,john.clark.lead122@example.com,Facebook,2025-06-22,Converted,1,Irving,Single Family Home,2,1323,0,2
123,Robert Thomas,robert.thomas.lead123@example.com,Google Ads,2025-12-28,Follow-up,0,San Antonio,Apartment,3,2617,5,2
124,James Jackson,james.jackson.lead124@example.com,Google Ads,2026-02-22,New,0,Plano,Townhouse,4,1109,0,3
125,Charlotte Lewis,charlotte.lewis.lead125@example.com,Instagram,2025-05-21,Contacted,0,San Antonio,Condo,2,4150,0,2
126,Emily Johnson,emily.johnson.lead126@example.com,Realtor.com,2025-09-08,New,0,Dallas,Single Family Home,4,3028,2,3
127,John Wilson,john.wilson.lead127@example.com,Zillow,2026-03-31,New,0,Austin,Townhouse,1,1513,6,0
128,William Johnson,william.johnson.lead128@example.com,Website,2026-04-19,Lost,0,Irving,Apartment,3,3535,1,1
129,Sarah Johnson,sarah.johnson.lead129@example.com,Walk-in,2025-09-16,Converted,1,Houston,Single Family Home,1,3292,7,3
130,Charlotte Wilson,charlotte.wilson.lead130@example.com,Google Ads,2025-03-17,Contacted,0,Fort Worth,Villa,2,2466,1,5
131,Olivia Harris,olivia.harris.lead131@example.com,Google Ads,2025-12-12,New,0,Austin,Apartment,4,1360,1,1
132,Olivia Martin,olivia.martin.lead132@example.com,Facebook,2025-05-09,New,0,Dallas,Single Family Home,2,4446,7,3
133,Daniel Wilson,daniel.wilson.lead133@example.com,Zillow,2025-10-20,New,0,Arlington,Condo,4,4092,2,4
134,Chris Johnson,chris.johnson.lead134@example.com,Referral,2025-01-27,New,0,Irving,Villa,4,1692,8,0
135,Ava Anderson,ava.anderson.lead135@example.com,Facebook,2025-11-28,Follow-up,0,Irving,Townhouse,4,3782,6,0
136,Emily Smith,emily.smith.lead136@example.com,Facebook,2026-03-27,Lost,0,Irving,Townhouse,3,4300,2,2
137,William Moore,william.moore.lead137@example.com,Instagram,2025-09-14,Follow-up,0,Arlington,Condo,3,3153,0,3
138,John Anderson,john.anderson.lead138@example.com,Website,2026-04-15,Follow-up,0,Irving,Condo,1,2202,2,4
139,Joseph Clark,joseph.clark.lead139@example.com,Website,2026-02-13,Contacted,0,Austin,Single Family Home,2,3135,8,1
140,Robert Brown,robert.brown.lead140@example.com,Website,2025-01-28,New,0,Irving,Townhouse,2,1953,7,0
141,Joseph Martin,joseph.martin.lead141@example.com,Website,2026-02-12,Follow-up,0,Dallas,Villa,1,2270,6,3
142,Ava Lewis,ava.lewis.lead142@example.com,Google Ads,2026-04-23,New,0,Plano,Apartment,2,3504,4,1
143,Amelia White,amelia.white.lead143@example.com,Referral,2025-10-04,Interested,0,Houston,Condo,1,2428,1,4
144,David Anderson,david.anderson.lead144@example.com,Instagram,2025-05-02,Follow-up,0,Dallas,Apartment,4,3039,7,0
145,Mia Wilson,mia.wilson.lead145@example.com,Website,2025-04-16,Follow-up,0,Dallas,Condo,3,2864,0,2
146,Sophia Taylor,sophia.taylor.lead146@example.com,Realtor.com,2026-03-30,Interested,0,Irving,Condo,2,3144,4,3
147,David Johnson,david.johnson.lead147@example.com,Website,2025-01-01,New,0,Plano,Condo,1,1175,1,3
148,Amelia White,amelia.white.lead148@example.com,Website,2026-01-17,New,0,Dallas,Villa,3,3875,4,4
149,Charlotte Wilson,charlotte.wilson.lead149@example.com,Website,2025-06-29,Interested,0,Houston,Apartment,1,3780,2,4
150,Charlotte White,charlotte.white.lead150@example.com,Google Ads,2025-12-08,Interested,0,Arlington,Single Family Home,4,2001,5,4
151,William Thomas,william.thomas.lead151@example.com,Facebook,2025-12-21,Site Visit Scheduled,0,San Antonio,Condo,3,4305,2,0
152,Ava Brown,ava.brown.lead152@example.com,Instagram,2025-08-05,New,0,Irving,Townhouse,1,2064,5,0
153,Michael Taylor,michael.taylor.lead153@example.com,Instagram,2025-08-24,Lost,0,Arlington,Condo,4,4098,7,3
154,Amelia Davis,amelia.davis.lead154@example.com,Zillow,2025-11-24,Converted,1,Irving,Condo,1,4042,7,2
155,Sarah White,sarah.white.lead155@example.com,Walk-in,2025-03-22,Interested,0,San Antonio,Townhouse,1,3420,8,0
156,Michael Jackson,michael.jackson.lead156@example.com,Zillow,2025-02-16,Contacted,0,Irving,Condo,3,1600,4,2
157,John Martin,john.martin.lead157@example.com,Zillow,2025-09-07,Contacted,0,Houston,Villa,4,1648,1,0
158,Emma Brown,emma.brown.lead158@example.com,Walk-in,2025-03-14,Follow-up,0,Dallas,Condo,4,3771,8,4
159,Amelia Jackson,amelia.jackson.lead159@example.com,Zillow,2025-09-06,New,0,Houston,Single Family Home,4,4252,1,4
160,Michael Johnson,michael.johnson.lead160@example.com,Website,2025-10-09,Interested,0,Arlington,Apartment,2,3862,2,5
161,Emily Anderson,emily.anderson.lead161@example.com,Facebook,2026-05-23,Interested,0,Austin,Apartment,3,2317,5,2
162,Amelia Wilson,amelia.wilson.lead162@example.com,Facebook,2025-04-15,Follow-up,0,Arlington,Apartment,3,4142,7,5
163,Daniel Anderson,daniel.anderson.lead163@example.com,Facebook,2025-10-29,Follow-up,0,Arlington,Single Family Home,2,2149,7,0
164,Charlotte Anderson,charlotte.anderson.lead164@example.com,Walk-in,2025-03-24,Converted,1,Arlington,Condo,1,4153,7,1
165,Charlotte Jackson,charlotte.jackson.lead165@example.com,Facebook,2025-05-28,Contacted,0,Dallas,Condo,4,4212,6,4
166,Joseph Clark,joseph.clark.lead166@example.com,Zillow,2025-10-13,Contacted,0,Arlington,Single Family Home,3,2827,7,2
167,David Taylor,david.taylor.lead167@example.com,Google Ads,2025-05-20,New,0,San Antonio,Condo,1,917,5,4
168,Emily Wilson,emily.wilson.lead168@example.com,Google Ads,2025-03-07,Interested,0,Arlington,Townhouse,4,2263,3,4
169,John Davis,john.davis.lead169@example.com,Walk-in,2025-10-21,Contacted,0,Austin,Condo,2,4341,6,5
170,Mia Martin,mia.martin.lead170@example.com,Realtor.com,2026-02-24,Lost,0,Fort Worth,Villa,2,1186,3,0
171,William Smith,william.smith.lead171@example.com,Zillow,2025-01-31,Interested,0,Irving,Villa,1,2273,6,0
172,Chris Miller,chris.miller.lead172@example.com,Google Ads,2025-09-05,Lost,0,Arlington,Apartment,2,3503,7,5
173,Olivia Lewis,olivia.lewis.lead173@example.com,Walk-in,2025-06-15,Follow-up,0,Fort Worth,Townhouse,4,3099,5,3
174,Michael Brown,michael.brown.lead174@example.com,Website,2025-08-03,Interested,0,Fort Worth,Condo,2,1432,8,3
175,Amelia Johnson,amelia.johnson.lead175@example.com,Zillow,2025-11-02,New,0,Irving,Single Family Home,3,2604,8,3
176,Robert Taylor,robert.taylor.lead176@example.com,Referral,2025-10-31,Contacted,0,Plano,Single Family Home,1,2673,2,5
177,Amelia Wilson,amelia.wilson.lead177@example.com,Realtor.com,2025-06-25,New,0,Plano,Condo,1,1471,5,4
178,Daniel Harris,daniel.harris.lead178@example.com,Walk-in,2025-06-10,Follow-up,0,San Antonio,Condo,1,1619,5,1
179,Sarah Taylor,sarah.taylor.lead179@example.com,Instagram,2025-06-21,Contacted,0,Fort Worth,Apartment,2,3643,3,5
180,Olivia Smith,olivia.smith.lead180@example.com,Realtor.com,2026-01-26,Follow-up,0,Houston,Townhouse,2,4453,7,5
181,Charlotte Harris,charlotte.harris.lead181@example.com,Facebook,2025-12-13,Lost,0,Austin,Condo,2,2650,8,3
182,Robert Smith,robert.smith.lead182@example.com,Instagram,2026-05-10,New,0,Houston,Single Family Home,2,1512,4,3
183,David Smith,david.smith.lead183@example.com,Google Ads,2025-08-22,Interested,0,Irving,Townhouse,3,1645,5,3
184,Sophia Jackson,sophia.jackson.lead184@example.com,Instagram,2025-05-13,Contacted,0,Irving,Condo,1,1610,0,2
185,James Moore,james.moore.lead185@example.com,Google Ads,2026-04-27,Contacted,0,Plano,Apartment,2,3073,7,1
186,Chris Wilson,chris.wilson.lead186@example.com,Website,2026-04-04,Lost,0,Plano,Townhouse,2,4241,4,0
187,Chris Jackson,chris.jackson.lead187@example.com,Google Ads,2026-02-25,Contacted,0,Plano,Single Family Home,4,2283,7,5
188,Sarah Thomas,sarah.thomas.lead188@example.com,Zillow,2025-03-12,Follow-up,0,Fort Worth,Single Family Home,4,1325,4,3
189,William Taylor,william.taylor.lead189@example.com,Realtor.com,2025-12-18,Site Visit Scheduled,0,Irving,Single Family Home,1,4346,4,2
190,Joseph Anderson,joseph.anderson.lead190@example.com,Facebook,2025-08-01,Site Visit Scheduled,0,Irving,Villa,1,2945,2,2
191,Amelia Jackson,amelia.jackson.lead191@example.com,Website,2026-03-25,Follow-up,0,Plano,Apartment,4,3089,2,1
192,Daniel Jackson,daniel.jackson.lead192@example.com,Instagram,2025-02-02,Follow-up,0,San Antonio,Condo,1,1553,8,4
193,James Moore,james.moore.lead193@example.com,Google Ads,2025-02-18,New,0,Dallas,Villa,1,1248,1,1
194,Joseph Lewis,joseph.lewis.lead194@example.com,Google Ads,2025-05-28,Site Visit Scheduled,0,Fort Worth,Villa,3,4451,6,4
195,Sarah Jackson,sarah.jackson.lead195@example.com,Referral,2025-01-18,Follow-up,0,Fort Worth,Townhouse,2,1056,3,3
196,Daniel Moore,daniel.moore.lead196@example.com,Instagram,2025-05-13,Follow-up,0,Plano,Condo,2,2553,8,3
197,David Jackson,david.jackson.lead197@example.com,Instagram,2026-01-12,Interested,0,Irving,Single Family Home,3,2398,5,3
198,James Jackson,james.jackson.lead198@example.com,Zillow,2025-12-17,New,0,Plano,Villa,4,2406,2,4
199,David Clark,david.clark.lead199@example.com,Referral,2025-10-21,Follow-up,0,Fort Worth,Single Family Home,2,2130,5,1
200,James Miller,james.miller.lead200@example.com,Instagram,2025-03-05,Site Visit Scheduled,0,Plano,Single Family Home,2,1487,1,3
201,James Davis,james.davis.lead201@example.com,Referral,2025-07-09,Interested,0,Fort Worth,Townhouse,3,3399,7,2
202,Ava Jackson,ava.jackson.lead202@example.com,Facebook,2025-02-11,Site Visit Scheduled,0,Austin,Condo,4,1145,4,3
203,Michael Smith,michael.smith.lead203@example.com,Zillow,2025-07-13,Lost,0,Austin,Villa,2,2129,1,1
204,Ava Thomas,ava.thomas.lead204@example.com,Realtor.com,2025-07-25,Interested,0,Dallas,Villa,3,3917,0,4
205,Daniel Brown,daniel.brown.lead205@example.com,Zillow,2025-02-09,Interested,0,Austin,Villa,3,4165,7,4
206,James Johnson,james.johnson.lead206@example.com,Walk-in,2026-05-05,Lost,0,Dallas,Apartment,2,2056,3,1
207,James Thomas,james.thomas.lead207@example.com,Referral,2025-03-31,New,0,Irving,Villa,3,933,3,2
208,Joseph White,joseph.white.lead208@example.com,Facebook,2026-03-19,Contacted,0,Arlington,Condo,4,1181,8,3
209,David Wilson,david.wilson.lead209@example.com,Referral,2025-05-12,Contacted,0,Arlington,Apartment,2,1879,0,1
210,David Moore,david.moore.lead210@example.com,Walk-in,2025-10-24,New,0,Fort Worth,Single Family Home,1,1816,2,4
211,Joseph Johnson,joseph.johnson.lead211@example.com,Walk-in,2026-02-27,Contacted,0,Fort Worth,Townhouse,2,3269,3,0
212,Emma Johnson,emma.johnson.lead212@example.com,Zillow,2025-07-16,Interested,0,Austin,Condo,2,1187,1,3
213,Chris Taylor,chris.taylor.lead213@example.com,Website,2026-05-16,Interested,0,Irving,Townhouse,1,4433,7,0
214,John Moore,john.moore.lead214@example.com,Walk-in,2026-05-06,New,0,Fort Worth,Apartment,3,3432,0,0
215,Sophia Moore,sophia.moore.lead215@example.com,Walk-in,2025-09-12,Site Visit Scheduled,0,Austin,Townhouse,3,993,6,0
216,Charlotte Brown,charlotte.brown.lead216@example.com,Zillow,2026-02-05,Follow-up,0,San Antonio,Apartment,4,3026,7,2
217,Chris White,chris.white.lead217@example.com,Google Ads,2026-01-22,Contacted,0,Arlington,Apartment,4,1522,0,1
218,Charlotte Brown,charlotte.brown.lead218@example.com,Zillow,2025-02-26,Lost,0,Fort Worth,Condo,1,3571,3,4
219,Robert Moore,robert.moore.lead219@example.com,Website,2026-04-18,Follow-up,0,Dallas,Apartment,3,2638,4,3
220,Robert Harris,robert.harris.lead220@example.com,Google Ads,2025-09-11,Interested,0,Houston,Condo,1,4427,0,3
221,Emma Jackson,emma.jackson.lead221@example.com,Referral,2026-05-23,New,0,Dallas,Townhouse,1,4100,8,3
222,Michael Taylor,michael.taylor.lead222@example.com,Realtor.com,2025-02-01,Contacted,0,Austin,Townhouse,4,1785,4,2
223,Amelia Moore,amelia.moore.lead223@example.com,Instagram,2025-01-06,Follow-up,0,Austin,Villa,2,1896,8,2
224,Amelia Miller,amelia.miller.lead224@example.com,Zillow,2025-10-08,Lost,0,Plano,Townhouse,1,3154,3,4
225,Emma Martin,emma.martin.lead225@example.com,Google Ads,2025-06-19,Converted,1,Dallas,Condo,4,1779,8,4
226,Michael Lewis,michael.lewis.lead226@example.com,Facebook,2025-07-17,Converted,1,Houston,Villa,1,2523,0,2
227,Sophia Martin,sophia.martin.lead227@example.com,Realtor.com,2025-11-15,Contacted,0,San Antonio,Condo,3,2698,8,3
228,Charlotte Anderson,charlotte.anderson.lead228@example.com,Facebook,2025-04-01,Contacted,0,Fort Worth,Apartment,4,2509,3,0
229,William Jackson,william.jackson.lead229@example.com,Realtor.com,2026-05-08,Interested,0,Plano,Apartment,1,1590,4,2
230,Joseph Thomas,joseph.thomas.lead230@example.com,Walk-in,2025-10-03,New,0,Dallas,Apartment,3,3000,7,1
231,Amelia Davis,amelia.davis.lead231@example.com,Referral,2026-01-24,Contacted,0,San Antonio,Apartment,4,3813,8,3
232,Emma Davis,emma.davis.lead232@example.com,Realtor.com,2025-07-23,Converted,1,San Antonio,Apartment,1,2483,8,4
233,Olivia Harris,olivia.harris.lead233@example.com,Walk-in,2025-12-14,Contacted,0,Dallas,Condo,3,4105,4,1
234,Robert Taylor,robert.taylor.lead234@example.com,Instagram,2025-08-26,Site Visit Scheduled,0,Irving,Condo,1,2974,4,0
235,Michael Thomas,michael.thomas.lead235@example.com,Zillow,2025-10-15,Interested,0,San Antonio,Single Family Home,3,3488,6,3
236,John Smith,john.smith.lead236@example.com,Realtor.com,2025-04-05,Converted,1,Houston,Villa,2,928,7,1
237,Sophia Harris,sophia.harris.lead237@example.com,Instagram,2025-04-12,Interested,0,Arlington,Villa,4,1993,8,1
238,Amelia White,amelia.white.lead238@example.com,Website,2026-04-07,Contacted,0,Dallas,Single Family Home,2,3279,4,0
239,David Martin,david.martin.lead239@example.com,Google Ads,2025-03-13,Follow-up,0,Plano,Condo,3,1035,0,1
240,Daniel Anderson,daniel.anderson.lead240@example.com,Instagram,2026-05-01,Converted,1,San Antonio,Apartment,1,1673,6,1
241,Charlotte Jackson,charlotte.jackson.lead241@example.com,Facebook,2025-11-09,Interested,0,Plano,Single Family Home,3,4489,4,2
242,Robert Martin,robert.martin.lead242@example.com,Instagram,2025-03-28,New,0,Plano,Townhouse,4,2102,2,3
243,James Wilson,james.wilson.lead243@example.com,Instagram,2025-03-10,New,0,Dallas,Villa,3,949,4,3
244,Ava Jackson,ava.jackson.lead244@example.com,Realtor.com,2025-05-01,Contacted,0,Austin,Villa,2,1859,2,3
245,Daniel Lewis,daniel.lewis.lead245@example.com,Website,2025-02-17,Lost,0,Fort Worth,Apartment,4,3713,0,3
246,Amelia Davis,amelia.davis.lead246@example.com,Zillow,2025-10-18,Interested,0,Austin,Condo,4,3697,1,5
247,Sophia Johnson,sophia.johnson.lead247@example.com,Walk-in,2025-11-05,Lost,0,San Antonio,Apartment,3,4479,2,5
248,Sophia Jackson,sophia.jackson.lead248@example.com,Google Ads,2025-07-26,New,0,Plano,Condo,2,4069,8,3
249,Mia Harris,mia.harris.lead249@example.com,Google Ads,2025-05-08,Lost,0,Arlington,Apartment,2,3250,6,2
250,Robert Anderson,robert.anderson.lead250@example.com,Zillow,2025-03-26,Follow-up,0,Arlington,Single Family Home,2,3812,1,4
251,William Johnson,william.johnson.lead251@example.com,Instagram,2025-01-03,Lost,0,San Antonio,Single Family Home,1,1198,1,3
252,Emma Brown,emma.brown.lead252@example.com,Referral,2026-01-26,Contacted,0,San Antonio,Apartment,2,2543,0,4
253,William White,william.white.lead253@example.com,Instagram,2025-11-06,Interested,0,San Antonio,Villa,3,1606,2,1
254,Charlotte Lewis,charlotte.lewis.lead254@example.com,Instagram,2026-05-23,Interested,0,San Antonio,Apartment,1,3191,7,4
255,Amelia Davis,amelia.davis.lead255@example.com,Referral,2025-12-09,Contacted,0,Austin,Villa,1,2295,8,0
256,Amelia Wilson,amelia.wilson.lead256@example.com,Realtor.com,2025-03-03,Follow-up,0,Austin,Condo,4,2563,0,1
257,Amelia Martin,amelia.martin.lead257@example.com,Zillow,2025-08-09,Converted,1,Plano,Condo,1,3844,6,2
258,Robert Miller,robert.miller.lead258@example.com,Google Ads,2025-01-15,Interested,0,Fort Worth,Condo,1,4047,0,3
259,Sarah Taylor,sarah.taylor.lead259@example.com,Realtor.com,2026-03-03,Site Visit Scheduled,0,Arlington,Single Family Home,2,3030,2,0
260,Charlotte Johnson,charlotte.johnson.lead260@example.com,Realtor.com,2025-06-08,Follow-up,0,Houston,Condo,3,2018,8,3
261,Emily Wilson,emily.wilson.lead261@example.com,Walk-in,2026-05-02,New,0,Irving,Townhouse,3,2323,6,2
262,William Miller,william.miller.lead262@example.com,Referral,2025-10-10,Follow-up,0,Irving,Single Family Home,2,2828,8,0
263,William Anderson,william.anderson.lead263@example.com,Website,2025-01-04,Interested,0,Arlington,Villa,3,2852,5,1
264,Chris Johnson,chris.johnson.lead264@example.com,Google Ads,2026-02-11,Lost,0,Austin,Apartment,2,2691,2,5
265,Robert Anderson,robert.anderson.lead265@example.com,Instagram,2026-01-16,Lost,0,Plano,Villa,2,1603,0,4
266,Sarah Clark,sarah.clark.lead266@example.com,Google Ads,2026-01-26,Site Visit Scheduled,0,San Antonio,Townhouse,1,4076,6,4
267,James Miller,james.miller.lead267@example.com,Zillow,2026-05-06,Follow-up,0,Austin,Apartment,2,2013,5,5
268,Amelia Moore,amelia.moore.lead268@example.com,Website,2025-01-26,Interested,0,Arlington,Townhouse,2,4013,6,5
269,Emily Moore,emily.moore.lead269@example.com,Google Ads,2025-08-25,Follow-up,0,Houston,Townhouse,2,1457,2,4
270,Mia Harris,mia.harris.lead270@example.com,Instagram,2025-08-25,Lost,0,Austin,Villa,2,4067,7,5
271,Olivia Wilson,olivia.wilson.lead271@example.com,Website,2025-04-15,Interested,0,Plano,Villa,2,3975,7,5
272,Sarah Smith,sarah.smith.lead272@example.com,Website,2025-09-15,Interested,0,San Antonio,Villa,4,1483,0,2
273,Michael Moore,michael.moore.lead273@example.com,Google Ads,2025-05-07,Contacted,0,Houston,Single Family Home,3,4019,5,3
274,David Miller,david.miller.lead274@example.com,Walk-in,2025-01-13,Follow-up,0,Plano,Condo,2,3544,7,0
275,Joseph White,joseph.white.lead275@example.com,Website,2026-01-30,Lost,0,Fort Worth,Condo,3,2855,5,5
276,Mia Thomas,mia.thomas.lead276@example.com,Referral,2025-05-28,Site Visit Scheduled,0,San Antonio,Townhouse,4,3881,8,1
277,William Wilson,william.wilson.lead277@example.com,Facebook,2025-07-31,New,0,Irving,Condo,2,2085,6,4
278,Joseph White,joseph.white.lead278@example.com,Google Ads,2025-05-16,Interested,0,Houston,Single Family Home,1,1977,3,4
279,William Clark,william.clark.lead279@example.com,Website,2026-01-17,Contacted,0,Houston,Villa,2,3675,1,4
280,Joseph White,joseph.white.lead280@example.com,Website,2025-03-24,Site Visit Scheduled,0,Irving,Villa,3,2314,0,3
281,Emily Martin,emily.martin.lead281@example.com,Realtor.com,2025-02-07,Interested,0,Irving,Condo,2,3512,4,3
282,Emily Lewis,emily.lewis.lead282@example.com,Google Ads,2026-03-15,Contacted,0,Fort Worth,Villa,3,4466,1,5
283,John Taylor,john.taylor.lead283@example.com,Realtor.com,2026-04-26,Contacted,0,Plano,Villa,2,1658,1,2
284,Mia Harris,mia.harris.lead284@example.com,Realtor.com,2025-07-30,Follow-up,0,Houston,Villa,3,3673,5,4
285,Ava Smith,ava.smith.lead285@example.com,Walk-in,2025-11-25,Interested,0,Houston,Condo,3,3178,6,5
286,Mia Moore,mia.moore.lead286@example.com,Google Ads,2026-05-18,New,0,Fort Worth,Apartment,1,2824,2,5
287,David Smith,david.smith.lead287@example.com,Google Ads,2026-04-24,Site Visit Scheduled,0,Austin,Condo,4,3915,3,5
288,Olivia White,olivia.white.lead288@example.com,Facebook,2025-07-29,Site Visit Scheduled,0,Irving,Villa,2,3590,4,4
289,William Anderson,william.anderson.lead289@example.com,Realtor.com,2026-03-13,Lost,0,Houston,Apartment,1,3351,1,0
290,John Thomas,john.thomas.lead290@example.com,Instagram,2025-01-24,Interested,0,Irving,Villa,2,2523,6,2
291,Ava Clark,ava.clark.lead291@example.com,Zillow,2026-01-01,Follow-up,0,Houston,Townhouse,1,3621,7,3
292,Sarah Smith,sarah.smith.lead292@example.com,Walk-in,2026-03-01,New,0,Houston,Townhouse,1,2930,0,2
293,Mia Lewis,mia.lewis.lead293@example.com,Walk-in,2026-03-22,Contacted,0,Houston,Townhouse,4,3831,3,5
294,Sophia Clark,sophia.clark.lead294@example.com,Facebook,2025-11-30,Site Visit Scheduled,0,Dallas,Single Family Home,1,3948,5,3
295,Emily White,emily.white.lead295@example.com,Instagram,2025-11-07,Contacted,0,Fort Worth,Condo,1,3165,8,4
296,Joseph Taylor,joseph.taylor.lead296@example.com,Zillow,2025-09-28,Contacted,0,Arlington,Apartment,4,2020,8,2
297,Michael Johnson,michael.johnson.lead297@example.com,Facebook,2025-03-01,Site Visit Scheduled,0,Irving,Villa,1,1546,8,4
298,Robert Anderson,robert.anderson.lead298@example.com,Walk-in,2025-06-19,Interested,0,Irving,Villa,3,4185,3,2
299,Daniel Harris,daniel.harris.lead299@example.com,Referral,2025-07-11,Lost,0,Plano,Townhouse,4,1624,0,1
300,Joseph Clark,joseph.clark.lead300@example.com,Google Ads,2025-02-16,Follow-up,0,Fort Worth,Townhouse,3,920,6,4
301,Ava Harris,ava.harris.lead301@example.com,Google Ads,2025-03-02,Converted,1,Irving,Condo,4,902,4,3
302,Daniel Clark,daniel.clark.lead302@example.com,Referral,2025-05-06,Converted,1,Irving,Condo,1,3909,2,1
303,Emma Jackson,emma.jackson.lead303@example.com,Zillow,2026-02-19,Contacted,0,Dallas,Townhouse,4,3990,8,5
304,David Johnson,david.johnson.lead304@example.com,Zillow,2025-05-06,Site Visit Scheduled,0,Dallas,Single Family Home,2,4126,3,1
305,Mia Miller,mia.miller.lead305@example.com,Website,2026-02-15,Interested,0,Irving,Apartment,2,3827,8,2
306,James Smith,james.smith.lead306@example.com,Google Ads,2026-05-09,Interested,0,Dallas,Single Family Home,1,1585,1,0
307,David Wilson,david.wilson.lead307@example.com,Referral,2026-04-22,Contacted,0,San Antonio,Single Family Home,1,4220,5,4
308,Sarah Harris,sarah.harris.lead308@example.com,Google Ads,2025-04-29,Contacted,0,Fort Worth,Condo,3,3348,0,2
309,James Davis,james.davis.lead309@example.com,Realtor.com,2025-08-16,Site Visit Scheduled,0,Fort Worth,Single Family Home,4,3651,1,4
310,Emily Lewis,emily.lewis.lead310@example.com,Walk-in,2025-01-12,New,0,Fort Worth,Single Family Home,2,2878,3,5
311,Olivia White,olivia.white.lead311@example.com,Realtor.com,2025-04-14,Converted,1,Dallas,Apartment,2,2908,3,1
312,Chris Brown,chris.brown.lead312@example.com,Facebook,2025-06-17,Interested,0,Houston,Apartment,3,2044,0,5
313,Sarah Moore,sarah.moore.lead313@example.com,Instagram,2026-04-28,Interested,0,Arlington,Townhouse,3,4474,6,1
314,William Anderson,william.anderson.lead314@example.com,Facebook,2025-03-11,Follow-up,0,Dallas,Condo,2,2491,0,5
315,Sophia Johnson,sophia.johnson.lead315@example.com,Referral,2026-01-15,Lost,0,Irving,Condo,3,3324,7,5
316,David Wilson,david.wilson.lead316@example.com,Referral,2025-02-19,Follow-up,0,Fort Worth,Single Family Home,1,1382,1,5
317,Chris Taylor,chris.taylor.lead317@example.com,Zillow,2025-11-29,New,0,Houston,Single Family Home,4,1701,2,0
318,Emily Miller,emily.miller.lead318@example.com,Realtor.com,2025-12-16,Site Visit Scheduled,0,Houston,Single Family Home,1,1371,0,4
319,Robert Davis,robert.davis.lead319@example.com,Zillow,2025-10-23,Follow-up,0,Irving,Apartment,3,4423,2,0
320,David Miller,david.miller.lead320@example.com,Website,2026-03-09,Contacted,0,Dallas,Single Family Home,1,4351,6,2
321,Emma Smith,emma.smith.lead321@example.com,Website,2026-02-21,Site Visit Scheduled,0,San Antonio,Single Family Home,1,1944,7,0
322,Daniel Johnson,daniel.johnson.lead322@example.com,Walk-in,2025-11-30,Follow-up,0,Houston,Townhouse,3,2018,0,3
323,John Jackson,john.jackson.lead323@example.com,Walk-in,2026-04-13,Site Visit Scheduled,0,Dallas,Townhouse,4,2595,6,4
324,Amelia Taylor,amelia.taylor.lead324@example.com,Walk-in,2026-05-14,Interested,0,Plano,Villa,3,3240,1,2
325,Chris Smith,chris.smith.lead325@example.com,Realtor.com,2026-03-30,Contacted,0,San Antonio,Villa,3,3440,3,5
326,Amelia Thomas,amelia.thomas.lead326@example.com,Zillow,2025-03-29,Site Visit Scheduled,0,Arlington,Villa,1,2563,1,3
327,Ava Lewis,ava.lewis.lead327@example.com,Referral,2026-02-15,Lost,0,Austin,Condo,3,3048,6,4
328,James Smith,james.smith.lead328@example.com,Facebook,2026-02-01,Lost,0,Austin,Single Family Home,4,4104,6,0
329,Emma Harris,emma.harris.lead329@example.com,Realtor.com,2026-02-13,Site Visit Scheduled,0,Irving,Apartment,2,1461,4,4
330,Joseph Miller,joseph.miller.lead330@example.com,Instagram,2026-02-27,Lost,0,San Antonio,Apartment,1,4209,6,2
331,Robert Wilson,robert.wilson.lead331@example.com,Website,2025-10-30,Follow-up,0,Arlington,Villa,1,3955,5,3
332,Chris Moore,chris.moore.lead332@example.com,Facebook,2025-11-27,Lost,0,Fort Worth,Townhouse,2,3836,3,2
333,Chris Jackson,chris.jackson.lead333@example.com,Walk-in,2025-11-25,New,0,Irving,Single Family Home,4,4304,1,3
334,Olivia Davis,olivia.davis.lead334@example.com,Website,2025-06-03,New,0,Plano,Townhouse,2,4378,5,1
335,David Moore,david.moore.lead335@example.com,Website,2026-02-28,Contacted,0,Fort Worth,Townhouse,2,3009,4,5
336,Chris Taylor,chris.taylor.lead336@example.com,Website,2025-05-07,Interested,0,Austin,Single Family Home,1,1419,2,4
337,Daniel Anderson,daniel.anderson.lead337@example.com,Referral,2025-10-11,New,0,Houston,Townhouse,1,3871,8,3
338,Joseph Taylor,joseph.taylor.lead338@example.com,Instagram,2025-07-21,Converted,1,San Antonio,Condo,2,3745,4,0
339,Chris Davis,chris.davis.lead339@example.com,Google Ads,2025-05-31,Lost,0,Fort Worth,Apartment,2,2649,7,4
340,Joseph Brown,joseph.brown.lead340@example.com,Realtor.com,2025-02-13,New,0,Fort Worth,Villa,3,3575,2,3
341,Mia Clark,mia.clark.lead341@example.com,Zillow,2025-12-07,Contacted,0,Irving,Single Family Home,4,4220,7,2
342,Mia Miller,mia.miller.lead342@example.com,Facebook,2025-11-04,Site Visit Scheduled,0,Irving,Villa,4,1773,2,2
343,Ava Thomas,ava.thomas.lead343@example.com,Zillow,2025-07-27,Interested,0,Austin,Apartment,1,1425,7,4
344,Amelia Wilson,amelia.wilson.lead344@example.com,Walk-in,2025-09-13,New,0,Dallas,Townhouse,3,2256,3,4
345,Joseph Wilson,joseph.wilson.lead345@example.com,Instagram,2025-09-26,New,0,Arlington,Condo,4,1550,6,3
346,Robert Johnson,robert.johnson.lead346@example.com,Walk-in,2026-05-23,Follow-up,0,Austin,Townhouse,4,3113,1,5
347,Chris Johnson,chris.johnson.lead347@example.com,Realtor.com,2025-08-09,Contacted,0,Arlington,Single Family Home,3,2183,3,0
348,Mia Miller,mia.miller.lead348@example.com,Instagram,2025-02-05,New,0,Irving,Townhouse,1,1425,4,2
349,Sophia Smith,sophia.smith.lead349@example.com,Walk-in,2025-03-25,Site Visit Scheduled,0,Fort Worth,Townhouse,3,962,2,4
350,Robert Thomas,robert.thomas.lead350@example.com,Google Ads,2025-10-05,Follow-up,0,Plano,Villa,1,3799,7,0
351,Emma White,emma.white.lead351@example.com,Instagram,2025-10-11,Site Visit Scheduled,0,Houston,Villa,4,1830,7,0
352,David Smith,david.smith.lead352@example.com,Google Ads,2025-11-06,Contacted,0,Dallas,Townhouse,3,3956,7,2
353,Amelia White,amelia.white.lead353@example.com,Instagram,2025-04-05,New,0,Irving,Single Family Home,4,3467,0,5
354,Chris Davis,chris.davis.lead354@example.com,Walk-in,2026-05-27,Interested,0,Plano,Villa,4,3245,6,1
355,Joseph Miller,joseph.miller.lead355@example.com,Google Ads,2025-02-16,Interested,0,Arlington,Villa,1,2081,2,1
356,Olivia Taylor,olivia.taylor.lead356@example.com,Website,2026-03-26,Follow-up,0,Plano,Townhouse,4,1981,3,5
357,Emma Thomas,emma.thomas.lead357@example.com,Walk-in,2026-04-20,Follow-up,0,Houston,Condo,4,4166,7,2
358,John Clark,john.clark.lead358@example.com,Zillow,2026-02-25,Follow-up,0,Dallas,Condo,1,1805,0,5
359,William Harris,william.harris.lead359@example.com,Referral,2025-06-08,Converted,1,Austin,Villa,2,1563,1,4
360,Michael Martin,michael.martin.lead360@example.com,Instagram,2025-09-25,Follow-up,0,Austin,Villa,4,2869,4,5
361,Michael Moore,michael.moore.lead361@example.com,Zillow,2025-11-03,New,0,Houston,Single Family Home,4,4383,2,5
362,Sarah Harris,sarah.harris.lead362@example.com,Walk-in,2025-02-03,Lost,0,Irving,Single Family Home,3,3603,3,0
363,Olivia Moore,olivia.moore.lead363@example.com,Zillow,2025-07-30,Converted,1,San Antonio,Single Family Home,3,3576,8,0
364,Emma Thomas,emma.thomas.lead364@example.com,Facebook,2025-09-25,New,0,Irving,Apartment,1,2339,6,5
365,Sophia Clark,sophia.clark.lead365@example.com,Walk-in,2025-01-20,Site Visit Scheduled,0,Fort Worth,Single Family Home,2,2840,6,2
366,Joseph Davis,joseph.davis.lead366@example.com,Zillow,2025-12-13,Follow-up,0,Fort Worth,Townhouse,3,3723,4,1
367,David Taylor,david.taylor.lead367@example.com,Google Ads,2025-04-17,Site Visit Scheduled,0,Arlington,Condo,2,3250,6,2
368,Charlotte Wilson,charlotte.wilson.lead368@example.com,Instagram,2026-05-20,Follow-up,0,Arlington,Condo,3,2537,3,2
369,Amelia Martin,amelia.martin.lead369@example.com,Referral,2025-11-13,Site Visit Scheduled,0,Fort Worth,Condo,3,1754,1,4
370,Mia Taylor,mia.taylor.lead370@example.com,Facebook,2025-11-01,Interested,0,Dallas,Condo,4,3143,2,1
371,Michael Smith,michael.smith.lead371@example.com,Website,2026-01-08,Follow-up,0,Arlington,Apartment,1,4379,1,0
372,Sophia Davis,sophia.davis.lead372@example.com,Walk-in,2025-01-01,Follow-up,0,Plano,Townhouse,2,2161,3,3
373,Daniel Lewis,daniel.lewis.lead373@example.com,Referral,2025-01-14,New,0,Austin,Apartment,4,4005,1,3
374,Daniel Clark,daniel.clark.lead374@example.com,Zillow,2025-04-02,Site Visit Scheduled,0,Dallas,Condo,2,2177,8,5
375,John Harris,john.harris.lead375@example.com,Instagram,2026-01-26,Lost,0,Arlington,Villa,4,3411,7,1
376,Sarah Harris,sarah.harris.lead376@example.com,Instagram,2025-07-18,Site Visit Scheduled,0,Fort Worth,Villa,4,1084,4,1
377,Olivia Johnson,olivia.johnson.lead377@example.com,Facebook,2026-03-26,Site Visit Scheduled,0,Plano,Townhouse,3,2984,7,0
378,Mia White,mia.white.lead378@example.com,Instagram,2026-05-16,Contacted,0,Arlington,Apartment,1,3431,1,5
379,James Thomas,james.thomas.lead379@example.com,Google Ads,2026-05-27,Lost,0,Fort Worth,Villa,4,4314,0,4
380,Emily Jackson,emily.jackson.lead380@example.com,Referral,2026-03-07,Follow-up,0,Irving,Apartment,3,2982,7,1
381,Mia Harris,mia.harris.lead381@example.com,Google Ads,2025-10-28,Site Visit Scheduled,0,Arlington,Villa,4,4430,4,2
382,Charlotte Johnson,charlotte.johnson.lead382@example.com,Realtor.com,2026-05-17,Contacted,0,Austin,Condo,4,2467,5,4
383,Robert Anderson,robert.anderson.lead383@example.com,Realtor.com,2026-02-01,Follow-up,0,Plano,Single Family Home,3,3022,4,3
384,David White,david.white.lead384@example.com,Walk-in,2025-09-02,Interested,0,Plano,Condo,3,4348,5,5
385,Sarah Miller,sarah.miller.lead385@example.com,Instagram,2025-09-05,Site Visit Scheduled,0,San Antonio,Condo,2,996,0,4
386,Daniel Harris,daniel.harris.lead386@example.com,Zillow,2025-09-22,Contacted,0,Plano,Apartment,2,4498,7,2
387,Daniel Johnson,daniel.johnson.lead387@example.com,Google Ads,2025-08-24,New,0,Arlington,Villa,3,3050,6,4
388,Michael Wilson,michael.wilson.lead388@example.com,Walk-in,2026-01-24,Follow-up,0,Fort Worth,Single Family Home,1,1914,4,0
389,Charlotte Taylor,charlotte.taylor.lead389@example.com,Referral,2025-10-09,New,0,Arlington,Townhouse,1,1756,6,1
390,Olivia Anderson,olivia.anderson.lead390@example.com,Realtor.com,2025-05-25,New,0,Dallas,Townhouse,2,2187,8,3
391,Emily Moore,emily.moore.lead391@example.com,Walk-in,2026-04-24,Lost,0,Houston,Condo,3,2093,6,3
392,Sarah Taylor,sarah.taylor.lead392@example.com,Instagram,2025-05-20,Converted,1,Houston,Villa,4,4384,4,0
393,James Miller,james.miller.lead393@example.com,Referral,2025-10-18,Lost,0,Dallas,Apartment,1,3802,0,1
394,Charlotte Martin,charlotte.martin.lead394@example.com,Zillow,2025-04-23,Site Visit Scheduled,0,Dallas,Apartment,4,2878,4,4
395,Daniel Clark,daniel.clark.lead395@example.com,Google Ads,2025-07-27,Interested,0,Arlington,Villa,1,3217,6,0
396,Daniel Anderson,daniel.anderson.lead396@example.com,Walk-in,2026-01-16,Follow-up,0,Houston,Condo,2,2216,5,0
397,Mia Wilson,mia.wilson.lead397@example.com,Website,2026-04-24,Contacted,0,Irving,Condo,4,1029,5,3
398,Charlotte Johnson,charlotte.johnson.lead398@example.com,Facebook,2025-05-03,Interested,0,Arlington,Single Family Home,2,1248,3,5
399,Robert Davis,robert.davis.lead399@example.com,Instagram,2025-07-12,New,0,Houston,Condo,3,3234,5,4
400,Joseph Thomas,joseph.thomas.lead400@example.com,Google Ads,2025-08-01,Interested,0,Fort Worth,Condo,4,3766,8,3
401,John Jackson,john.jackson.lead401@example.com,Realtor.com,2025-02-15,Interested,0,Dallas,Townhouse,1,2904,0,3
402,Daniel Johnson,daniel.johnson.lead402@example.com,Walk-in,2025-07-29,Lost,0,Arlington,Condo,3,1046,8,1
403,John Taylor,john.taylor.lead403@example.com,Instagram,2025-12-26,Converted,1,San Antonio,Villa,4,3019,5,5
404,Ava Smith,ava.smith.lead404@example.com,Instagram,2025-05-13,Contacted,0,San Antonio,Villa,1,4494,0,1
405,Emma Clark,emma.clark.lead405@example.com,Walk-in,2026-02-04,Interested,0,Houston,Villa,1,4143,6,3
406,Joseph Jackson,joseph.jackson.lead406@example.com,Zillow,2025-02-12,Lost,0,San Antonio,Single Family Home,2,1969,0,1
407,Olivia Johnson,olivia.johnson.lead407@example.com,Website,2026-03-23,Converted,1,Arlington,Townhouse,2,3465,6,4
408,Sarah Davis,sarah.davis.lead408@example.com,Facebook,2025-02-08,Contacted,0,Plano,Single Family Home,4,1551,6,1
409,Sophia Smith,sophia.smith.lead409@example.com,Zillow,2026-02-14,Contacted,0,Austin,Townhouse,1,1907,3,0
410,William Davis,william.davis.lead410@example.com,Facebook,2025-03-03,Site Visit Scheduled,0,Plano,Condo,2,2027,2,0
411,Emma Miller,emma.miller.lead411@example.com,Website,2025-12-01,New,0,Plano,Apartment,3,1780,2,1
412,David Miller,david.miller.lead412@example.com,Facebook,2026-01-29,Lost,0,Dallas,Apartment,3,4005,8,0
413,Sarah Taylor,sarah.taylor.lead413@example.com,Instagram,2025-10-22,Contacted,0,Dallas,Villa,3,2319,7,3
414,William Moore,william.moore.lead414@example.com,Zillow,2025-12-04,Site Visit Scheduled,0,Austin,Villa,1,2009,5,0
415,Amelia Wilson,amelia.wilson.lead415@example.com,Facebook,2025-07-12,Converted,1,Arlington,Condo,3,1495,2,4
416,Mia Davis,mia.davis.lead416@example.com,Instagram,2026-01-09,Converted,1,Plano,Condo,1,1656,5,2
417,Sarah Taylor,sarah.taylor.lead417@example.com,Zillow,2026-03-10,New,0,Dallas,Townhouse,3,3002,8,3
418,Robert Davis,robert.davis.lead418@example.com,Walk-in,2025-10-29,Site Visit Scheduled,0,Plano,Single Family Home,1,961,5,5
419,John Miller,john.miller.lead419@example.com,Website,2025-10-25,Follow-up,0,San Antonio,Villa,3,2080,0,3
420,Emily White,emily.white.lead420@example.com,Zillow,2025-08-04,Contacted,0,Plano,Townhouse,1,4110,0,4
421,Chris Miller,chris.miller.lead421@example.com,Instagram,2025-11-04,Site Visit Scheduled,0,Arlington,Condo,4,2696,7,2
422,Mia Wilson,mia.wilson.lead422@example.com,Facebook,2025-05-01,Converted,1,Plano,Villa,4,2062,2,2
423,Sophia Lewis,sophia.lewis.lead423@example.com,Website,2026-05-21,New,0,Arlington,Townhouse,3,3421,5,4
424,Ava Thomas,ava.thomas.lead424@example.com,Realtor.com,2025-04-19,Converted,1,Irving,Condo,2,2791,3,5
425,James Martin,james.martin.lead425@example.com,Google Ads,2026-01-08,New,0,Arlington,Townhouse,1,1380,2,3
426,Emily Clark,emily.clark.lead426@example.com,Realtor.com,2025-01-22,Interested,0,San Antonio,Townhouse,1,3456,2,1
427,Charlotte Miller,charlotte.miller.lead427@example.com,Walk-in,2025-03-06,Contacted,0,Arlington,Townhouse,1,2527,3,2
428,Emma Lewis,emma.lewis.lead428@example.com,Zillow,2026-01-09,Contacted,0,Dallas,Single Family Home,2,1128,4,2
429,Mia Jackson,mia.jackson.lead429@example.com,Realtor.com,2025-05-06,Site Visit Scheduled,0,Plano,Single Family Home,2,2682,3,2
430,Charlotte Martin,charlotte.martin.lead430@example.com,Website,2025-12-31,New,0,Irving,Townhouse,1,2984,0,4
431,Emily Johnson,emily.johnson.lead431@example.com,Zillow,2025-04-01,New,0,San Antonio,Townhouse,4,1722,8,2
432,Olivia Brown,olivia.brown.lead432@example.com,Realtor.com,2026-02-05,Contacted,0,Arlington,Apartment,2,3288,1,5
433,Emily Johnson,emily.johnson.lead433@example.com,Website,2025-04-01,Interested,0,Plano,Townhouse,3,3546,8,1
434,David Brown,david.brown.lead434@example.com,Website,2025-06-27,Converted,1,Fort Worth,Villa,4,2413,4,0
435,Sarah Moore,sarah.moore.lead435@example.com,Google Ads,2026-03-20,Contacted,0,Houston,Condo,1,3798,2,0
436,Sophia Clark,sophia.clark.lead436@example.com,Google Ads,2025-03-06,Lost,0,Austin,Single Family Home,3,3582,4,3
437,Joseph Davis,joseph.davis.lead437@example.com,Google Ads,2026-02-18,Follow-up,0,Irving,Townhouse,2,4065,0,4
438,Sophia Thomas,sophia.thomas.lead438@example.com,Realtor.com,2026-02-19,Contacted,0,Fort Worth,Townhouse,4,1660,4,1
439,Emily Thomas,emily.thomas.lead439@example.com,Google Ads,2026-04-20,New,0,San Antonio,Villa,4,4374,6,3
440,Sophia Clark,sophia.clark.lead440@example.com,Instagram,2026-05-01,New,0,Plano,Townhouse,3,3022,2,2
441,Robert Clark,robert.clark.lead441@example.com,Realtor.com,2025-09-21,Lost,0,Fort Worth,Single Family Home,2,2153,5,1
442,David Jackson,david.jackson.lead442@example.com,Facebook,2025-11-15,Follow-up,0,Plano,Villa,3,4209,0,1
443,Robert Smith,robert.smith.lead443@example.com,Realtor.com,2026-02-02,Site Visit Scheduled,0,Irving,Condo,1,1998,1,5
444,Amelia Wilson,amelia.wilson.lead444@example.com,Google Ads,2025-05-30,Site Visit Scheduled,0,Austin,Villa,3,3261,6,4
445,Charlotte Miller,charlotte.miller.lead445@example.com,Google Ads,2025-08-01,Contacted,0,Austin,Condo,3,1114,0,3
446,David Moore,david.moore.lead446@example.com,Instagram,2025-12-01,Converted,1,Irving,Single Family Home,2,2914,0,2
447,James Jackson,james.jackson.lead447@example.com,Instagram,2025-11-30,Site Visit Scheduled,0,Irving,Condo,3,3711,7,4
448,Robert Smith,robert.smith.lead448@example.com,Realtor.com,2025-05-15,Contacted,0,Dallas,Condo,4,2344,4,5
449,Daniel Anderson,daniel.anderson.lead449@example.com,Instagram,2025-06-19,Converted,1,Houston,Apartment,3,2596,6,0
450,Daniel Martin,daniel.martin.lead450@example.com,Facebook,2025-09-17,Converted,1,Plano,Apartment,1,1690,4,1
451,David Martin,david.martin.lead451@example.com,Zillow,2025-04-13,Follow-up,0,Arlington,Villa,1,1924,3,2
452,David Brown,david.brown.lead452@example.com,Zillow,2025-01-23,Lost,0,Plano,Condo,3,3647,1,1
453,Sophia Jackson,sophia.jackson.lead453@example.com,Google Ads,2025-09-27,Follow-up,0,Plano,Villa,2,1103,8,3
454,Emily Martin,emily.martin.lead454@example.com,Walk-in,2025-02-18,Converted,1,Houston,Villa,2,1662,3,4
455,Emma Smith,emma.smith.lead455@example.com,Instagram,2025-03-21,Lost,0,Irving,Apartment,1,1066,5,1
456,Chris Brown,chris.brown.lead456@example.com,Realtor.com,2025-10-30,Follow-up,0,San Antonio,Townhouse,1,2331,5,1
457,Charlotte Smith,charlotte.smith.lead457@example.com,Referral,2026-03-16,Interested,0,Austin,Apartment,3,2339,3,2
458,Joseph Moore,joseph.moore.lead458@example.com,Instagram,2025-01-07,Lost,0,Dallas,Condo,3,2178,1,1
459,Sarah Martin,sarah.martin.lead459@example.com,Facebook,2025-06-06,Interested,0,Fort Worth,Apartment,4,944,8,4
460,William Thomas,william.thomas.lead460@example.com,Referral,2026-04-16,Lost,0,Plano,Townhouse,4,4191,3,1
461,Sarah Thomas,sarah.thomas.lead461@example.com,Walk-in,2026-03-31,Interested,0,Houston,Villa,1,1238,2,3
462,Emily Martin,emily.martin.lead462@example.com,Google Ads,2025-06-29,Converted,1,Plano,Villa,4,2530,1,3
463,Mia Jackson,mia.jackson.lead463@example.com,Instagram,2025-09-14,Site Visit Scheduled,0,Dallas,Townhouse,3,2614,5,1
464,Emily Clark,emily.clark.lead464@example.com,Instagram,2026-02-19,Interested,0,Austin,Apartment,2,1121,7,5
465,James Davis,james.davis.lead465@example.com,Realtor.com,2025-12-31,Converted,1,Dallas,Single Family Home,4,931,0,3
466,John Jackson,john.jackson.lead466@example.com,Referral,2025-07-02,Site Visit Scheduled,0,Arlington,Single Family Home,1,1211,6,3
467,Michael Wilson,michael.wilson.lead467@example.com,Google Ads,2025-07-12,Site Visit Scheduled,0,Houston,Villa,1,2394,5,2
468,Joseph Thomas,joseph.thomas.lead468@example.com,Zillow,2026-03-05,Converted,1,Plano,Condo,1,1235,7,4
469,Ava Moore,ava.moore.lead469@example.com,Website,2025-08-21,New,0,Austin,Villa,3,4425,2,3
470,Daniel Martin,daniel.martin.lead470@example.com,Referral,2025-12-05,Lost,0,Plano,Single Family Home,1,3472,2,5
471,Sarah Thomas,sarah.thomas.lead471@example.com,Zillow,2025-03-08,Site Visit Scheduled,0,Fort Worth,Townhouse,1,4406,5,0
472,Sarah Taylor,sarah.taylor.lead472@example.com,Google Ads,2026-01-09,Follow-up,0,Houston,Villa,4,2065,3,1
473,John Jackson,john.jackson.lead473@example.com,Google Ads,2025-11-06,Site Visit Scheduled,0,Arlington,Condo,1,3802,0,4
474,Amelia Thomas,amelia.thomas.lead474@example.com,Google Ads,2025-09-27,Site Visit Scheduled,0,Fort Worth,Condo,4,2561,0,5
475,Chris Davis,chris.davis.lead475@example.com,Instagram,2025-10-04,Site Visit Scheduled,0,Arlington,Apartment,1,943,2,2
476,Olivia Taylor,olivia.taylor.lead476@example.com,Referral,2026-04-27,Site Visit Scheduled,0,Houston,Condo,3,3470,6,4
477,Emma Clark,emma.clark.lead477@example.com,Zillow,2025-02-07,Follow-up,0,Irving,Single Family Home,1,3378,7,5
478,Sophia Taylor,sophia.taylor.lead478@example.com,Zillow,2025-02-28,Interested,0,Dallas,Townhouse,1,4027,6,4
479,Amelia Moore,amelia.moore.lead479@example.com,Google Ads,2026-05-15,Interested,0,Houston,Condo,3,3838,7,0
480,Joseph Anderson,joseph.anderson.lead480@example.com,Zillow,2025-10-31,Follow-up,0,San Antonio,Villa,3,1076,3,2
481,William Smith,william.smith.lead481@example.com,Zillow,2026-01-27,Lost,0,Arlington,Apartment,3,4391,6,1
482,John Lewis,john.lewis.lead482@example.com,Instagram,2025-07-06,New,0,Plano,Apartment,2,2642,6,0
483,Chris Harris,chris.harris.lead483@example.com,Referral,2025-01-21,Interested,0,Fort Worth,Apartment,2,1396,6,0
484,David Anderson,david.anderson.lead484@example.com,Website,2026-04-24,Follow-up,0,Dallas,Apartment,2,4236,2,3
485,Robert Wilson,robert.wilson.lead485@example.com,Instagram,2026-04-18,Lost,0,Dallas,Condo,4,2311,0,0
486,Daniel Clark,daniel.clark.lead486@example.com,Referral,2025-05-13,Follow-up,0,Austin,Apartment,3,3757,6,5
487,Robert Thomas,robert.thomas.lead487@example.com,Google Ads,2026-04-06,Lost,0,Irving,Townhouse,3,1015,6,5
488,Emma Wilson,emma.wilson.lead488@example.com,Google Ads,2025-05-04,Contacted,0,Austin,Townhouse,4,1051,3,5
489,William Thomas,william.thomas.lead489@example.com,Zillow,2026-05-23,New,0,Austin,Apartment,4,2340,7,5
490,Daniel Martin,daniel.martin.lead490@example.com,Facebook,2025-05-04,Contacted,0,Arlington,Apartment,4,1674,7,2
491,Joseph Clark,joseph.clark.lead491@example.com,Zillow,2025-09-02,Follow-up,0,San Antonio,Single Family Home,3,2944,8,2
492,Michael Taylor,michael.taylor.lead492@example.com,Referral,2026-04-26,Interested,0,Plano,Villa,3,2483,2,0
493,David Moore,david.moore.lead493@example.com,Realtor.com,2025-09-18,Contacted,0,Dallas,Single Family Home,1,3755,2,3
494,Charlotte Davis,charlotte.davis.lead494@example.com,Google Ads,2025-07-13,Follow-up,0,Fort Worth,Townhouse,2,3228,0,1
495,David Taylor,david.taylor.lead495@example.com,Realtor.com,2025-11-25,Contacted,0,Arlington,Single Family Home,2,3180,8,5
496,Charlotte White,charlotte.white.lead496@example.com,Facebook,2025-12-06,Contacted,0,Houston,Condo,2,1864,0,1
497,Daniel Lewis,daniel.lewis.lead497@example.com,Facebook,2025-04-27,Follow-up,0,San Antonio,Single Family Home,2,2866,6,4
498,Michael Thomas,michael.thomas.lead498@example.com,Facebook,2025-06-19,Follow-up,0,Plano,Villa,2,1400,1,3
499,William Martin,william.martin.lead499@example.com,Instagram,2025-10-11,Site Visit Scheduled,0,Plano,Townhouse,1,933,5,2
500,Charlotte Lewis,charlotte.lewis.lead500@example.com,Instagram,2025-03-22,Converted,1,Arlington,Townhouse,2,4098,1,1
501,Ava Moore,ava.moore.lead501@example.com,Google Ads,2025-12-25,Contacted,0,San Antonio,Single Family Home,1,3524,1,5
502,James Lewis,james.lewis.lead502@example.com,Instagram,2025-05-25,Converted,1,Plano,Villa,1,1029,4,4
503,Sarah Moore,sarah.moore.lead503@example.com,Instagram,2026-01-18,Interested,0,Irving,Townhouse,4,3322,2,4
504,Daniel Moore,daniel.moore.lead504@example.com,Instagram,2026-01-22,New,0,Houston,Apartment,3,3261,5,0
505,Robert Anderson,robert.anderson.lead505@example.com,Walk-in,2025-10-07,Lost,0,Houston,Apartment,1,4070,1,0
506,Ava Miller,ava.miller.lead506@example.com,Walk-in,2026-05-01,Site Visit Scheduled,0,Arlington,Single Family Home,2,4092,5,2
507,Chris Davis,chris.davis.lead507@example.com,Realtor.com,2025-03-14,Converted,1,Dallas,Single Family Home,1,1337,3,1
508,Sophia White,sophia.white.lead508@example.com,Referral,2025-11-11,Contacted,0,Arlington,Apartment,1,2214,5,5
509,Charlotte Johnson,charlotte.johnson.lead509@example.com,Website,2026-02-10,Follow-up,0,Houston,Apartment,4,2127,4,5
510,Olivia Harris,olivia.harris.lead510@example.com,Zillow,2025-12-09,Site Visit Scheduled,0,Austin,Townhouse,4,2136,2,0
511,Olivia Davis,olivia.davis.lead511@example.com,Facebook,2026-02-03,Interested,0,Houston,Villa,2,2299,4,0
512,Charlotte Brown,charlotte.brown.lead512@example.com,Walk-in,2025-08-23,Interested,0,Arlington,Condo,4,1908,0,4
513,James Anderson,james.anderson.lead513@example.com,Realtor.com,2025-02-21,New,0,Arlington,Apartment,2,3706,8,0
514,Sarah Clark,sarah.clark.lead514@example.com,Facebook,2025-12-12,Follow-up,0,Plano,Apartment,3,1343,1,5
515,Olivia Smith,olivia.smith.lead515@example.com,Instagram,2025-04-20,Contacted,0,Austin,Townhouse,4,1577,1,3
516,Joseph Johnson,joseph.johnson.lead516@example.com,Zillow,2025-03-29,Contacted,0,Plano,Townhouse,1,2686,3,1
517,Michael Martin,michael.martin.lead517@example.com,Facebook,2025-01-13,Interested,0,Irving,Single Family Home,3,2373,1,2
518,Emily Jackson,emily.jackson.lead518@example.com,Zillow,2025-04-12,Interested,0,Fort Worth,Condo,2,2699,0,5
519,James Wilson,james.wilson.lead519@example.com,Referral,2025-03-29,New,0,San Antonio,Apartment,3,3327,2,4
520,Daniel Davis,daniel.davis.lead520@example.com,Google Ads,2025-03-28,Contacted,0,San Antonio,Single Family Home,3,1351,6,4
521,Michael Davis,michael.davis.lead521@example.com,Facebook,2025-11-26,New,0,San Antonio,Apartment,1,4400,2,5
522,John Davis,john.davis.lead522@example.com,Website,2025-06-05,Converted,1,Arlington,Single Family Home,3,2136,4,3
523,Joseph Harris,joseph.harris.lead523@example.com,Facebook,2025-03-17,Interested,0,Irving,Condo,2,2390,1,1
524,Robert Clark,robert.clark.lead524@example.com,Walk-in,2026-03-03,Lost,0,Plano,Townhouse,1,3384,5,1
525,Chris Davis,chris.davis.lead525@example.com,Zillow,2025-03-05,New,0,Dallas,Villa,2,1289,1,2
526,Robert Wilson,robert.wilson.lead526@example.com,Website,2025-09-14,Contacted,0,Houston,Villa,2,2087,4,3
527,Olivia Harris,olivia.harris.lead527@example.com,Facebook,2025-09-06,New,0,Arlington,Apartment,2,4314,5,1
528,Daniel Wilson,daniel.wilson.lead528@example.com,Instagram,2025-02-10,Follow-up,0,Houston,Condo,4,3099,0,2
529,Chris Moore,chris.moore.lead529@example.com,Realtor.com,2026-03-13,Interested,0,Arlington,Condo,3,3520,0,4
530,Charlotte Lewis,charlotte.lewis.lead530@example.com,Facebook,2025-12-13,New,0,Austin,Townhouse,1,1207,0,1
531,Michael Johnson,michael.johnson.lead531@example.com,Facebook,2026-05-20,New,0,Plano,Townhouse,4,4399,2,2
532,Daniel Wilson,daniel.wilson.lead532@example.com,Realtor.com,2025-03-08,Contacted,0,Irving,Single Family Home,2,2318,2,3
533,Emily Taylor,emily.taylor.lead533@example.com,Facebook,2025-04-16,Contacted,0,Plano,Single Family Home,2,3764,6,5
534,Michael Wilson,michael.wilson.lead534@example.com,Instagram,2025-01-22,Interested,0,Arlington,Apartment,3,3149,2,5
535,Sophia White,sophia.white.lead535@example.com,Zillow,2025-03-22,Interested,0,Arlington,Single Family Home,2,4067,1,0
536,Emily Wilson,emily.wilson.lead536@example.com,Walk-in,2025-09-13,Contacted,0,Fort Worth,Condo,1,3565,5,0
537,Charlotte Smith,charlotte.smith.lead537@example.com,Walk-in,2025-11-01,Contacted,0,Arlington,Single Family Home,4,2863,3,2
538,William Harris,william.harris.lead538@example.com,Referral,2025-05-09,Lost,0,Irving,Villa,1,3785,5,4
539,Mia Brown,mia.brown.lead539@example.com,Walk-in,2026-01-03,Contacted,0,San Antonio,Villa,2,3162,5,4
540,James Jackson,james.jackson.lead540@example.com,Website,2025-07-13,Site Visit Scheduled,0,Fort Worth,Townhouse,1,1703,5,2
541,Emma Martin,emma.martin.lead541@example.com,Referral,2025-04-23,Interested,0,Houston,Apartment,4,3601,7,2
542,James Davis,james.davis.lead542@example.com,Google Ads,2026-03-16,Site Visit Scheduled,0,Houston,Condo,3,4424,0,2
543,John Anderson,john.anderson.lead543@example.com,Facebook,2025-05-26,Contacted,0,Fort Worth,Villa,3,2912,2,3
544,Charlotte Clark,charlotte.clark.lead544@example.com,Google Ads,2025-06-26,Contacted,0,Dallas,Single Family Home,1,3805,2,4
545,David Clark,david.clark.lead545@example.com,Zillow,2025-08-24,Converted,1,Fort Worth,Townhouse,4,4145,5,1
546,Emma Brown,emma.brown.lead546@example.com,Google Ads,2026-03-10,Site Visit Scheduled,0,Austin,Condo,2,2707,1,0
547,Ava Moore,ava.moore.lead547@example.com,Facebook,2026-02-17,Converted,1,Houston,Villa,1,1330,6,5
548,James Anderson,james.anderson.lead548@example.com,Website,2025-04-08,Contacted,0,Dallas,Villa,4,1009,4,4
549,Mia Brown,mia.brown.lead549@example.com,Facebook,2026-05-28,New,0,Dallas,Townhouse,1,1082,4,0
550,Amelia Brown,amelia.brown.lead550@example.com,Realtor.com,2025-09-26,New,0,Arlington,Apartment,4,1086,8,3
551,Amelia Clark,amelia.clark.lead551@example.com,Instagram,2025-10-16,Site Visit Scheduled,0,Houston,Apartment,2,1652,2,0
552,Daniel Moore,daniel.moore.lead552@example.com,Google Ads,2025-08-07,Follow-up,0,San Antonio,Townhouse,3,3620,2,0
553,Sarah Martin,sarah.martin.lead553@example.com,Walk-in,2025-01-22,Converted,1,Plano,Condo,1,1171,1,0
554,Ava Davis,ava.davis.lead554@example.com,Zillow,2026-01-11,Contacted,0,Houston,Condo,3,1399,2,0
555,Charlotte Miller,charlotte.miller.lead555@example.com,Realtor.com,2026-01-01,Contacted,0,Austin,Condo,2,3681,1,3
556,Robert Brown,robert.brown.lead556@example.com,Instagram,2026-04-10,Follow-up,0,Arlington,Condo,4,3829,7,2
557,David Moore,david.moore.lead557@example.com,Google Ads,2025-05-12,Interested,0,Arlington,Single Family Home,1,2803,8,4
558,Sophia Clark,sophia.clark.lead558@example.com,Google Ads,2026-05-03,Contacted,0,Austin,Apartment,3,1070,5,0
559,Daniel Jackson,daniel.jackson.lead559@example.com,Instagram,2025-03-28,Follow-up,0,Plano,Villa,3,3928,1,4
560,Amelia Smith,amelia.smith.lead560@example.com,Website,2025-11-16,Interested,0,Arlington,Villa,1,3270,5,3
561,James Jackson,james.jackson.lead561@example.com,Google Ads,2025-11-30,New,0,Houston,Condo,2,3229,0,2
562,Daniel Thomas,daniel.thomas.lead562@example.com,Instagram,2025-07-07,Contacted,0,Houston,Apartment,3,4042,4,0
563,Emily Taylor,emily.taylor.lead563@example.com,Website,2026-04-13,Follow-up,0,Plano,Villa,1,4371,7,5
564,David White,david.white.lead564@example.com,Facebook,2025-10-13,Follow-up,0,Houston,Apartment,3,2778,5,5
565,Mia Jackson,mia.jackson.lead565@example.com,Website,2025-10-17,Contacted,0,Houston,Condo,4,3659,7,3
566,Joseph Wilson,joseph.wilson.lead566@example.com,Website,2025-02-02,New,0,Austin,Condo,2,4172,0,2
567,John Thomas,john.thomas.lead567@example.com,Facebook,2025-05-08,Lost,0,Arlington,Townhouse,4,4012,1,5
568,William White,william.white.lead568@example.com,Referral,2025-10-14,Interested,0,Arlington,Apartment,3,3101,8,3
569,Emily Lewis,emily.lewis.lead569@example.com,Facebook,2025-10-07,Follow-up,0,Fort Worth,Condo,2,3037,4,2
570,Charlotte Johnson,charlotte.johnson.lead570@example.com,Referral,2026-04-27,Follow-up,0,San Antonio,Apartment,1,3205,1,4
571,William Clark,william.clark.lead571@example.com,Instagram,2025-12-01,Contacted,0,Dallas,Apartment,3,1845,4,1
572,John Clark,john.clark.lead572@example.com,Realtor.com,2026-01-21,Contacted,0,Houston,Single Family Home,4,1451,4,4
573,Sarah Moore,sarah.moore.lead573@example.com,Referral,2025-08-22,Site Visit Scheduled,0,Dallas,Condo,4,1968,8,4
574,Chris Anderson,chris.anderson.lead574@example.com,Instagram,2025-10-18,Interested,0,Irving,Apartment,3,4346,8,0
575,Emma Moore,emma.moore.lead575@example.com,Google Ads,2025-10-23,Follow-up,0,Dallas,Villa,2,1281,1,2
576,Mia Harris,mia.harris.lead576@example.com,Facebook,2025-05-08,Follow-up,0,Plano,Condo,3,1296,1,3
577,Sarah Smith,sarah.smith.lead577@example.com,Walk-in,2026-04-17,Contacted,0,Houston,Villa,2,2010,5,3
578,Charlotte Thomas,charlotte.thomas.lead578@example.com,Google Ads,2025-12-05,Site Visit Scheduled,0,Dallas,Condo,2,4228,5,0
579,Chris Moore,chris.moore.lead579@example.com,Referral,2025-09-22,Site Visit Scheduled,0,Fort Worth,Apartment,1,1199,0,5
580,Chris Smith,chris.smith.lead580@example.com,Realtor.com,2025-09-11,Follow-up,0,Irving,Single Family Home,2,947,0,0
581,Mia Miller,mia.miller.lead581@example.com,Walk-in,2025-11-13,Lost,0,Austin,Villa,4,1208,7,5
582,Sophia White,sophia.white.lead582@example.com,Zillow,2025-05-20,Contacted,0,Houston,Condo,1,3195,1,3
583,Emma Jackson,emma.jackson.lead583@example.com,Referral,2026-02-28,Interested,0,San Antonio,Single Family Home,3,2006,5,2
584,Michael Clark,michael.clark.lead584@example.com,Facebook,2026-02-16,Lost,0,Plano,Single Family Home,3,3092,0,4
585,Emma Anderson,emma.anderson.lead585@example.com,Facebook,2025-07-16,Contacted,0,San Antonio,Villa,3,1028,8,2
586,Sophia White,sophia.white.lead586@example.com,Facebook,2025-12-08,Contacted,0,Dallas,Single Family Home,1,3741,5,0
587,Charlotte Jackson,charlotte.jackson.lead587@example.com,Instagram,2025-04-01,Follow-up,0,Dallas,Villa,3,4475,4,2
588,Chris White,chris.white.lead588@example.com,Instagram,2026-04-30,Interested,0,Austin,Condo,4,2048,4,2
589,Daniel Harris,daniel.harris.lead589@example.com,Walk-in,2025-02-04,Interested,0,San Antonio,Condo,3,4153,0,0
590,Emily Smith,emily.smith.lead590@example.com,Realtor.com,2025-05-19,Follow-up,0,Irving,Townhouse,4,3227,2,5
591,William White,william.white.lead591@example.com,Google Ads,2026-04-19,Contacted,0,Plano,Single Family Home,3,4186,4,5
592,Robert Smith,robert.smith.lead592@example.com,Website,2025-09-18,New,0,Fort Worth,Condo,2,1472,5,2
593,Mia Moore,mia.moore.lead593@example.com,Website,2026-03-21,New,0,Irving,Single Family Home,2,1078,2,5
594,Daniel Clark,daniel.clark.lead594@example.com,Facebook,2026-02-11,Interested,0,Dallas,Townhouse,1,2703,7,2
595,Michael Davis,michael.davis.lead595@example.com,Zillow,2025-05-15,New,0,Irving,Apartment,2,4069,4,1
596,Joseph Anderson,joseph.anderson.lead596@example.com,Facebook,2026-01-02,Follow-up,0,San Antonio,Villa,4,1533,1,3
597,Daniel Martin,daniel.martin.lead597@example.com,Zillow,2025-11-10,Lost,0,San Antonio,Single Family Home,3,2276,7,5
598,Joseph Davis,joseph.davis.lead598@example.com,Instagram,2025-04-22,Interested,0,Austin,Townhouse,2,2737,7,5
599,Emma Taylor,emma.taylor.lead599@example.com,Website,2025-10-14,New,0,Austin,Villa,2,4381,3,3
600,Chris Lewis,chris.lewis.lead600@example.com,Website,2025-10-05,Follow-up,0,Irving,Townhouse,1,1319,4,5
601,Robert Jackson,robert.jackson.lead601@example.com,Google Ads,2026-01-22,New,0,Plano,Single Family Home,1,1306,1,0
602,Mia Smith,mia.smith.lead602@example.com,Facebook,2025-05-15,Converted,1,Austin,Apartment,4,3797,4,5
603,James White,james.white.lead603@example.com,Instagram,2025-05-19,Lost,0,Austin,Condo,4,4148,7,2
604,Olivia Moore,olivia.moore.lead604@example.com,Google Ads,2025-08-11,Interested,0,Houston,Condo,2,2203,2,5
605,William Moore,william.moore.lead605@example.com,Referral,2025-07-11,Site Visit Scheduled,0,Irving,Townhouse,1,4052,0,0
606,Chris Harris,chris.harris.lead606@example.com,Referral,2025-06-19,Follow-up,0,Dallas,Townhouse,2,2905,4,5
607,Joseph Harris,joseph.harris.lead607@example.com,Google Ads,2025-12-18,Lost,0,Irving,Condo,1,4136,5,2
608,Charlotte Taylor,charlotte.taylor.lead608@example.com,Google Ads,2025-01-05,Contacted,0,Fort Worth,Apartment,4,1007,3,0
609,Mia Johnson,mia.johnson.lead609@example.com,Instagram,2025-08-27,Contacted,0,Arlington,Condo,2,3450,1,1
610,Charlotte Moore,charlotte.moore.lead610@example.com,Website,2025-12-15,Site Visit Scheduled,0,San Antonio,Villa,4,1250,5,4
611,John Miller,john.miller.lead611@example.com,Website,2025-01-01,Interested,0,Irving,Condo,2,3128,2,0
612,Amelia Lewis,amelia.lewis.lead612@example.com,Walk-in,2025-05-05,New,0,Fort Worth,Townhouse,2,4469,3,4
613,James Martin,james.martin.lead613@example.com,Zillow,2025-03-19,Contacted,0,Dallas,Single Family Home,4,1438,5,0
614,William White,william.white.lead614@example.com,Facebook,2025-07-22,Interested,0,Arlington,Villa,1,4134,8,4
615,Amelia Johnson,amelia.johnson.lead615@example.com,Referral,2025-10-17,New,0,Irving,Condo,3,4437,0,1
616,Daniel Davis,daniel.davis.lead616@example.com,Instagram,2026-03-10,New,0,Houston,Townhouse,4,998,5,2
617,Amelia Jackson,amelia.jackson.lead617@example.com,Walk-in,2025-04-10,Contacted,0,Dallas,Townhouse,1,3307,4,4
618,William Wilson,william.wilson.lead618@example.com,Realtor.com,2025-10-26,Follow-up,0,Houston,Villa,4,2500,2,4
619,Emily Jackson,emily.jackson.lead619@example.com,Facebook,2025-10-22,Converted,1,Fort Worth,Apartment,3,3112,3,5
620,Amelia Anderson,amelia.anderson.lead620@example.com,Realtor.com,2025-09-23,Interested,0,Plano,Villa,1,1088,7,3
621,Daniel Moore,daniel.moore.lead621@example.com,Referral,2025-10-21,Converted,1,San Antonio,Condo,4,3377,7,2
622,Sarah Clark,sarah.clark.lead622@example.com,Zillow,2026-01-04,Follow-up,0,Irving,Condo,3,3208,1,0
623,Sarah Harris,sarah.harris.lead623@example.com,Walk-in,2026-03-16,Interested,0,Irving,Apartment,4,2774,3,5
624,William Jackson,william.jackson.lead624@example.com,Facebook,2025-03-16,Follow-up,0,Houston,Townhouse,2,2761,1,3
625,Daniel White,daniel.white.lead625@example.com,Website,2026-03-26,Lost,0,Austin,Townhouse,4,1959,0,2
626,Sarah Lewis,sarah.lewis.lead626@example.com,Zillow,2026-04-03,Contacted,0,Houston,Condo,2,2493,6,5
627,Chris Johnson,chris.johnson.lead627@example.com,Instagram,2025-06-12,Lost,0,Houston,Villa,3,3637,7,0
628,Chris White,chris.white.lead628@example.com,Facebook,2025-03-16,Lost,0,Irving,Villa,1,2881,0,4
629,James Clark,james.clark.lead629@example.com,Google Ads,2026-01-12,Interested,0,Plano,Villa,3,4126,2,2
630,Robert Harris,robert.harris.lead630@example.com,Zillow,2025-01-01,Interested,0,Dallas,Condo,2,928,6,5
631,Sarah Moore,sarah.moore.lead631@example.com,Referral,2025-10-03,Converted,1,Dallas,Villa,4,1728,5,5
632,Michael Miller,michael.miller.lead632@example.com,Instagram,2025-10-01,Interested,0,Plano,Condo,1,2676,7,0
633,Emily Johnson,emily.johnson.lead633@example.com,Referral,2026-01-22,Contacted,0,Dallas,Townhouse,2,2942,3,3
634,Sarah Johnson,sarah.johnson.lead634@example.com,Walk-in,2026-05-15,Interested,0,San Antonio,Townhouse,2,3903,6,4
635,William Brown,william.brown.lead635@example.com,Realtor.com,2026-04-15,Follow-up,0,Irving,Villa,1,1876,5,3
636,Charlotte Thomas,charlotte.thomas.lead636@example.com,Realtor.com,2026-01-19,Contacted,0,Dallas,Condo,1,3927,8,1
637,Ava Lewis,ava.lewis.lead637@example.com,Zillow,2026-05-16,Contacted,0,San Antonio,Villa,1,1174,4,0
638,Joseph Lewis,joseph.lewis.lead638@example.com,Facebook,2025-09-22,Contacted,0,Austin,Apartment,2,2613,2,1
639,Sophia Wilson,sophia.wilson.lead639@example.com,Website,2025-01-25,Interested,0,Fort Worth,Condo,1,2186,3,1
640,John Thomas,john.thomas.lead640@example.com,Realtor.com,2025-12-26,Contacted,0,San Antonio,Condo,4,2994,1,2
641,Daniel Davis,daniel.davis.lead641@example.com,Website,2026-02-04,Interested,0,Arlington,Townhouse,3,3562,6,4
642,Sophia Brown,sophia.brown.lead642@example.com,Zillow,2025-11-14,Interested,0,Fort Worth,Condo,4,2546,7,5
643,William Harris,william.harris.lead643@example.com,Realtor.com,2026-03-20,Follow-up,0,Plano,Condo,3,4244,7,3
644,Sarah White,sarah.white.lead644@example.com,Facebook,2025-12-17,Follow-up,0,Austin,Single Family Home,4,934,4,2
645,James Wilson,james.wilson.lead645@example.com,Instagram,2025-10-22,Contacted,0,Fort Worth,Single Family Home,2,2911,8,4
646,Charlotte Miller,charlotte.miller.lead646@example.com,Facebook,2025-10-10,Contacted,0,Arlington,Villa,1,2376,6,0
647,Amelia White,amelia.white.lead647@example.com,Instagram,2025-06-24,Converted,1,Dallas,Villa,4,2596,4,0
648,Sarah Harris,sarah.harris.lead648@example.com,Google Ads,2026-03-19,Contacted,0,Arlington,Single Family Home,1,1472,3,1
649,David Anderson,david.anderson.lead649@example.com,Google Ads,2025-07-14,Contacted,0,Houston,Villa,1,1127,1,0
650,Emma Anderson,emma.anderson.lead650@example.com,Zillow,2026-05-29,Contacted,0,Dallas,Townhouse,4,2540,5,2
651,Chris Thomas,chris.thomas.lead651@example.com,Zillow,2025-04-17,Interested,0,Plano,Apartment,3,1528,3,3
652,William Anderson,william.anderson.lead652@example.com,Zillow,2025-08-05,Interested,0,Plano,Apartment,4,2762,8,1
653,Joseph Clark,joseph.clark.lead653@example.com,Realtor.com,2025-12-24,Contacted,0,Fort Worth,Condo,4,3589,3,5
654,Michael White,michael.white.lead654@example.com,Facebook,2026-04-21,Contacted,0,Irving,Townhouse,4,3620,0,5
655,Emma Davis,emma.davis.lead655@example.com,Walk-in,2026-03-11,Contacted,0,Irving,Condo,4,1428,2,4
656,Michael Harris,michael.harris.lead656@example.com,Referral,2026-01-06,Follow-up,0,San Antonio,Condo,4,1462,3,3
657,Charlotte Johnson,charlotte.johnson.lead657@example.com,Instagram,2025-05-15,Converted,1,Fort Worth,Apartment,1,4228,5,5
658,Chris Smith,chris.smith.lead658@example.com,Facebook,2026-04-11,Lost,0,Houston,Apartment,2,3111,1,2
659,David Johnson,david.johnson.lead659@example.com,Facebook,2026-01-27,Interested,0,San Antonio,Townhouse,3,2341,6,5
660,Olivia Miller,olivia.miller.lead660@example.com,Realtor.com,2026-03-12,Follow-up,0,Dallas,Villa,2,1284,3,5
661,Mia Johnson,mia.johnson.lead661@example.com,Realtor.com,2025-05-15,Contacted,0,Austin,Villa,3,2079,3,5
662,Amelia Brown,amelia.brown.lead662@example.com,Zillow,2026-05-22,Contacted,0,San Antonio,Townhouse,3,959,1,5
663,Daniel Wilson,daniel.wilson.lead663@example.com,Google Ads,2025-11-01,Converted,1,Dallas,Townhouse,1,1478,7,2
664,Mia Smith,mia.smith.lead664@example.com,Website,2025-07-08,Converted,1,Houston,Single Family Home,4,3920,0,1
665,Daniel Anderson,daniel.anderson.lead665@example.com,Referral,2025-07-27,Lost,0,Dallas,Apartment,1,2138,7,3
666,Emma Wilson,emma.wilson.lead666@example.com,Facebook,2025-09-05,Contacted,0,Houston,Condo,4,3675,3,3
667,Emily White,emily.white.lead667@example.com,Instagram,2025-03-08,Follow-up,0,Plano,Villa,4,1953,5,3
668,Sophia Jackson,sophia.jackson.lead668@example.com,Walk-in,2025-04-20,Follow-up,0,Plano,Condo,1,2169,2,3
669,Emily Martin,emily.martin.lead669@example.com,Google Ads,2025-09-10,Converted,1,Fort Worth,Single Family Home,2,2290,4,1
670,William Johnson,william.johnson.lead670@example.com,Google Ads,2025-04-11,Contacted,0,Austin,Townhouse,2,1182,3,4
671,Sarah Martin,sarah.martin.lead671@example.com,Facebook,2025-12-05,Interested,0,Austin,Townhouse,4,2835,7,1
672,Michael Brown,michael.brown.lead672@example.com,Google Ads,2025-02-14,Converted,1,Austin,Condo,1,3369,1,1
673,William White,william.white.lead673@example.com,Zillow,2026-01-07,Interested,0,Houston,Condo,1,3223,4,1
674,David Brown,david.brown.lead674@example.com,Website,2025-07-01,Contacted,0,Irving,Condo,3,3658,1,0
675,John Anderson,john.anderson.lead675@example.com,Realtor.com,2025-08-09,Follow-up,0,San Antonio,Townhouse,3,1676,4,1
676,Olivia Martin,olivia.martin.lead676@example.com,Website,2025-01-08,New,0,Fort Worth,Condo,2,1935,2,3
677,Robert Taylor,robert.taylor.lead677@example.com,Instagram,2025-02-18,Follow-up,0,Plano,Single Family Home,3,1543,7,0
678,Sarah Moore,sarah.moore.lead678@example.com,Website,2025-08-12,Site Visit Scheduled,0,Houston,Apartment,1,3113,0,0
679,Emily Moore,emily.moore.lead679@example.com,Instagram,2026-03-11,Follow-up,0,Austin,Condo,3,2301,4,3
680,Mia Martin,mia.martin.lead680@example.com,Instagram,2025-11-13,New,0,Fort Worth,Apartment,2,2863,4,2
681,Emily Moore,emily.moore.lead681@example.com,Zillow,2026-01-23,Interested,0,Houston,Condo,3,1652,1,2
682,Ava Martin,ava.martin.lead682@example.com,Instagram,2025-11-17,New,0,Houston,Villa,3,2263,1,4
683,Mia Davis,mia.davis.lead683@example.com,Zillow,2026-01-31,Interested,0,Arlington,Single Family Home,3,2521,6,2
684,Emily Smith,emily.smith.lead684@example.com,Google Ads,2025-08-23,Lost,0,Dallas,Condo,3,4117,2,1
685,Robert Anderson,robert.anderson.lead685@example.com,Facebook,2025-01-09,New,0,San Antonio,Villa,2,3510,5,0
686,Daniel Jackson,daniel.jackson.lead686@example.com,Google Ads,2026-01-13,Converted,1,Plano,Condo,2,2865,3,3
687,Robert Martin,robert.martin.lead687@example.com,Realtor.com,2025-05-28,New,0,Dallas,Townhouse,2,2018,0,1
688,Charlotte Johnson,charlotte.johnson.lead688@example.com,Facebook,2025-06-08,Site Visit Scheduled,0,Fort Worth,Single Family Home,2,1803,1,0
689,Michael White,michael.white.lead689@example.com,Facebook,2025-07-14,Converted,1,Austin,Villa,3,2175,0,0
690,Ava Harris,ava.harris.lead690@example.com,Realtor.com,2026-04-17,Contacted,0,Austin,Single Family Home,3,3181,3,4
691,Sarah Clark,sarah.clark.lead691@example.com,Instagram,2025-10-29,Lost,0,Houston,Condo,4,3600,0,0
692,William Miller,william.miller.lead692@example.com,Realtor.com,2026-02-06,Follow-up,0,San Antonio,Single Family Home,3,2142,8,1
693,Emily Smith,emily.smith.lead693@example.com,Zillow,2025-06-12,Follow-up,0,San Antonio,Apartment,3,1761,5,4
694,Olivia Jackson,olivia.jackson.lead694@example.com,Realtor.com,2025-07-08,Interested,0,Irving,Condo,2,1576,3,1
695,James Clark,james.clark.lead695@example.com,Realtor.com,2025-11-08,Contacted,0,Austin,Single Family Home,2,2898,7,0
696,Daniel Clark,daniel.clark.lead696@example.com,Walk-in,2025-09-04,Site Visit Scheduled,0,Austin,Townhouse,4,1688,6,3
697,Emma Johnson,emma.johnson.lead697@example.com,Realtor.com,2025-11-02,Lost,0,Plano,Apartment,1,1310,6,4
698,Robert Wilson,robert.wilson.lead698@example.com,Facebook,2026-04-28,Interested,0,Irving,Townhouse,3,4003,4,0
699,Sophia White,sophia.white.lead699@example.com,Realtor.com,2025-11-28,Lost,0,Fort Worth,Apartment,2,3030,4,2
700,Sarah Taylor,sarah.taylor.lead700@example.com,Website,2025-09-11,New,0,Houston,Apartment,4,4458,3,2
701,Charlotte Martin,charlotte.martin.lead701@example.com,Instagram,2025-07-28,New,0,Fort Worth,Condo,2,4195,8,0
702,David Wilson,david.wilson.lead702@example.com,Google Ads,2026-01-30,New,0,Austin,Apartment,3,4175,2,0
703,John Miller,john.miller.lead703@example.com,Google Ads,2025-06-05,New,0,Houston,Apartment,2,3275,3,3
704,Michael Brown,michael.brown.lead704@example.com,Referral,2025-07-01,New,0,San Antonio,Villa,4,4045,0,1
705,Sophia Davis,sophia.davis.lead705@example.com,Facebook,2025-04-26,Contacted,0,Irving,Single Family Home,3,2882,0,1
706,Emma Clark,emma.clark.lead706@example.com,Website,2025-01-15,Contacted,0,Arlington,Apartment,1,3503,1,3
707,Robert Jackson,robert.jackson.lead707@example.com,Walk-in,2025-10-29,Site Visit Scheduled,0,Houston,Single Family Home,2,4262,4,1
708,Joseph Lewis,joseph.lewis.lead708@example.com,Walk-in,2025-11-17,Converted,1,Fort Worth,Condo,3,2426,6,4
709,Emma Davis,emma.davis.lead709@example.com,Website,2026-04-09,New,0,Arlington,Villa,4,3465,2,4
710,Olivia Johnson,olivia.johnson.lead710@example.com,Website,2025-09-01,New,0,San Antonio,Single Family Home,2,1118,4,5
711,Emma Wilson,emma.wilson.lead711@example.com,Website,2025-01-13,New,0,Houston,Townhouse,2,1587,2,2
712,David Taylor,david.taylor.lead712@example.com,Facebook,2025-12-25,Interested,0,Austin,Condo,4,3698,2,2
713,Chris Johnson,chris.johnson.lead713@example.com,Realtor.com,2025-04-12,Contacted,0,Austin,Condo,3,1261,4,1
714,Joseph Moore,joseph.moore.lead714@example.com,Referral,2025-01-28,Follow-up,0,Austin,Apartment,4,2482,7,4
715,Emma Davis,emma.davis.lead715@example.com,Facebook,2026-02-26,Site Visit Scheduled,0,Irving,Single Family Home,1,2818,2,2
716,Emma Jackson,emma.jackson.lead716@example.com,Facebook,2025-09-20,Follow-up,0,Houston,Condo,4,2977,3,0
717,Olivia Wilson,olivia.wilson.lead717@example.com,Instagram,2025-03-27,Interested,0,Dallas,Townhouse,2,3418,0,2
718,John White,john.white.lead718@example.com,Referral,2025-10-15,Interested,0,Houston,Apartment,3,1217,0,3
719,James Jackson,james.jackson.lead719@example.com,Facebook,2025-11-24,Contacted,0,Dallas,Single Family Home,3,3061,6,3
720,William Johnson,william.johnson.lead720@example.com,Realtor.com,2025-09-14,Follow-up,0,Houston,Condo,4,4101,0,5
721,John Taylor,john.taylor.lead721@example.com,Walk-in,2025-10-07,Follow-up,0,Dallas,Apartment,3,3564,8,1
722,James Jackson,james.jackson.lead722@example.com,Instagram,2025-06-17,Follow-up,0,Dallas,Villa,4,1244,7,1
723,Chris Wilson,chris.wilson.lead723@example.com,Facebook,2025-08-30,Converted,1,Dallas,Apartment,3,1382,1,0
724,Olivia Brown,olivia.brown.lead724@example.com,Realtor.com,2025-07-20,New,0,Houston,Single Family Home,1,1947,1,4
725,Sarah White,sarah.white.lead725@example.com,Zillow,2026-02-15,Contacted,0,Dallas,Apartment,1,1632,7,5
726,Daniel Lewis,daniel.lewis.lead726@example.com,Realtor.com,2025-02-20,New,0,Fort Worth,Townhouse,3,3845,7,4
727,Emily Harris,emily.harris.lead727@example.com,Walk-in,2025-06-17,Interested,0,Houston,Apartment,4,3483,0,2
728,Ava Brown,ava.brown.lead728@example.com,Website,2025-05-04,Lost,0,Houston,Apartment,1,3121,4,2
729,Emily Lewis,emily.lewis.lead729@example.com,Zillow,2025-03-14,Follow-up,0,Irving,Villa,3,2803,6,5
730,John Davis,john.davis.lead730@example.com,Instagram,2025-04-07,Interested,0,Arlington,Condo,3,1059,5,0
731,Charlotte Clark,charlotte.clark.lead731@example.com,Website,2025-07-30,Converted,1,Dallas,Townhouse,3,1428,3,2
732,William Wilson,william.wilson.lead732@example.com,Google Ads,2025-11-27,Interested,0,Arlington,Villa,1,2785,5,5
733,Olivia Anderson,olivia.anderson.lead733@example.com,Instagram,2026-05-30,Contacted,0,Arlington,Villa,4,4110,2,4
734,Michael Moore,michael.moore.lead734@example.com,Facebook,2025-01-17,Follow-up,0,Plano,Townhouse,1,3769,3,4
735,Joseph Harris,joseph.harris.lead735@example.com,Realtor.com,2025-11-12,Interested,0,Irving,Townhouse,3,1700,4,1
736,William Taylor,william.taylor.lead736@example.com,Zillow,2026-02-07,Interested,0,Houston,Villa,2,2207,1,4
737,Amelia Martin,amelia.martin.lead737@example.com,Instagram,2025-06-09,New,0,Arlington,Villa,3,2559,3,1
738,Ava Smith,ava.smith.lead738@example.com,Realtor.com,2025-04-17,New,0,Irving,Condo,2,3483,3,2
739,Sarah Davis,sarah.davis.lead739@example.com,Zillow,2025-04-05,Converted,1,San Antonio,Condo,2,3730,4,5
740,James Wilson,james.wilson.lead740@example.com,Facebook,2026-03-06,Follow-up,0,Irving,Villa,2,1767,5,3
741,Sarah Thomas,sarah.thomas.lead741@example.com,Walk-in,2025-05-01,Contacted,0,San Antonio,Villa,3,1990,4,1
742,David Brown,david.brown.lead742@example.com,Walk-in,2025-09-29,Contacted,0,Fort Worth,Single Family Home,3,2813,7,5
743,Ava Wilson,ava.wilson.lead743@example.com,Facebook,2025-11-03,Follow-up,0,Fort Worth,Townhouse,4,3487,3,4
744,Emma White,emma.white.lead744@example.com,Realtor.com,2025-05-06,Interested,0,Fort Worth,Townhouse,4,1561,2,2
745,Robert Thomas,robert.thomas.lead745@example.com,Instagram,2026-05-29,Interested,0,Austin,Villa,3,3302,7,5
746,Michael Jackson,michael.jackson.lead746@example.com,Zillow,2026-05-23,Converted,1,Houston,Single Family Home,1,3569,5,1
747,John Johnson,john.johnson.lead747@example.com,Zillow,2025-09-25,Site Visit Scheduled,0,Arlington,Apartment,2,2194,4,3
748,Olivia Taylor,olivia.taylor.lead748@example.com,Walk-in,2025-06-25,Lost,0,Dallas,Townhouse,2,2291,1,0
749,Joseph Brown,joseph.brown.lead749@example.com,Google Ads,2025-11-04,Follow-up,0,Austin,Condo,4,1928,2,2
750,Michael Johnson,michael.johnson.lead750@example.com,Realtor.com,2025-01-14,Interested,0,Fort Worth,Condo,4,2000,1,5
751,John Harris,john.harris.lead751@example.com,Referral,2025-11-13,Site Visit Scheduled,0,Irving,Villa,1,1892,8,3
752,Sarah Harris,sarah.harris.lead752@example.com,Instagram,2025-09-30,Follow-up,0,Plano,Apartment,3,936,0,0
753,Emma Wilson,emma.wilson.lead753@example.com,Referral,2025-07-15,New,0,Plano,Condo,1,909,0,2
754,Sarah Wilson,sarah.wilson.lead754@example.com,Google Ads,2026-03-02,Follow-up,0,Arlington,Villa,1,1576,2,0
755,Amelia Harris,amelia.harris.lead755@example.com,Facebook,2025-10-30,Site Visit Scheduled,0,Fort Worth,Townhouse,1,1982,7,4
756,Robert Harris,robert.harris.lead756@example.com,Website,2025-06-17,Converted,1,Arlington,Apartment,1,2969,4,0
757,Daniel Anderson,daniel.anderson.lead757@example.com,Google Ads,2026-05-03,Follow-up,0,Austin,Condo,2,1954,3,5
758,Amelia Martin,amelia.martin.lead758@example.com,Facebook,2026-01-13,Lost,0,Fort Worth,Single Family Home,3,3842,4,3
759,James Lewis,james.lewis.lead759@example.com,Facebook,2026-05-17,Converted,1,Irving,Single Family Home,2,1773,0,2
760,James Lewis,james.lewis.lead760@example.com,Realtor.com,2025-08-02,Follow-up,0,Arlington,Condo,4,3254,0,3
761,Ava Davis,ava.davis.lead761@example.com,Referral,2025-10-07,Interested,0,Dallas,Townhouse,1,2411,4,1
762,Sarah Taylor,sarah.taylor.lead762@example.com,Facebook,2025-01-27,Follow-up,0,Plano,Single Family Home,3,4211,8,5
763,Emily Harris,emily.harris.lead763@example.com,Google Ads,2026-03-06,New,0,Irving,Townhouse,3,3835,7,3
764,John Lewis,john.lewis.lead764@example.com,Referral,2025-06-25,New,0,Plano,Apartment,1,4362,8,2
765,Chris Harris,chris.harris.lead765@example.com,Walk-in,2025-11-15,New,0,Austin,Apartment,1,3616,2,2
766,Mia Thomas,mia.thomas.lead766@example.com,Zillow,2025-08-28,Contacted,0,Dallas,Condo,3,2955,3,2
767,Olivia Anderson,olivia.anderson.lead767@example.com,Website,2025-12-05,Site Visit Scheduled,0,Houston,Condo,4,2827,5,2
768,William Taylor,william.taylor.lead768@example.com,Facebook,2025-12-28,Converted,1,Arlington,Townhouse,1,4485,2,1
769,James Thomas,james.thomas.lead769@example.com,Referral,2025-02-22,Site Visit Scheduled,0,Irving,Condo,3,2775,2,1
770,Charlotte Wilson,charlotte.wilson.lead770@example.com,Zillow,2026-03-15,Interested,0,San Antonio,Villa,2,3204,6,3
771,Daniel Johnson,daniel.johnson.lead771@example.com,Walk-in,2025-12-14,Site Visit Scheduled,0,Austin,Apartment,4,1146,0,0
772,Amelia Anderson,amelia.anderson.lead772@example.com,Facebook,2025-03-26,Interested,0,Fort Worth,Townhouse,2,2302,6,4
773,James Lewis,james.lewis.lead773@example.com,Referral,2025-12-15,Site Visit Scheduled,0,Plano,Villa,4,1806,6,5
774,Sophia Jackson,sophia.jackson.lead774@example.com,Walk-in,2025-03-14,Contacted,0,Austin,Villa,4,3419,2,0
775,Daniel Johnson,daniel.johnson.lead775@example.com,Google Ads,2025-09-09,New,0,Plano,Townhouse,4,1476,1,0
776,Joseph Lewis,joseph.lewis.lead776@example.com,Realtor.com,2025-07-03,Follow-up,0,Arlington,Townhouse,2,1673,3,5
777,Joseph Johnson,joseph.johnson.lead777@example.com,Instagram,2025-03-09,Interested,0,San Antonio,Apartment,4,1319,0,1
778,Michael Taylor,michael.taylor.lead778@example.com,Walk-in,2025-10-26,Site Visit Scheduled,0,Dallas,Apartment,3,2966,3,3
779,Emily Johnson,emily.johnson.lead779@example.com,Referral,2025-07-23,New,0,Austin,Villa,4,3672,8,4
780,Sarah Wilson,sarah.wilson.lead780@example.com,Instagram,2026-03-02,Interested,0,Fort Worth,Condo,4,1028,7,3
781,William Taylor,william.taylor.lead781@example.com,Realtor.com,2026-04-13,Site Visit Scheduled,0,Irving,Townhouse,3,2301,5,2
782,James Johnson,james.johnson.lead782@example.com,Zillow,2025-04-24,Converted,1,Houston,Townhouse,2,1924,5,5
783,Emma Davis,emma.davis.lead783@example.com,Zillow,2025-07-29,Follow-up,0,Dallas,Townhouse,2,1472,3,0
784,Amelia Miller,amelia.miller.lead784@example.com,Google Ads,2025-03-26,Contacted,0,Houston,Townhouse,1,3730,4,5
785,Joseph Jackson,joseph.jackson.lead785@example.com,Website,2026-04-21,Site Visit Scheduled,0,Plano,Villa,4,3958,4,0
786,Emily Miller,emily.miller.lead786@example.com,Referral,2025-10-16,Follow-up,0,Irving,Townhouse,1,958,4,2
787,Joseph Lewis,joseph.lewis.lead787@example.com,Walk-in,2026-03-07,New,0,Irving,Single Family Home,2,1543,4,5
788,Chris Clark,chris.clark.lead788@example.com,Website,2025-10-16,New,0,Arlington,Condo,3,1920,7,1
789,Mia Wilson,mia.wilson.lead789@example.com,Google Ads,2026-01-05,Contacted,0,Dallas,Condo,4,1545,1,1
790,Mia Wilson,mia.wilson.lead790@example.com,Walk-in,2025-03-28,Lost,0,San Antonio,Single Family Home,3,3073,1,3
791,James Brown,james.brown.lead791@example.com,Walk-in,2026-02-08,Site Visit Scheduled,0,San Antonio,Townhouse,4,2184,4,2
792,Chris Taylor,chris.taylor.lead792@example.com,Facebook,2026-01-15,Contacted,0,Dallas,Townhouse,2,1023,8,3
793,Charlotte White,charlotte.white.lead793@example.com,Referral,2025-01-10,Follow-up,0,Plano,Single Family Home,4,1947,7,4
794,Mia Johnson,mia.johnson.lead794@example.com,Website,2026-04-08,Contacted,0,Fort Worth,Single Family Home,2,3705,6,3
795,Chris Jackson,chris.jackson.lead795@example.com,Website,2025-01-29,New,0,Dallas,Townhouse,1,3942,7,3
796,Sarah Lewis,sarah.lewis.lead796@example.com,Website,2026-03-10,Interested,0,Houston,Villa,1,2005,6,0
797,Sophia Thomas,sophia.thomas.lead797@example.com,Referral,2025-05-11,Follow-up,0,Dallas,Condo,3,3957,5,3
798,James Wilson,james.wilson.lead798@example.com,Google Ads,2025-07-03,Contacted,0,Arlington,Villa,4,2314,7,5
799,Joseph Jackson,joseph.jackson.lead799@example.com,Realtor.com,2026-03-10,Interested,0,Fort Worth,Single Family Home,1,2354,5,2
800,William Davis,william.davis.lead800@example.com,Referral,2026-03-03,Site Visit Scheduled,0,Plano,Condo,4,2394,8,4
801,Ava Johnson,ava.johnson.lead801@example.com,Realtor.com,2025-09-02,Lost,0,Houston,Townhouse,4,2622,0,2
802,Mia Jackson,mia.jackson.lead802@example.com,Google Ads,2025-03-15,Follow-up,0,Fort Worth,Villa,3,3749,6,1
803,Olivia Miller,olivia.miller.lead803@example.com,Zillow,2025-06-02,Lost,0,San Antonio,Condo,4,2421,1,4
804,Chris Brown,chris.brown.lead804@example.com,Walk-in,2026-04-07,Interested,0,Austin,Single Family Home,4,3526,7,4
805,Ava Lewis,ava.lewis.lead805@example.com,Google Ads,2026-03-12,Contacted,0,Irving,Apartment,3,3929,2,3
806,Sarah Anderson,sarah.anderson.lead806@example.com,Facebook,2025-07-07,Interested,0,Houston,Townhouse,1,2492,6,2
807,Chris Taylor,chris.taylor.lead807@example.com,Realtor.com,2025-10-16,New,0,Dallas,Single Family Home,1,1393,1,3
808,Robert Moore,robert.moore.lead808@example.com,Realtor.com,2026-05-30,Interested,0,Fort Worth,Villa,4,3984,0,4
809,Mia White,mia.white.lead809@example.com,Facebook,2026-03-07,Follow-up,0,Houston,Villa,2,4227,0,3
810,Michael White,michael.white.lead810@example.com,Instagram,2025-12-28,Contacted,0,Irving,Condo,3,2826,6,4
811,Ava Wilson,ava.wilson.lead811@example.com,Website,2025-11-02,New,0,San Antonio,Apartment,2,4178,2,3
812,Michael Smith,michael.smith.lead812@example.com,Instagram,2025-06-28,New,0,Houston,Townhouse,4,3981,3,5
813,James Miller,james.miller.lead813@example.com,Referral,2026-02-28,Contacted,0,Houston,Apartment,2,4123,0,1
814,Amelia Smith,amelia.smith.lead814@example.com,Realtor.com,2025-12-04,Site Visit Scheduled,0,Irving,Villa,1,4410,8,2
815,Michael Brown,michael.brown.lead815@example.com,Referral,2025-06-17,Interested,0,Fort Worth,Condo,4,1284,0,1
816,Robert Martin,robert.martin.lead816@example.com,Instagram,2025-11-08,Contacted,0,Irving,Villa,1,2510,3,1
817,Emily Jackson,emily.jackson.lead817@example.com,Instagram,2025-07-25,New,0,San Antonio,Single Family Home,1,2277,2,5
818,Daniel Smith,daniel.smith.lead818@example.com,Google Ads,2025-12-20,Contacted,0,Houston,Apartment,2,2909,2,5
819,Daniel Jackson,daniel.jackson.lead819@example.com,Realtor.com,2025-12-04,Interested,0,Austin,Condo,1,4362,5,0
820,Sophia Johnson,sophia.johnson.lead820@example.com,Instagram,2025-03-05,Follow-up,0,Plano,Apartment,2,2549,6,2
821,Chris Thomas,chris.thomas.lead821@example.com,Zillow,2025-03-15,Follow-up,0,San Antonio,Villa,2,4158,8,4
822,Olivia Smith,olivia.smith.lead822@example.com,Instagram,2026-04-24,New,0,Fort Worth,Condo,4,2243,4,4
823,David Taylor,david.taylor.lead823@example.com,Instagram,2025-12-27,New,0,Irving,Condo,3,3873,2,4
824,Olivia Miller,olivia.miller.lead824@example.com,Walk-in,2025-12-02,Site Visit Scheduled,0,Irving,Single Family Home,1,1344,2,4
825,Ava Anderson,ava.anderson.lead825@example.com,Zillow,2025-09-20,Interested,0,San Antonio,Condo,4,1677,6,3
826,David Taylor,david.taylor.lead826@example.com,Website,2025-01-17,Interested,0,Irving,Single Family Home,1,2305,5,4
827,Mia Harris,mia.harris.lead827@example.com,Zillow,2025-08-02,Contacted,0,Arlington,Single Family Home,2,3011,6,0
828,Emma Thomas,emma.thomas.lead828@example.com,Realtor.com,2025-02-01,Interested,0,Fort Worth,Condo,1,1531,8,2
829,Sophia Martin,sophia.martin.lead829@example.com,Instagram,2025-02-12,Follow-up,0,Dallas,Villa,1,3789,2,0
830,Sophia Moore,sophia.moore.lead830@example.com,Realtor.com,2026-03-14,New,0,Fort Worth,Condo,4,1173,3,3
831,Olivia Smith,olivia.smith.lead831@example.com,Walk-in,2025-10-30,Follow-up,0,Houston,Single Family Home,2,3549,6,2
832,Emily Lewis,emily.lewis.lead832@example.com,Zillow,2025-01-03,Interested,0,Dallas,Condo,3,2784,7,2
833,Michael Martin,michael.martin.lead833@example.com,Realtor.com,2025-09-24,New,0,Arlington,Condo,2,2859,3,0
834,Robert Anderson,robert.anderson.lead834@example.com,Walk-in,2025-12-16,Lost,0,Dallas,Condo,4,3318,3,5
835,Sarah White,sarah.white.lead835@example.com,Zillow,2025-06-14,New,0,Irving,Villa,1,3086,2,4
836,Olivia Martin,olivia.martin.lead836@example.com,Website,2026-05-23,Contacted,0,Irving,Apartment,3,1423,8,0
837,Ava Smith,ava.smith.lead837@example.com,Zillow,2025-05-06,Contacted,0,Fort Worth,Single Family Home,4,4093,0,0
838,John Brown,john.brown.lead838@example.com,Walk-in,2025-11-24,Follow-up,0,Dallas,Condo,4,1043,3,5
839,Ava Lewis,ava.lewis.lead839@example.com,Website,2025-08-26,Converted,1,San Antonio,Single Family Home,3,1899,1,1
840,Emma Jackson,emma.jackson.lead840@example.com,Facebook,2025-08-13,New,0,Irving,Apartment,2,2939,0,2
841,Ava Miller,ava.miller.lead841@example.com,Zillow,2025-06-29,Site Visit Scheduled,0,San Antonio,Apartment,1,3581,1,4
842,Sarah Moore,sarah.moore.lead842@example.com,Walk-in,2025-01-15,Contacted,0,Plano,Villa,3,3362,1,1
843,James Clark,james.clark.lead843@example.com,Google Ads,2025-05-23,Interested,0,Dallas,Single Family Home,4,3884,6,3
844,Robert Martin,robert.martin.lead844@example.com,Zillow,2025-06-19,Follow-up,0,Dallas,Apartment,2,3491,4,0
845,Michael Lewis,michael.lewis.lead845@example.com,Google Ads,2025-10-25,Follow-up,0,Houston,Apartment,1,3086,8,1
846,Emily Taylor,emily.taylor.lead846@example.com,Instagram,2025-07-29,Site Visit Scheduled,0,Austin,Apartment,2,3728,6,3
847,Sophia Wilson,sophia.wilson.lead847@example.com,Referral,2025-11-13,New,0,Dallas,Single Family Home,3,2832,1,1
848,Sophia Davis,sophia.davis.lead848@example.com,Website,2026-03-01,Follow-up,0,Fort Worth,Townhouse,4,4228,7,3
849,William Lewis,william.lewis.lead849@example.com,Website,2025-05-19,New,0,Fort Worth,Villa,1,3328,2,4
850,William Jackson,william.jackson.lead850@example.com,Google Ads,2025-07-10,New,0,Arlington,Apartment,2,2005,6,0
851,Robert Clark,robert.clark.lead851@example.com,Walk-in,2025-06-23,Follow-up,0,Arlington,Single Family Home,4,3070,2,3
852,James Jackson,james.jackson.lead852@example.com,Walk-in,2026-02-19,Contacted,0,Arlington,Single Family Home,4,1162,7,2
853,Mia Davis,mia.davis.lead853@example.com,Facebook,2025-12-31,Contacted,0,San Antonio,Townhouse,4,2195,4,2
854,Joseph Miller,joseph.miller.lead854@example.com,Referral,2025-02-19,Interested,0,Plano,Single Family Home,3,1471,1,0
855,Emma Jackson,emma.jackson.lead855@example.com,Zillow,2025-08-26,Converted,1,Irving,Apartment,3,2851,7,3
856,Ava Martin,ava.martin.lead856@example.com,Realtor.com,2025-03-03,Interested,0,Arlington,Single Family Home,1,1051,8,1
857,Joseph Moore,joseph.moore.lead857@example.com,Realtor.com,2025-09-23,Interested,0,Fort Worth,Townhouse,1,4420,2,3
858,James Martin,james.martin.lead858@example.com,Zillow,2025-11-03,Lost,0,Dallas,Condo,2,1918,3,1
859,Amelia Miller,amelia.miller.lead859@example.com,Facebook,2026-01-04,Interested,0,Houston,Townhouse,3,2131,7,0
860,James Brown,james.brown.lead860@example.com,Instagram,2025-12-12,Converted,1,Plano,Single Family Home,2,4437,6,1
861,Amelia Smith,amelia.smith.lead861@example.com,Facebook,2025-10-03,New,0,Houston,Condo,1,4193,6,0
862,Joseph Harris,joseph.harris.lead862@example.com,Instagram,2026-01-22,Lost,0,Austin,Townhouse,4,3829,6,5
863,Olivia Moore,olivia.moore.lead863@example.com,Walk-in,2025-12-19,Contacted,0,Arlington,Condo,4,1000,2,3
864,Joseph Davis,joseph.davis.lead864@example.com,Facebook,2025-06-08,Site Visit Scheduled,0,Houston,Single Family Home,3,1403,1,5
865,Olivia Taylor,olivia.taylor.lead865@example.com,Realtor.com,2025-01-01,Site Visit Scheduled,0,Austin,Villa,3,2990,3,5
866,Daniel Davis,daniel.davis.lead866@example.com,Referral,2025-10-12,Contacted,0,Plano,Single Family Home,2,2024,5,4
867,Joseph Taylor,joseph.taylor.lead867@example.com,Google Ads,2025-02-22,Site Visit Scheduled,0,Fort Worth,Townhouse,4,1970,3,0
868,Michael Wilson,michael.wilson.lead868@example.com,Walk-in,2025-12-01,Follow-up,0,Austin,Single Family Home,1,2665,4,3
869,Amelia Harris,amelia.harris.lead869@example.com,Facebook,2026-03-24,New,0,Plano,Apartment,2,2714,2,5
870,Mia Johnson,mia.johnson.lead870@example.com,Zillow,2026-02-22,Converted,1,Irving,Condo,3,1607,3,2
871,William Harris,william.harris.lead871@example.com,Google Ads,2025-06-29,Interested,0,Dallas,Apartment,2,3706,5,4
872,William Wilson,william.wilson.lead872@example.com,Realtor.com,2025-08-07,Follow-up,0,San Antonio,Villa,1,2518,6,1
873,Sophia Smith,sophia.smith.lead873@example.com,Facebook,2026-04-26,New,0,San Antonio,Condo,2,2486,8,0
874,Sophia Moore,sophia.moore.lead874@example.com,Instagram,2025-10-18,Interested,0,Irving,Townhouse,1,2176,1,3
875,Sophia Anderson,sophia.anderson.lead875@example.com,Google Ads,2025-02-05,Lost,0,Houston,Apartment,1,4416,1,3
876,Emily Taylor,emily.taylor.lead876@example.com,Walk-in,2025-05-28,New,0,Irving,Townhouse,3,2667,4,0
877,Ava Smith,ava.smith.lead877@example.com,Facebook,2026-01-23,Interested,0,Plano,Villa,3,2758,1,0
878,John Thomas,john.thomas.lead878@example.com,Website,2026-03-01,New,0,Irving,Apartment,2,1226,6,0
879,Ava Martin,ava.martin.lead879@example.com,Zillow,2025-09-26,New,0,Dallas,Villa,1,3509,6,1
880,Ava Anderson,ava.anderson.lead880@example.com,Walk-in,2026-05-19,Follow-up,0,Fort Worth,Townhouse,4,997,3,1
881,David Martin,david.martin.lead881@example.com,Facebook,2025-10-08,Converted,1,Plano,Villa,2,1129,5,2
882,Daniel Smith,daniel.smith.lead882@example.com,Instagram,2025-01-16,Site Visit Scheduled,0,Arlington,Villa,3,1212,0,1
883,Sophia Smith,sophia.smith.lead883@example.com,Realtor.com,2025-02-01,Lost,0,Plano,Condo,4,3516,1,2
884,Amelia Jackson,amelia.jackson.lead884@example.com,Instagram,2025-05-05,Interested,0,Houston,Apartment,3,1810,7,4
885,James White,james.white.lead885@example.com,Facebook,2025-06-24,Site Visit Scheduled,0,San Antonio,Townhouse,2,3912,2,0
886,Olivia Brown,olivia.brown.lead886@example.com,Zillow,2025-02-18,Interested,0,Plano,Villa,1,4120,7,3
887,Amelia Smith,amelia.smith.lead887@example.com,Facebook,2026-03-17,New,0,Fort Worth,Townhouse,1,4239,5,0
888,Charlotte Taylor,charlotte.taylor.lead888@example.com,Google Ads,2025-03-06,Site Visit Scheduled,0,Austin,Single Family Home,3,2040,3,0
889,Sophia Wilson,sophia.wilson.lead889@example.com,Instagram,2025-06-22,Site Visit Scheduled,0,Plano,Townhouse,4,1087,2,1
890,Amelia Taylor,amelia.taylor.lead890@example.com,Instagram,2025-08-26,New,0,San Antonio,Condo,3,2111,4,1
891,Daniel Miller,daniel.miller.lead891@example.com,Google Ads,2025-07-15,Follow-up,0,Plano,Apartment,4,3920,4,0
892,Ava Martin,ava.martin.lead892@example.com,Zillow,2025-02-17,New,0,Houston,Apartment,3,4297,0,2
893,Joseph Lewis,joseph.lewis.lead893@example.com,Referral,2025-11-19,Interested,0,Fort Worth,Single Family Home,2,2270,3,3
894,Charlotte Wilson,charlotte.wilson.lead894@example.com,Walk-in,2026-05-10,Interested,0,Fort Worth,Townhouse,3,1143,7,4
895,Sophia Davis,sophia.davis.lead895@example.com,Website,2025-09-15,New,0,Fort Worth,Apartment,2,2831,4,2
896,Robert Anderson,robert.anderson.lead896@example.com,Google Ads,2026-05-14,Interested,0,Irving,Condo,3,2249,4,4
897,Robert Harris,robert.harris.lead897@example.com,Realtor.com,2025-08-13,Follow-up,0,Irving,Condo,1,920,4,3
898,Daniel Davis,daniel.davis.lead898@example.com,Google Ads,2025-01-02,Follow-up,0,Austin,Condo,2,927,8,5
899,Chris White,chris.white.lead899@example.com,Website,2025-10-16,Follow-up,0,Austin,Townhouse,2,4137,3,2
900,Emma Harris,emma.harris.lead900@example.com,Instagram,2025-12-03,Follow-up,0,Dallas,Condo,3,1460,2,5
901,Emily Martin,emily.martin.lead901@example.com,Referral,2025-08-11,Lost,0,San Antonio,Condo,2,3189,6,3
902,Joseph Brown,joseph.brown.lead902@example.com,Google Ads,2025-03-10,New,0,Arlington,Townhouse,2,2190,7,3
903,Daniel Wilson,daniel.wilson.lead903@example.com,Google Ads,2025-01-12,Interested,0,Houston,Single Family Home,3,3996,3,4
904,Mia Miller,mia.miller.lead904@example.com,Google Ads,2025-12-21,Follow-up,0,Irving,Villa,4,1071,3,2
905,John Brown,john.brown.lead905@example.com,Walk-in,2026-05-16,Interested,0,Fort Worth,Condo,3,1940,4,5
906,Charlotte Moore,charlotte.moore.lead906@example.com,Website,2025-10-10,Follow-up,0,Arlington,Single Family Home,4,4407,7,4
907,David Thomas,david.thomas.lead907@example.com,Instagram,2025-12-11,Site Visit Scheduled,0,Plano,Condo,2,4270,6,0
908,Sarah Moore,sarah.moore.lead908@example.com,Realtor.com,2025-07-30,Contacted,0,San Antonio,Single Family Home,1,986,0,4
909,John Thomas,john.thomas.lead909@example.com,Realtor.com,2025-11-18,Interested,0,Fort Worth,Single Family Home,3,3790,3,0
910,Charlotte Wilson,charlotte.wilson.lead910@example.com,Instagram,2026-04-13,Follow-up,0,Fort Worth,Apartment,4,3704,1,3
911,James Clark,james.clark.lead911@example.com,Referral,2025-11-12,Follow-up,0,Austin,Apartment,1,1848,4,4
912,James Clark,james.clark.lead912@example.com,Facebook,2025-04-24,Lost,0,Irving,Condo,3,2740,7,5
913,Olivia Brown,olivia.brown.lead913@example.com,Facebook,2025-05-01,Site Visit Scheduled,0,Austin,Condo,3,4344,2,2
914,David Harris,david.harris.lead914@example.com,Zillow,2025-04-13,Follow-up,0,Dallas,Single Family Home,3,3513,5,1
915,William Taylor,william.taylor.lead915@example.com,Instagram,2025-08-08,Site Visit Scheduled,0,Dallas,Condo,2,3792,1,4
916,James White,james.white.lead916@example.com,Realtor.com,2025-05-07,New,0,Irving,Single Family Home,3,2923,4,4
917,Emma Anderson,emma.anderson.lead917@example.com,Website,2025-10-06,New,0,San Antonio,Condo,3,909,6,0
918,Chris Taylor,chris.taylor.lead918@example.com,Website,2025-11-16,Interested,0,Fort Worth,Condo,4,1108,2,4
919,Emily Wilson,emily.wilson.lead919@example.com,Walk-in,2025-12-05,Interested,0,Austin,Villa,4,3902,3,5
920,Daniel Anderson,daniel.anderson.lead920@example.com,Zillow,2025-06-02,Site Visit Scheduled,0,Arlington,Apartment,4,3258,3,3
921,Emily Jackson,emily.jackson.lead921@example.com,Instagram,2026-01-11,Interested,0,San Antonio,Single Family Home,2,2724,7,0
922,Sarah Jackson,sarah.jackson.lead922@example.com,Zillow,2025-05-27,Site Visit Scheduled,0,Houston,Single Family Home,1,3304,6,5
923,Charlotte Clark,charlotte.clark.lead923@example.com,Website,2026-02-15,Contacted,0,Fort Worth,Apartment,4,3186,4,1
924,John Anderson,john.anderson.lead924@example.com,Website,2025-03-02,Contacted,0,Dallas,Townhouse,1,1546,3,0
925,Emily Harris,emily.harris.lead925@example.com,Website,2026-05-07,Contacted,0,Arlington,Condo,1,2804,2,3
926,William Davis,william.davis.lead926@example.com,Website,2025-11-30,Contacted,0,Arlington,Condo,3,2661,2,5
927,William Wilson,william.wilson.lead927@example.com,Instagram,2025-04-14,Contacted,0,Dallas,Condo,4,3716,6,1
928,Olivia Clark,olivia.clark.lead928@example.com,Google Ads,2025-11-16,Interested,0,Dallas,Apartment,4,1489,3,4
929,David Jackson,david.jackson.lead929@example.com,Facebook,2026-05-10,Contacted,0,San Antonio,Townhouse,4,2624,0,2
930,Robert Clark,robert.clark.lead930@example.com,Realtor.com,2025-07-29,New,0,Austin,Single Family Home,1,3576,6,5
931,Emma Jackson,emma.jackson.lead931@example.com,Realtor.com,2025-07-09,Interested,0,Plano,Apartment,2,1034,4,0
932,Charlotte Taylor,charlotte.taylor.lead932@example.com,Realtor.com,2025-02-26,New,0,Fort Worth,Condo,4,4443,6,3
933,James Thomas,james.thomas.lead933@example.com,Walk-in,2025-07-03,Contacted,0,Dallas,Villa,1,2228,6,4
934,Daniel Taylor,daniel.taylor.lead934@example.com,Realtor.com,2026-05-28,Interested,0,Plano,Apartment,4,1816,8,5
935,John White,john.white.lead935@example.com,Zillow,2025-02-02,Lost,0,Fort Worth,Condo,2,1882,2,0
936,Sophia Harris,sophia.harris.lead936@example.com,Walk-in,2026-01-30,Follow-up,0,Arlington,Townhouse,3,4411,5,1
937,Emily Davis,emily.davis.lead937@example.com,Zillow,2025-01-12,New,0,Plano,Townhouse,4,1388,0,2
938,Olivia White,olivia.white.lead938@example.com,Walk-in,2026-05-20,Follow-up,0,Dallas,Townhouse,1,3202,2,1
939,James Martin,james.martin.lead939@example.com,Realtor.com,2025-06-04,Interested,0,Austin,Villa,3,2202,6,0
940,Sarah Harris,sarah.harris.lead940@example.com,Zillow,2025-03-06,Interested,0,Austin,Apartment,4,2271,7,5
941,Mia Brown,mia.brown.lead941@example.com,Zillow,2025-09-14,Converted,1,Houston,Villa,1,2844,2,3
942,Michael Anderson,michael.anderson.lead942@example.com,Referral,2025-01-21,Converted,1,San Antonio,Single Family Home,4,4206,6,5
943,Olivia Davis,olivia.davis.lead943@example.com,Realtor.com,2025-04-02,Follow-up,0,Houston,Townhouse,4,2001,1,2
944,Chris Martin,chris.martin.lead944@example.com,Facebook,2025-05-25,New,0,Plano,Townhouse,4,1916,0,5
945,Joseph Davis,joseph.davis.lead945@example.com,Facebook,2025-04-21,Contacted,0,Dallas,Single Family Home,4,1339,1,4
946,Amelia Anderson,amelia.anderson.lead946@example.com,Google Ads,2025-09-15,Converted,1,Dallas,Condo,3,4071,8,5
947,Emma Miller,emma.miller.lead947@example.com,Website,2025-09-13,New,0,Irving,Apartment,1,3010,5,4
948,Amelia Smith,amelia.smith.lead948@example.com,Referral,2025-02-12,Interested,0,Plano,Townhouse,1,4392,3,1
949,Ava Smith,ava.smith.lead949@example.com,Website,2025-04-26,Follow-up,0,Plano,Townhouse,4,1036,3,2
950,Joseph Martin,joseph.martin.lead950@example.com,Google Ads,2025-04-19,Contacted,0,Dallas,Apartment,1,3499,6,5
951,Emily Thomas,emily.thomas.lead951@example.com,Facebook,2025-03-18,Converted,1,Irving,Townhouse,4,990,7,3
952,Daniel Miller,daniel.miller.lead952@example.com,Google Ads,2025-12-22,Interested,0,Fort Worth,Condo,2,1510,0,3
953,Daniel Anderson,daniel.anderson.lead953@example.com,Realtor.com,2025-06-26,New,0,Plano,Apartment,2,3352,0,1
954,Sophia Brown,sophia.brown.lead954@example.com,Zillow,2026-03-04,Follow-up,0,San Antonio,Condo,1,3951,6,3
955,Mia Lewis,mia.lewis.lead955@example.com,Website,2025-12-20,New,0,Fort Worth,Townhouse,2,1764,8,4
956,Robert Thomas,robert.thomas.lead956@example.com,Realtor.com,2025-02-10,Contacted,0,Fort Worth,Villa,3,2529,3,1
957,Chris Taylor,chris.taylor.lead957@example.com,Instagram,2025-10-05,Lost,0,Dallas,Condo,3,2832,1,1
958,Emily Davis,emily.davis.lead958@example.com,Zillow,2026-01-08,Converted,1,Houston,Condo,3,3642,5,4
959,Robert Davis,robert.davis.lead959@example.com,Google Ads,2025-07-24,Contacted,0,Dallas,Townhouse,1,3717,8,1
960,Mia Anderson,mia.anderson.lead960@example.com,Zillow,2026-05-01,New,0,San Antonio,Single Family Home,1,4342,2,0
961,Emily Harris,emily.harris.lead961@example.com,Zillow,2025-07-02,Interested,0,Plano,Single Family Home,4,2460,2,3
962,Emily Wilson,emily.wilson.lead962@example.com,Referral,2025-08-30,Follow-up,0,Austin,Villa,4,1883,5,1
963,Daniel Davis,daniel.davis.lead963@example.com,Zillow,2025-12-19,Interested,0,Houston,Condo,1,3410,2,1
964,Joseph Smith,joseph.smith.lead964@example.com,Website,2025-03-24,Follow-up,0,Fort Worth,Condo,2,4426,4,2
965,John Miller,john.miller.lead965@example.com,Walk-in,2025-10-21,Site Visit Scheduled,0,Irving,Condo,2,3605,5,5
966,Michael Anderson,michael.anderson.lead966@example.com,Referral,2025-09-10,Interested,0,Fort Worth,Apartment,2,4336,2,1
967,Emma Martin,emma.martin.lead967@example.com,Realtor.com,2025-02-21,Converted,1,Irving,Condo,4,2819,4,3
968,Charlotte Miller,charlotte.miller.lead968@example.com,Website,2025-03-23,Lost,0,Dallas,Townhouse,1,3818,8,1
969,Joseph Anderson,joseph.anderson.lead969@example.com,Realtor.com,2025-06-27,Follow-up,0,Houston,Apartment,1,3937,8,3
970,Charlotte Lewis,charlotte.lewis.lead970@example.com,Facebook,2025-10-17,Contacted,0,Plano,Villa,3,3539,3,4
971,Sophia Miller,sophia.miller.lead971@example.com,Instagram,2026-05-20,New,0,Austin,Condo,2,1980,7,3
972,Daniel White,daniel.white.lead972@example.com,Referral,2025-06-18,Contacted,0,Arlington,Single Family Home,3,3662,2,0
973,Emma Thomas,emma.thomas.lead973@example.com,Realtor.com,2025-08-21,Lost,0,San Antonio,Villa,2,2669,6,5
974,Amelia Lewis,amelia.lewis.lead974@example.com,Walk-in,2025-01-17,Site Visit Scheduled,0,San Antonio,Condo,3,1622,8,1
975,Mia Thomas,mia.thomas.lead975@example.com,Google Ads,2026-01-28,Follow-up,0,Arlington,Single Family Home,2,3983,8,2
976,Sophia Miller,sophia.miller.lead976@example.com,Walk-in,2025-11-21,Lost,0,Dallas,Condo,1,1515,6,5
977,Charlotte Thomas,charlotte.thomas.lead977@example.com,Referral,2026-04-09,Lost,0,Irving,Single Family Home,4,3956,3,5
978,Emily Brown,emily.brown.lead978@example.com,Zillow,2025-10-25,Interested,0,Houston,Single Family Home,2,4462,1,0
979,Amelia Jackson,amelia.jackson.lead979@example.com,Website,2025-12-07,Contacted,0,Arlington,Apartment,3,1608,7,1
980,Charlotte Lewis,charlotte.lewis.lead980@example.com,Realtor.com,2025-07-21,Follow-up,0,Irving,Townhouse,3,1463,7,5
981,William Brown,william.brown.lead981@example.com,Facebook,2025-06-07,Interested,0,Arlington,Apartment,1,3169,8,5
982,Emma Smith,emma.smith.lead982@example.com,Realtor.com,2025-07-02,Site Visit Scheduled,0,Dallas,Condo,1,1299,6,1
983,James Brown,james.brown.lead983@example.com,Referral,2025-12-15,Contacted,0,Plano,Townhouse,1,2900,6,3
984,Emma Smith,emma.smith.lead984@example.com,Instagram,2025-12-28,Interested,0,Dallas,Villa,3,906,2,5
985,Olivia Lewis,olivia.lewis.lead985@example.com,Realtor.com,2026-02-08,Lost,0,San Antonio,Townhouse,2,4490,4,4
986,Michael Johnson,michael.johnson.lead986@example.com,Facebook,2026-04-21,Follow-up,0,Plano,Townhouse,1,1370,2,5
987,Michael Anderson,michael.anderson.lead987@example.com,Google Ads,2025-12-02,Lost,0,Houston,Condo,4,4008,5,5
988,William Lewis,william.lewis.lead988@example.com,Realtor.com,2025-05-14,Contacted,0,Arlington,Townhouse,4,2719,5,0
989,Michael Brown,michael.brown.lead989@example.com,Referral,2026-03-25,Interested,0,Dallas,Townhouse,1,2126,7,3
990,David Wilson,david.wilson.lead990@example.com,Instagram,2025-02-06,Follow-up,0,Dallas,Townhouse,4,4129,6,5
991,Emily Lewis,emily.lewis.lead991@example.com,Instagram,2025-04-03,New,0,San Antonio,Apartment,2,2843,4,1
992,Mia Harris,mia.harris.lead992@example.com,Website,2025-09-08,Interested,0,Irving,Villa,2,2949,5,1
993,Robert White,robert.white.lead993@example.com,Realtor.com,2026-04-02,Contacted,0,Austin,Condo,2,2384,5,5
994,John Lewis,john.lewis.lead994@example.com,Facebook,2026-05-27,New,0,Fort Worth,Single Family Home,2,3956,4,3
995,Robert Anderson,robert.anderson.lead995@example.com,Facebook,2025-03-15,Interested,0,Irving,Condo,1,3968,4,4
996,Michael Harris,michael.harris.lead996@example.com,Facebook,2026-02-09,Site Visit Scheduled,0,Houston,Condo,3,1339,6,5
997,Ava Anderson,ava.anderson.lead997@example.com,Zillow,2025-02-09,Converted,1,Houston,Apartment,3,3276,6,3
998,Michael Smith,michael.smith.lead998@example.com,Facebook,2026-02-04,Follow-up,0,Dallas,Apartment,1,3570,5,5
999,David Harris,david.harris.lead999@example.com,Website,2026-04-19,Follow-up,0,San Antonio,Townhouse,1,1131,1,1
1000,Mia Moore,mia.moore.lead1000@example.com,Realtor.com,2025-09-10,Interested,0,Arlington,Townhouse,2,3966,7,5
1001,Olivia Jackson,olivia.jackson.lead1001@example.com,Zillow,2025-03-04,Follow-up,0,Irving,Townhouse,3,2704,8,4
1002,Sarah Lewis,sarah.lewis.lead1002@example.com,Referral,2026-01-29,Interested,0,Fort Worth,Townhouse,3,1646,8,1
1003,Charlotte Smith,charlotte.smith.lead1003@example.com,Google Ads,2025-09-11,New,0,Dallas,Apartment,2,3590,2,3
1004,Joseph Moore,joseph.moore.lead1004@example.com,Facebook,2025-01-21,Contacted,0,Arlington,Apartment,2,4239,6,4
1005,Amelia Thomas,amelia.thomas.lead1005@example.com,Facebook,2025-03-27,Follow-up,0,Fort Worth,Single Family Home,1,2373,8,2
1006,Olivia White,olivia.white.lead1006@example.com,Referral,2026-02-28,Interested,0,Fort Worth,Condo,4,3859,5,2
1007,Amelia Wilson,amelia.wilson.lead1007@example.com,Facebook,2026-01-06,Interested,0,Austin,Single Family Home,3,1801,8,3
1008,John Martin,john.martin.lead1008@example.com,Facebook,2025-06-04,Site Visit Scheduled,0,Houston,Single Family Home,2,923,3,1
1009,Mia Miller,mia.miller.lead1009@example.com,Zillow,2025-04-17,Interested,0,Arlington,Villa,3,3059,6,2
1010,Charlotte Wilson,charlotte.wilson.lead1010@example.com,Walk-in,2026-05-26,Interested,0,Irving,Condo,3,3055,5,2
1011,Sarah Clark,sarah.clark.lead1011@example.com,Referral,2025-01-11,Contacted,0,Austin,Single Family Home,3,3029,0,4
1012,Amelia Johnson,amelia.johnson.lead1012@example.com,Zillow,2025-11-14,Follow-up,0,Arlington,Apartment,3,2194,8,0
1013,John Jackson,john.jackson.lead1013@example.com,Instagram,2026-03-07,New,0,Dallas,Single Family Home,4,1345,4,2
1014,Charlotte Martin,charlotte.martin.lead1014@example.com,Realtor.com,2026-03-14,Contacted,0,Fort Worth,Villa,4,3309,4,3
1015,James Taylor,james.taylor.lead1015@example.com,Instagram,2026-03-31,Contacted,0,Houston,Townhouse,4,1858,3,1
1016,Charlotte Miller,charlotte.miller.lead1016@example.com,Facebook,2026-03-17,Converted,1,Austin,Single Family Home,1,4149,1,2
1017,John Wilson,john.wilson.lead1017@example.com,Google Ads,2026-05-26,Contacted,0,Houston,Townhouse,3,2886,0,2
1018,Olivia Davis,olivia.davis.lead1018@example.com,Walk-in,2025-01-04,Contacted,0,San Antonio,Condo,2,935,6,0
1019,Charlotte Martin,charlotte.martin.lead1019@example.com,Instagram,2025-12-30,New,0,Austin,Condo,2,3337,6,3
1020,John Jackson,john.jackson.lead1020@example.com,Walk-in,2026-03-26,Follow-up,0,Fort Worth,Condo,2,3384,6,3
1021,Mia Moore,mia.moore.lead1021@example.com,Instagram,2025-12-25,Follow-up,0,Arlington,Townhouse,3,3544,5,3
1022,Emma Taylor,emma.taylor.lead1022@example.com,Walk-in,2025-09-17,Interested,0,Fort Worth,Townhouse,4,4175,1,3
1023,Sophia Jackson,sophia.jackson.lead1023@example.com,Instagram,2026-05-04,Follow-up,0,Austin,Condo,3,2288,3,3
1024,Olivia Brown,olivia.brown.lead1024@example.com,Instagram,2026-04-12,Follow-up,0,Austin,Townhouse,4,1810,1,4
1025,David Lewis,david.lewis.lead1025@example.com,Facebook,2025-08-15,Follow-up,0,Plano,Villa,1,2429,0,0
1026,James Smith,james.smith.lead1026@example.com,Instagram,2025-04-27,Contacted,0,Plano,Villa,4,2074,5,4
1027,Mia Thomas,mia.thomas.lead1027@example.com,Google Ads,2025-03-10,Interested,0,Dallas,Townhouse,3,2221,2,2
1028,Emily Miller,emily.miller.lead1028@example.com,Google Ads,2025-07-12,Lost,0,Arlington,Villa,1,1322,6,2
1029,Sophia Moore,sophia.moore.lead1029@example.com,Instagram,2026-01-13,Site Visit Scheduled,0,Plano,Townhouse,1,4493,6,1
1030,Joseph Wilson,joseph.wilson.lead1030@example.com,Instagram,2025-01-01,Follow-up,0,Fort Worth,Single Family Home,4,3334,5,5
1031,Charlotte Miller,charlotte.miller.lead1031@example.com,Google Ads,2026-03-12,Follow-up,0,Arlington,Apartment,4,1679,7,1
1032,Joseph Taylor,joseph.taylor.lead1032@example.com,Instagram,2025-01-28,Follow-up,0,Irving,Single Family Home,4,4363,8,2
1033,James Smith,james.smith.lead1033@example.com,Zillow,2025-10-12,Interested,0,Dallas,Apartment,4,3710,2,4
1034,Robert Wilson,robert.wilson.lead1034@example.com,Google Ads,2026-03-29,New,0,Dallas,Villa,2,3710,6,2
1035,Chris Clark,chris.clark.lead1035@example.com,Website,2025-09-01,Contacted,0,Austin,Townhouse,3,2315,1,5
1036,Mia Martin,mia.martin.lead1036@example.com,Zillow,2026-03-29,New,0,Arlington,Villa,4,1395,2,2
1037,James Brown,james.brown.lead1037@example.com,Walk-in,2026-05-28,New,0,Arlington,Apartment,4,3646,5,5
1038,James Moore,james.moore.lead1038@example.com,Zillow,2026-02-06,Contacted,0,Dallas,Single Family Home,4,2393,2,3
1039,Joseph Moore,joseph.moore.lead1039@example.com,Zillow,2025-01-25,Site Visit Scheduled,0,Plano,Apartment,2,1036,0,3
1040,Emily Clark,emily.clark.lead1040@example.com,Zillow,2025-04-20,Site Visit Scheduled,0,Austin,Condo,2,1165,8,3
1041,John Wilson,john.wilson.lead1041@example.com,Google Ads,2025-12-08,Lost,0,Arlington,Condo,2,4443,1,2
1042,Olivia Thomas,olivia.thomas.lead1042@example.com,Google Ads,2026-05-06,Follow-up,0,Fort Worth,Apartment,4,1812,3,4
1043,Sarah White,sarah.white.lead1043@example.com,Google Ads,2025-09-25,Follow-up,0,Houston,Condo,1,1036,6,3
1044,Olivia Moore,olivia.moore.lead1044@example.com,Website,2026-02-28,Contacted,0,Irving,Condo,4,2643,7,2
1045,Mia White,mia.white.lead1045@example.com,Walk-in,2025-12-01,Contacted,0,Arlington,Apartment,1,4113,5,5
1046,William Lewis,william.lewis.lead1046@example.com,Website,2025-10-28,Lost,0,Austin,Villa,3,2349,8,5
1047,Joseph Brown,joseph.brown.lead1047@example.com,Zillow,2025-11-24,Follow-up,0,Dallas,Single Family Home,4,3473,2,1
1048,James Lewis,james.lewis.lead1048@example.com,Facebook,2026-04-29,Contacted,0,San Antonio,Apartment,1,3996,2,2
1049,Emma Smith,emma.smith.lead1049@example.com,Walk-in,2026-04-24,Contacted,0,San Antonio,Single Family Home,2,1250,1,3
1050,Robert Smith,robert.smith.lead1050@example.com,Referral,2025-04-28,Site Visit Scheduled,0,Fort Worth,Townhouse,3,2653,6,3
1051,David Taylor,david.taylor.lead1051@example.com,Zillow,2026-03-28,Interested,0,San Antonio,Apartment,1,968,0,2
1052,James Thomas,james.thomas.lead1052@example.com,Facebook,2025-05-22,Follow-up,0,Dallas,Condo,1,3524,6,4
1053,Sarah Harris,sarah.harris.lead1053@example.com,Zillow,2025-09-05,Site Visit Scheduled,0,San Antonio,Condo,3,3386,8,0
1054,Sophia Harris,sophia.harris.lead1054@example.com,Instagram,2025-10-27,Contacted,0,Houston,Villa,2,3203,4,2
1055,James Davis,james.davis.lead1055@example.com,Google Ads,2025-08-15,Follow-up,0,Arlington,Townhouse,1,1057,4,5
1056,Olivia Anderson,olivia.anderson.lead1056@example.com,Realtor.com,2026-02-21,Interested,0,San Antonio,Villa,1,3549,0,5
1057,Sarah Anderson,sarah.anderson.lead1057@example.com,Walk-in,2025-01-19,Interested,0,Plano,Single Family Home,4,1767,7,5
1058,Olivia Jackson,olivia.jackson.lead1058@example.com,Referral,2026-01-21,New,0,Fort Worth,Condo,1,2135,8,3
1059,Michael Brown,michael.brown.lead1059@example.com,Referral,2026-05-29,New,0,Arlington,Condo,4,4277,8,4
1060,Emma Taylor,emma.taylor.lead1060@example.com,Realtor.com,2025-10-29,Converted,1,Dallas,Single Family Home,1,1841,2,4
1061,Emma White,emma.white.lead1061@example.com,Walk-in,2025-11-30,Follow-up,0,Dallas,Condo,4,1314,2,2
1062,William Taylor,william.taylor.lead1062@example.com,Realtor.com,2025-08-13,Converted,1,Fort Worth,Apartment,2,1534,7,3
1063,Joseph Clark,joseph.clark.lead1063@example.com,Zillow,2025-06-15,Site Visit Scheduled,0,Irving,Condo,3,1605,7,2
1064,Mia Johnson,mia.johnson.lead1064@example.com,Referral,2026-04-08,Interested,0,Dallas,Condo,2,3484,3,0
1065,James Lewis,james.lewis.lead1065@example.com,Facebook,2025-10-12,New,0,Fort Worth,Condo,1,2637,4,2
1066,William Brown,william.brown.lead1066@example.com,Walk-in,2025-09-29,New,0,Irving,Apartment,3,2263,2,3
1067,Daniel Thomas,daniel.thomas.lead1067@example.com,Realtor.com,2025-05-27,Interested,0,Plano,Single Family Home,3,3694,5,2
1068,David Davis,david.davis.lead1068@example.com,Walk-in,2025-02-15,Site Visit Scheduled,0,Houston,Single Family Home,4,3891,6,1
1069,John Moore,john.moore.lead1069@example.com,Zillow,2026-02-06,Contacted,0,Houston,Villa,3,2719,2,3
1070,Emily Smith,emily.smith.lead1070@example.com,Walk-in,2025-05-04,Interested,0,Arlington,Condo,3,2052,4,0
1071,Olivia Martin,olivia.martin.lead1071@example.com,Facebook,2025-10-17,Contacted,0,Fort Worth,Townhouse,3,1679,5,3
1072,David Moore,david.moore.lead1072@example.com,Referral,2025-06-06,Lost,0,Austin,Villa,3,4247,1,5
1073,Mia White,mia.white.lead1073@example.com,Walk-in,2025-12-27,New,0,Fort Worth,Villa,3,4350,2,3
1074,James Smith,james.smith.lead1074@example.com,Walk-in,2025-03-05,Converted,1,Plano,Single Family Home,2,2546,0,3
1075,Olivia Lewis,olivia.lewis.lead1075@example.com,Walk-in,2025-07-30,Follow-up,0,Fort Worth,Apartment,2,1519,3,3
1076,Joseph Davis,joseph.davis.lead1076@example.com,Instagram,2025-06-12,Follow-up,0,Houston,Villa,2,1520,2,3
1077,Chris Clark,chris.clark.lead1077@example.com,Realtor.com,2025-10-26,Follow-up,0,Arlington,Single Family Home,3,3853,8,4
1078,Emma Thomas,emma.thomas.lead1078@example.com,Walk-in,2026-04-14,Lost,0,Irving,Single Family Home,2,3101,4,2
1079,Michael Brown,michael.brown.lead1079@example.com,Facebook,2026-05-22,Follow-up,0,Houston,Condo,4,2608,8,2
1080,John Jackson,john.jackson.lead1080@example.com,Google Ads,2026-03-26,Interested,0,Houston,Villa,1,2556,3,0
1081,Robert Davis,robert.davis.lead1081@example.com,Website,2026-04-06,New,0,Houston,Townhouse,2,4481,4,0
1082,Michael Taylor,michael.taylor.lead1082@example.com,Referral,2025-11-23,New,0,Houston,Single Family Home,1,1717,1,3
1083,Robert Anderson,robert.anderson.lead1083@example.com,Website,2025-05-19,Contacted,0,Dallas,Apartment,2,1545,8,4
1084,Mia Moore,mia.moore.lead1084@example.com,Instagram,2025-09-04,Contacted,0,Fort Worth,Single Family Home,1,1351,5,3
1085,Sophia Anderson,sophia.anderson.lead1085@example.com,Website,2025-03-28,Contacted,0,Fort Worth,Condo,4,4423,0,4
1086,Emily Wilson,emily.wilson.lead1086@example.com,Walk-in,2025-03-03,Follow-up,0,Houston,Condo,1,3831,2,3
1087,Olivia Miller,olivia.miller.lead1087@example.com,Facebook,2025-05-15,Lost,0,San Antonio,Townhouse,1,4434,8,5
1088,Chris Martin,chris.martin.lead1088@example.com,Website,2025-12-12,Site Visit Scheduled,0,Fort Worth,Condo,2,4144,1,0
1089,Joseph Thomas,joseph.thomas.lead1089@example.com,Instagram,2026-05-07,Contacted,0,Dallas,Apartment,4,1216,2,5
1090,Joseph Brown,joseph.brown.lead1090@example.com,Zillow,2026-05-05,Lost,0,Dallas,Villa,4,3211,8,3
1091,Emily White,emily.white.lead1091@example.com,Realtor.com,2025-04-06,Contacted,0,Dallas,Single Family Home,2,3084,1,2
1092,Sarah Clark,sarah.clark.lead1092@example.com,Instagram,2025-02-25,Lost,0,Houston,Apartment,3,2829,3,4
1093,John Moore,john.moore.lead1093@example.com,Website,2025-06-08,Converted,1,Dallas,Apartment,3,3368,6,1
1094,Robert Johnson,robert.johnson.lead1094@example.com,Instagram,2025-10-19,Interested,0,Arlington,Townhouse,3,929,7,4
1095,Joseph Wilson,joseph.wilson.lead1095@example.com,Referral,2025-08-22,New,0,Fort Worth,Townhouse,2,1846,2,4
1096,Michael Wilson,michael.wilson.lead1096@example.com,Zillow,2025-06-28,Follow-up,0,Austin,Townhouse,1,3254,1,2
1097,Sophia Thomas,sophia.thomas.lead1097@example.com,Google Ads,2025-10-26,Converted,1,Arlington,Apartment,4,4057,4,2
1098,Daniel Clark,daniel.clark.lead1098@example.com,Walk-in,2025-06-27,Follow-up,0,Dallas,Condo,2,1135,6,3
1099,Joseph Taylor,joseph.taylor.lead1099@example.com,Website,2026-01-10,Contacted,0,Arlington,Townhouse,3,4349,8,1
1100,Amelia Lewis,amelia.lewis.lead1100@example.com,Instagram,2026-05-27,New,0,Plano,Apartment,1,1058,3,0
1101,William Miller,william.miller.lead1101@example.com,Zillow,2025-08-21,Converted,1,Fort Worth,Single Family Home,1,3481,4,1
1102,Michael Taylor,michael.taylor.lead1102@example.com,Realtor.com,2026-03-07,Site Visit Scheduled,0,Fort Worth,Townhouse,1,4202,1,0
1103,David Thomas,david.thomas.lead1103@example.com,Google Ads,2025-07-24,New,0,Irving,Townhouse,2,1026,0,3
1104,Olivia Wilson,olivia.wilson.lead1104@example.com,Referral,2025-08-01,Interested,0,Irving,Condo,3,1123,2,3
1105,Robert Taylor,robert.taylor.lead1105@example.com,Website,2025-10-27,Contacted,0,Houston,Single Family Home,2,1379,3,0
1106,John Brown,john.brown.lead1106@example.com,Walk-in,2025-05-04,Interested,0,Arlington,Townhouse,4,1251,4,0
1107,James Davis,james.davis.lead1107@example.com,Website,2025-01-12,Follow-up,0,Plano,Townhouse,4,1018,7,1
1108,Mia Wilson,mia.wilson.lead1108@example.com,Referral,2026-01-13,Contacted,0,Irving,Condo,4,1825,3,2
1109,Olivia Anderson,olivia.anderson.lead1109@example.com,Facebook,2025-01-29,Interested,0,Fort Worth,Villa,4,1882,7,0
1110,Sarah Harris,sarah.harris.lead1110@example.com,Facebook,2025-01-23,Site Visit Scheduled,0,Irving,Townhouse,2,2237,3,2
1111,William Clark,william.clark.lead1111@example.com,Website,2025-11-05,New,0,Arlington,Townhouse,4,2077,1,3
1112,James Moore,james.moore.lead1112@example.com,Zillow,2026-05-21,Interested,0,Austin,Villa,4,1426,1,2
1113,Joseph Clark,joseph.clark.lead1113@example.com,Referral,2025-09-13,Site Visit Scheduled,0,Fort Worth,Condo,1,2542,5,0
1114,David Brown,david.brown.lead1114@example.com,Facebook,2025-04-29,Interested,0,San Antonio,Townhouse,3,1565,5,2
1115,Emily Clark,emily.clark.lead1115@example.com,Instagram,2025-07-28,Converted,1,Houston,Apartment,4,1204,4,0
1116,John Martin,john.martin.lead1116@example.com,Website,2025-11-22,Contacted,0,Irving,Single Family Home,3,3345,7,5
1117,John Moore,john.moore.lead1117@example.com,Instagram,2025-04-03,Converted,1,San Antonio,Condo,1,930,7,0
1118,Robert Davis,robert.davis.lead1118@example.com,Referral,2025-04-27,Converted,1,Houston,Villa,4,3563,3,4
1119,Sophia Brown,sophia.brown.lead1119@example.com,Zillow,2025-09-08,New,0,Fort Worth,Condo,4,2763,5,3
1120,Daniel Smith,daniel.smith.lead1120@example.com,Walk-in,2025-11-21,Interested,0,Dallas,Villa,4,1160,0,5
1121,William Miller,william.miller.lead1121@example.com,Google Ads,2025-10-14,New,0,San Antonio,Townhouse,2,1207,4,5
1122,David Davis,david.davis.lead1122@example.com,Walk-in,2025-11-21,Lost,0,San Antonio,Condo,4,4498,2,2
1123,Joseph Miller,joseph.miller.lead1123@example.com,Realtor.com,2025-03-05,Lost,0,Austin,Townhouse,2,1837,1,0
1124,Emily Anderson,emily.anderson.lead1124@example.com,Referral,2025-12-23,Contacted,0,Irving,Townhouse,2,1124,3,2
1125,Emily Harris,emily.harris.lead1125@example.com,Walk-in,2026-05-23,New,0,Plano,Condo,3,1501,5,1
1126,Sophia Davis,sophia.davis.lead1126@example.com,Website,2025-11-19,Converted,1,Irving,Condo,1,3980,5,5
1127,Ava Davis,ava.davis.lead1127@example.com,Referral,2026-05-03,Converted,1,Fort Worth,Villa,3,3730,6,5
1128,Sophia Davis,sophia.davis.lead1128@example.com,Instagram,2025-02-16,Follow-up,0,Dallas,Single Family Home,4,2933,5,3
1129,Robert Johnson,robert.johnson.lead1129@example.com,Website,2025-08-21,Site Visit Scheduled,0,Fort Worth,Townhouse,1,3183,5,5
1130,Daniel Thomas,daniel.thomas.lead1130@example.com,Google Ads,2025-09-04,Site Visit Scheduled,0,Arlington,Townhouse,2,2155,5,5
1131,Charlotte Taylor,charlotte.taylor.lead1131@example.com,Referral,2025-02-05,Interested,0,Irving,Condo,3,4009,2,2
1132,Sophia Brown,sophia.brown.lead1132@example.com,Walk-in,2025-02-19,Converted,1,Arlington,Apartment,2,4164,7,0
1133,David Davis,david.davis.lead1133@example.com,Walk-in,2026-04-04,Follow-up,0,Plano,Apartment,3,3445,2,4
1134,John Jackson,john.jackson.lead1134@example.com,Facebook,2026-05-10,Interested,0,Plano,Single Family Home,1,1033,8,2
1135,William Miller,william.miller.lead1135@example.com,Google Ads,2026-02-11,Follow-up,0,Irving,Single Family Home,2,2531,4,0
1136,Emily Davis,emily.davis.lead1136@example.com,Website,2025-10-03,Contacted,0,Fort Worth,Condo,2,3344,7,4
1137,John Johnson,john.johnson.lead1137@example.com,Referral,2025-04-02,Site Visit Scheduled,0,Irving,Villa,1,2957,7,4
1138,James Miller,james.miller.lead1138@example.com,Google Ads,2025-06-14,Site Visit Scheduled,0,Austin,Villa,1,4088,2,2
1139,Robert Lewis,robert.lewis.lead1139@example.com,Zillow,2025-08-08,Contacted,0,Arlington,Condo,1,1461,6,1
1140,William Davis,william.davis.lead1140@example.com,Instagram,2025-06-28,Contacted,0,San Antonio,Condo,2,1276,2,1
1141,James Lewis,james.lewis.lead1141@example.com,Facebook,2025-09-18,Follow-up,0,Houston,Apartment,3,3765,2,0
1142,Daniel Wilson,daniel.wilson.lead1142@example.com,Walk-in,2026-05-08,Interested,0,Dallas,Apartment,3,2699,8,3
1143,David Thomas,david.thomas.lead1143@example.com,Facebook,2025-12-04,New,0,Austin,Townhouse,2,2302,0,4
1144,Mia White,mia.white.lead1144@example.com,Realtor.com,2025-08-18,Interested,0,Arlington,Townhouse,2,2924,7,1
1145,William White,william.white.lead1145@example.com,Realtor.com,2025-04-12,Contacted,0,Arlington,Apartment,2,1510,2,0
1146,Sophia Jackson,sophia.jackson.lead1146@example.com,Google Ads,2025-03-17,Interested,0,Fort Worth,Villa,1,1317,1,0
1147,Charlotte Jackson,charlotte.jackson.lead1147@example.com,Facebook,2025-02-15,Lost,0,Houston,Townhouse,4,2427,4,4
1148,Ava Davis,ava.davis.lead1148@example.com,Facebook,2025-05-10,New,0,Austin,Villa,2,1764,0,4
1149,Charlotte Taylor,charlotte.taylor.lead1149@example.com,Website,2026-05-01,Converted,1,Plano,Single Family Home,3,3783,3,4
1150,Emma Taylor,emma.taylor.lead1150@example.com,Instagram,2025-12-28,Lost,0,Arlington,Single Family Home,2,948,7,4
1151,Olivia Davis,olivia.davis.lead1151@example.com,Facebook,2025-07-10,Follow-up,0,Houston,Condo,1,1357,8,0
1152,Michael Clark,michael.clark.lead1152@example.com,Referral,2025-08-26,New,0,Fort Worth,Condo,3,2425,4,5
1153,Amelia Taylor,amelia.taylor.lead1153@example.com,Instagram,2025-10-12,Follow-up,0,Dallas,Villa,1,1708,1,1
1154,Michael Clark,michael.clark.lead1154@example.com,Realtor.com,2025-09-30,Contacted,0,Dallas,Villa,3,3649,5,2
1155,Ava Smith,ava.smith.lead1155@example.com,Website,2025-01-16,Follow-up,0,Arlington,Townhouse,2,4407,5,2
1156,Joseph Miller,joseph.miller.lead1156@example.com,Referral,2025-04-14,Follow-up,0,Houston,Single Family Home,1,1980,8,1
1157,Sophia Jackson,sophia.jackson.lead1157@example.com,Instagram,2025-10-15,Lost,0,Dallas,Condo,2,4201,5,4
1158,Charlotte White,charlotte.white.lead1158@example.com,Realtor.com,2026-01-16,New,0,Houston,Townhouse,1,2802,5,1
1159,Michael Johnson,michael.johnson.lead1159@example.com,Realtor.com,2026-02-25,New,0,Arlington,Condo,1,4061,6,1
1160,Sophia Brown,sophia.brown.lead1160@example.com,Realtor.com,2025-03-12,Site Visit Scheduled,0,Fort Worth,Apartment,1,3247,5,2
1161,Sophia Smith,sophia.smith.lead1161@example.com,Google Ads,2025-04-27,Contacted,0,Houston,Townhouse,1,2907,3,3
1162,Charlotte Brown,charlotte.brown.lead1162@example.com,Instagram,2025-08-09,Site Visit Scheduled,0,Arlington,Single Family Home,2,934,0,3
1163,Emma Miller,emma.miller.lead1163@example.com,Facebook,2026-01-15,Contacted,0,Dallas,Apartment,4,959,2,0
1164,Robert Wilson,robert.wilson.lead1164@example.com,Facebook,2025-11-02,Lost,0,San Antonio,Townhouse,4,2738,8,2
1165,Charlotte Taylor,charlotte.taylor.lead1165@example.com,Website,2025-11-25,Converted,1,Austin,Condo,3,2375,2,4
1166,John Jackson,john.jackson.lead1166@example.com,Referral,2026-03-28,Site Visit Scheduled,0,Houston,Villa,1,2475,7,1
1167,Sarah White,sarah.white.lead1167@example.com,Google Ads,2025-01-24,Site Visit Scheduled,0,Arlington,Townhouse,3,3147,0,4
1168,Emma Martin,emma.martin.lead1168@example.com,Instagram,2025-12-01,Contacted,0,San Antonio,Single Family Home,1,2037,7,2
1169,Ava Wilson,ava.wilson.lead1169@example.com,Referral,2026-01-06,Contacted,0,Dallas,Townhouse,3,2188,6,3
1170,Daniel Smith,daniel.smith.lead1170@example.com,Instagram,2026-02-08,New,0,Austin,Townhouse,2,1098,0,0
1171,David Taylor,david.taylor.lead1171@example.com,Website,2025-11-07,Interested,0,San Antonio,Townhouse,1,4439,6,5
1172,Charlotte Smith,charlotte.smith.lead1172@example.com,Realtor.com,2025-10-06,Contacted,0,Fort Worth,Townhouse,3,4352,8,2
1173,John Johnson,john.johnson.lead1173@example.com,Website,2025-02-08,Converted,1,Dallas,Townhouse,4,1064,4,2
1174,Daniel Clark,daniel.clark.lead1174@example.com,Instagram,2025-10-30,Site Visit Scheduled,0,Irving,Townhouse,2,3064,5,3
1175,John Thomas,john.thomas.lead1175@example.com,Facebook,2026-03-12,Contacted,0,Austin,Townhouse,4,4421,6,0
1176,David Moore,david.moore.lead1176@example.com,Referral,2025-12-06,Follow-up,0,Dallas,Apartment,1,3753,2,5
1177,Emma Harris,emma.harris.lead1177@example.com,Website,2026-01-17,Interested,0,Plano,Single Family Home,1,1624,5,4
1178,James Smith,james.smith.lead1178@example.com,Instagram,2025-01-23,New,0,San Antonio,Apartment,4,1884,4,0
1179,Emily Anderson,emily.anderson.lead1179@example.com,Google Ads,2026-02-01,Follow-up,0,Arlington,Apartment,1,4192,3,1
1180,Sophia Davis,sophia.davis.lead1180@example.com,Zillow,2025-06-16,Follow-up,0,Arlington,Townhouse,4,2546,1,3
1181,Joseph Anderson,joseph.anderson.lead1181@example.com,Walk-in,2026-03-06,Contacted,0,San Antonio,Townhouse,2,2038,4,5
1182,Ava Brown,ava.brown.lead1182@example.com,Referral,2025-03-10,Follow-up,0,Houston,Villa,4,1658,2,2
1183,Daniel Lewis,daniel.lewis.lead1183@example.com,Referral,2025-11-29,Interested,0,Austin,Townhouse,3,4099,8,4
1184,Ava Smith,ava.smith.lead1184@example.com,Zillow,2026-01-29,Interested,0,Dallas,Single Family Home,3,3252,6,1
1185,Chris Thomas,chris.thomas.lead1185@example.com,Google Ads,2026-05-04,New,0,Arlington,Condo,4,3194,7,3
1186,Daniel Lewis,daniel.lewis.lead1186@example.com,Google Ads,2025-11-26,Follow-up,0,Houston,Townhouse,2,2754,5,0
1187,Emma Clark,emma.clark.lead1187@example.com,Walk-in,2026-04-03,New,0,Fort Worth,Condo,4,2634,7,3
1188,Emily Harris,emily.harris.lead1188@example.com,Google Ads,2025-05-04,Interested,0,Dallas,Townhouse,2,3734,6,2
1189,Chris Jackson,chris.jackson.lead1189@example.com,Website,2026-05-24,Follow-up,0,Houston,Single Family Home,3,1363,6,3
1190,James Davis,james.davis.lead1190@example.com,Google Ads,2026-03-23,Contacted,0,Dallas,Single Family Home,4,3473,7,0
1191,Ava Anderson,ava.anderson.lead1191@example.com,Walk-in,2025-04-24,Lost,0,Arlington,Apartment,3,2855,7,3
1192,Sarah Miller,sarah.miller.lead1192@example.com,Zillow,2025-03-29,New,0,Plano,Townhouse,3,3971,4,4
1193,Ava Johnson,ava.johnson.lead1193@example.com,Zillow,2025-05-16,Site Visit Scheduled,0,Plano,Condo,2,2777,7,2
1194,Daniel Anderson,daniel.anderson.lead1194@example.com,Realtor.com,2026-04-30,Interested,0,Plano,Condo,2,2278,3,2
1195,Daniel Wilson,daniel.wilson.lead1195@example.com,Website,2025-12-08,Converted,1,Dallas,Single Family Home,3,3802,3,0
1196,William Wilson,william.wilson.lead1196@example.com,Instagram,2025-05-27,Follow-up,0,Arlington,Condo,3,3905,8,4
1197,Charlotte Johnson,charlotte.johnson.lead1197@example.com,Realtor.com,2025-06-11,Lost,0,San Antonio,Condo,1,4346,3,3
1198,Emily Smith,emily.smith.lead1198@example.com,Walk-in,2025-11-10,Follow-up,0,Austin,Single Family Home,2,4086,4,1
1199,Mia Johnson,mia.johnson.lead1199@example.com,Referral,2026-02-12,Interested,0,Dallas,Condo,3,2874,3,3
1200,Charlotte Clark,charlotte.clark.lead1200@example.com,Realtor.com,2025-04-19,Contacted,0,San Antonio,Townhouse,1,1471,1,3
1201,Michael Martin,michael.martin.lead1201@example.com,Facebook,2026-04-28,Converted,1,Plano,Townhouse,2,988,5,0
1202,Emma Harris,emma.harris.lead1202@example.com,Website,2026-05-03,Follow-up,0,Fort Worth,Condo,2,2328,3,0
1203,Charlotte Johnson,charlotte.johnson.lead1203@example.com,Walk-in,2025-08-09,New,0,Dallas,Single Family Home,1,3045,2,1
1204,Charlotte Thomas,charlotte.thomas.lead1204@example.com,Facebook,2026-03-19,Site Visit Scheduled,0,Houston,Townhouse,3,1628,1,4
1205,John Brown,john.brown.lead1205@example.com,Referral,2025-12-27,Interested,0,Irving,Apartment,2,3655,4,3
1206,Daniel Johnson,daniel.johnson.lead1206@example.com,Instagram,2025-06-09,Lost,0,Houston,Single Family Home,1,1179,4,3
1207,Mia White,mia.white.lead1207@example.com,Google Ads,2025-01-29,Interested,0,Fort Worth,Villa,1,1236,5,4
1208,Robert Martin,robert.martin.lead1208@example.com,Google Ads,2025-06-07,Interested,0,Irving,Single Family Home,3,3547,3,4
1209,Michael Lewis,michael.lewis.lead1209@example.com,Facebook,2025-10-21,Interested,0,Plano,Single Family Home,3,4429,6,1
1210,Charlotte Lewis,charlotte.lewis.lead1210@example.com,Website,2025-11-29,Interested,0,Houston,Villa,1,2155,2,3
1211,Charlotte Miller,charlotte.miller.lead1211@example.com,Realtor.com,2025-03-18,Interested,0,Fort Worth,Villa,3,2759,0,2
1212,Mia Moore,mia.moore.lead1212@example.com,Walk-in,2025-05-30,Follow-up,0,Austin,Townhouse,2,2638,7,1
1213,Robert Clark,robert.clark.lead1213@example.com,Referral,2025-10-02,Converted,1,Arlington,Villa,4,3313,7,1
1214,Joseph Lewis,joseph.lewis.lead1214@example.com,Referral,2026-01-28,Follow-up,0,Arlington,Apartment,3,1953,0,3
1215,Robert Wilson,robert.wilson.lead1215@example.com,Zillow,2026-01-26,Interested,0,Irving,Villa,3,4447,1,5
1216,James Lewis,james.lewis.lead1216@example.com,Facebook,2025-02-21,Interested,0,Houston,Apartment,3,1204,0,2
1217,David Smith,david.smith.lead1217@example.com,Facebook,2025-03-12,New,0,Arlington,Single Family Home,3,4200,3,5
1218,Sophia Clark,sophia.clark.lead1218@example.com,Referral,2026-03-25,Follow-up,0,Dallas,Townhouse,4,1637,3,2
1219,James Smith,james.smith.lead1219@example.com,Referral,2025-08-03,Contacted,0,Fort Worth,Apartment,1,3285,1,5
1220,James Thomas,james.thomas.lead1220@example.com,Referral,2025-08-19,Follow-up,0,Plano,Villa,4,2520,0,5
1221,Sarah Brown,sarah.brown.lead1221@example.com,Instagram,2025-04-05,Interested,0,Arlington,Townhouse,4,2027,0,3
1222,Sophia Smith,sophia.smith.lead1222@example.com,Google Ads,2026-04-01,Interested,0,Austin,Condo,2,1324,3,4
1223,Charlotte Johnson,charlotte.johnson.lead1223@example.com,Referral,2025-01-06,Converted,1,Fort Worth,Townhouse,2,4346,6,1
1224,David Wilson,david.wilson.lead1224@example.com,Website,2025-09-25,Interested,0,Austin,Apartment,4,3873,1,1
1225,Joseph Harris,joseph.harris.lead1225@example.com,Realtor.com,2026-03-13,Converted,1,Plano,Apartment,2,2005,5,0
1226,Daniel Taylor,daniel.taylor.lead1226@example.com,Instagram,2025-10-11,Interested,0,Plano,Apartment,1,3122,8,5
1227,John Johnson,john.johnson.lead1227@example.com,Google Ads,2025-11-20,New,0,San Antonio,Apartment,1,2288,5,4
1228,Emily Johnson,emily.johnson.lead1228@example.com,Walk-in,2025-07-15,Follow-up,0,Austin,Condo,4,2873,6,3
1229,Sarah Jackson,sarah.jackson.lead1229@example.com,Realtor.com,2025-12-07,Converted,1,San Antonio,Villa,3,2957,7,2
1230,John Anderson,john.anderson.lead1230@example.com,Website,2025-09-25,Contacted,0,Austin,Condo,3,1635,8,3
1231,Emma Lewis,emma.lewis.lead1231@example.com,Facebook,2025-04-19,Contacted,0,Plano,Condo,4,4392,1,0
1232,Ava Davis,ava.davis.lead1232@example.com,Referral,2025-01-22,Contacted,0,Irving,Single Family Home,4,1127,5,2
1233,Charlotte Johnson,charlotte.johnson.lead1233@example.com,Zillow,2026-01-26,Follow-up,0,Austin,Apartment,3,2544,4,5
1234,Ava Brown,ava.brown.lead1234@example.com,Facebook,2025-09-24,Site Visit Scheduled,0,San Antonio,Condo,4,2042,0,4
1235,Amelia Johnson,amelia.johnson.lead1235@example.com,Referral,2025-12-03,New,0,Plano,Villa,4,4373,8,5
1236,Emily Wilson,emily.wilson.lead1236@example.com,Website,2026-03-31,Contacted,0,Irving,Townhouse,2,2988,4,0
1237,Emily Davis,emily.davis.lead1237@example.com,Instagram,2025-01-06,Converted,1,San Antonio,Condo,1,1513,7,5
1238,John Johnson,john.johnson.lead1238@example.com,Google Ads,2025-09-29,New,0,Irving,Condo,3,3090,7,1
1239,Sophia Clark,sophia.clark.lead1239@example.com,Zillow,2025-02-18,Interested,0,Irving,Townhouse,1,2583,7,0
1240,James Johnson,james.johnson.lead1240@example.com,Referral,2025-01-15,Follow-up,0,Dallas,Condo,3,4162,1,5
1241,Amelia Smith,amelia.smith.lead1241@example.com,Facebook,2025-09-14,Converted,1,Dallas,Single Family Home,3,2738,5,2
1242,William Martin,william.martin.lead1242@example.com,Instagram,2026-05-10,Interested,0,Fort Worth,Apartment,4,3068,6,3
1243,Chris Brown,chris.brown.lead1243@example.com,Walk-in,2025-08-27,Site Visit Scheduled,0,Austin,Single Family Home,1,4170,4,1
1244,John Miller,john.miller.lead1244@example.com,Zillow,2025-06-30,New,0,Fort Worth,Single Family Home,4,2384,8,1
1245,Michael Martin,michael.martin.lead1245@example.com,Referral,2025-02-25,Site Visit Scheduled,0,Arlington,Villa,1,2048,5,4
1246,Daniel Thomas,daniel.thomas.lead1246@example.com,Website,2026-02-05,Converted,1,Arlington,Apartment,2,3472,2,2
1247,Robert Miller,robert.miller.lead1247@example.com,Website,2025-04-09,Contacted,0,Dallas,Single Family Home,1,3079,2,2
1248,Charlotte Johnson,charlotte.johnson.lead1248@example.com,Website,2025-06-22,Follow-up,0,Fort Worth,Condo,2,4381,7,0
1249,Sophia White,sophia.white.lead1249@example.com,Zillow,2025-04-19,Contacted,0,Plano,Apartment,4,3435,7,3
1250,David Martin,david.martin.lead1250@example.com,Zillow,2026-02-20,Lost,0,Irving,Single Family Home,4,1521,3,3
1251,Sarah Miller,sarah.miller.lead1251@example.com,Instagram,2026-01-20,Lost,0,Plano,Villa,2,1897,0,4
1252,Chris Wilson,chris.wilson.lead1252@example.com,Website,2025-02-17,Contacted,0,Plano,Condo,3,4476,0,4
1253,William Clark,william.clark.lead1253@example.com,Referral,2026-05-25,Lost,0,Houston,Single Family Home,2,4268,4,0
1254,Sarah Johnson,sarah.johnson.lead1254@example.com,Walk-in,2025-10-27,Follow-up,0,Dallas,Villa,2,2690,0,0
1255,Daniel Martin,daniel.martin.lead1255@example.com,Realtor.com,2025-11-17,Interested,0,Dallas,Apartment,4,1822,0,3
1256,Daniel Taylor,daniel.taylor.lead1256@example.com,Walk-in,2025-01-06,Interested,0,Arlington,Townhouse,4,2427,0,5
1257,James Taylor,james.taylor.lead1257@example.com,Instagram,2025-05-10,Follow-up,0,Dallas,Single Family Home,1,1976,2,3
1258,Emily Anderson,emily.anderson.lead1258@example.com,Website,2025-01-05,Lost,0,Plano,Townhouse,1,1365,1,4
1259,Amelia Jackson,amelia.jackson.lead1259@example.com,Website,2025-08-03,Contacted,0,Arlington,Single Family Home,3,2245,2,3
1260,Ava Smith,ava.smith.lead1260@example.com,Zillow,2026-05-29,Follow-up,0,Irving,Apartment,4,1555,2,2
1261,James Taylor,james.taylor.lead1261@example.com,Zillow,2025-05-24,Contacted,0,Austin,Apartment,3,953,5,0
1262,Emma Moore,emma.moore.lead1262@example.com,Referral,2025-03-24,Contacted,0,Plano,Condo,4,1543,5,0
1263,Mia Davis,mia.davis.lead1263@example.com,Walk-in,2025-05-04,Interested,0,Houston,Apartment,1,4444,5,5
1264,David Thomas,david.thomas.lead1264@example.com,Instagram,2025-01-04,New,0,Fort Worth,Townhouse,1,1420,4,5
1265,Mia Brown,mia.brown.lead1265@example.com,Google Ads,2025-08-06,Interested,0,Plano,Villa,4,2652,6,5
1266,Chris Harris,chris.harris.lead1266@example.com,Google Ads,2026-04-22,Contacted,0,San Antonio,Apartment,2,2735,5,1
1267,Michael Johnson,michael.johnson.lead1267@example.com,Realtor.com,2025-07-23,Contacted,0,Irving,Apartment,4,1109,1,1
1268,Ava Davis,ava.davis.lead1268@example.com,Referral,2025-11-01,Contacted,0,Houston,Villa,3,2854,8,0
1269,Sophia Martin,sophia.martin.lead1269@example.com,Realtor.com,2025-07-14,Contacted,0,Irving,Townhouse,2,3269,6,2
1270,Michael Brown,michael.brown.lead1270@example.com,Zillow,2025-10-14,Lost,0,San Antonio,Condo,1,3927,5,0
1271,Amelia Jackson,amelia.jackson.lead1271@example.com,Referral,2025-08-27,Follow-up,0,Fort Worth,Single Family Home,4,2102,8,4
1272,Charlotte Martin,charlotte.martin.lead1272@example.com,Facebook,2025-02-17,Lost,0,Houston,Villa,1,1882,4,1
1273,Michael Taylor,michael.taylor.lead1273@example.com,Referral,2025-09-03,Follow-up,0,Houston,Single Family Home,4,3732,0,1
1274,James Smith,james.smith.lead1274@example.com,Website,2025-01-06,New,0,Austin,Townhouse,2,2930,8,3
1275,Robert Martin,robert.martin.lead1275@example.com,Facebook,2026-05-27,New,0,San Antonio,Condo,1,2814,2,3
1276,James Lewis,james.lewis.lead1276@example.com,Zillow,2025-01-30,Contacted,0,Irving,Villa,4,2647,3,4
1277,Sarah Miller,sarah.miller.lead1277@example.com,Instagram,2025-02-14,Converted,1,Houston,Apartment,1,1677,8,1
1278,Ava Clark,ava.clark.lead1278@example.com,Zillow,2026-04-23,Interested,0,Arlington,Apartment,4,1106,2,0
1279,John Martin,john.martin.lead1279@example.com,Referral,2025-06-28,Follow-up,0,Houston,Condo,4,2553,0,0
1280,Robert Harris,robert.harris.lead1280@example.com,Website,2026-05-14,Converted,1,Fort Worth,Townhouse,2,4484,5,1
1281,Amelia Anderson,amelia.anderson.lead1281@example.com,Realtor.com,2025-01-24,Follow-up,0,Irving,Single Family Home,1,2221,7,4
1282,Chris Wilson,chris.wilson.lead1282@example.com,Instagram,2026-04-13,Interested,0,San Antonio,Apartment,2,1313,1,0
1283,Amelia Johnson,amelia.johnson.lead1283@example.com,Zillow,2025-01-05,Follow-up,0,Houston,Townhouse,3,1982,8,3
1284,Amelia Johnson,amelia.johnson.lead1284@example.com,Realtor.com,2025-09-19,Contacted,0,San Antonio,Townhouse,4,3087,7,5
1285,Chris Harris,chris.harris.lead1285@example.com,Website,2025-03-13,New,0,Dallas,Condo,4,1648,6,2
1286,Sarah Jackson,sarah.jackson.lead1286@example.com,Website,2025-08-16,Interested,0,Arlington,Single Family Home,4,3502,8,0
1287,Michael Clark,michael.clark.lead1287@example.com,Instagram,2025-09-04,Site Visit Scheduled,0,Austin,Apartment,2,3531,6,5
1288,Joseph Lewis,joseph.lewis.lead1288@example.com,Zillow,2025-03-24,Lost,0,Dallas,Townhouse,4,2076,8,5
1289,Emma Taylor,emma.taylor.lead1289@example.com,Facebook,2025-10-18,Interested,0,Arlington,Apartment,4,1720,5,3
1290,Chris Anderson,chris.anderson.lead1290@example.com,Google Ads,2025-09-16,Interested,0,Arlington,Villa,1,3333,7,4
1291,Olivia Clark,olivia.clark.lead1291@example.com,Instagram,2025-12-27,Site Visit Scheduled,0,Houston,Condo,4,3858,2,0
1292,Joseph Thomas,joseph.thomas.lead1292@example.com,Walk-in,2026-02-15,Follow-up,0,Dallas,Apartment,1,2704,5,3
1293,William Thomas,william.thomas.lead1293@example.com,Zillow,2026-05-13,New,0,Irving,Condo,3,2481,2,2
1294,James Thomas,james.thomas.lead1294@example.com,Realtor.com,2026-03-09,Contacted,0,Austin,Condo,2,1977,2,4
1295,Sarah Clark,sarah.clark.lead1295@example.com,Instagram,2026-03-07,Lost,0,Austin,Single Family Home,3,1454,0,3
1296,John Davis,john.davis.lead1296@example.com,Facebook,2025-08-22,Contacted,0,Plano,Condo,2,4068,8,3
1297,Amelia Moore,amelia.moore.lead1297@example.com,Realtor.com,2025-07-27,New,0,Houston,Villa,2,3423,5,5
1298,Daniel Martin,daniel.martin.lead1298@example.com,Referral,2026-03-18,Interested,0,Irving,Apartment,2,1664,5,3
1299,Mia Lewis,mia.lewis.lead1299@example.com,Google Ads,2025-11-16,Follow-up,0,San Antonio,Condo,1,3527,4,4
1300,Olivia Martin,olivia.martin.lead1300@example.com,Website,2026-01-10,Contacted,0,Austin,Condo,1,2870,0,5
1301,David Miller,david.miller.lead1301@example.com,Website,2026-02-04,Converted,1,Irving,Single Family Home,4,2589,1,2
1302,Sarah Brown,sarah.brown.lead1302@example.com,Realtor.com,2026-03-17,Interested,0,Dallas,Townhouse,3,1092,4,2
1303,Ava Taylor,ava.taylor.lead1303@example.com,Realtor.com,2025-10-03,New,0,Dallas,Villa,4,1123,4,5
1304,Olivia Smith,olivia.smith.lead1304@example.com,Zillow,2025-05-14,Site Visit Scheduled,0,Plano,Single Family Home,4,1640,3,0
1305,Charlotte Moore,charlotte.moore.lead1305@example.com,Zillow,2026-02-11,Follow-up,0,Austin,Condo,1,1346,0,5
1306,William Johnson,william.johnson.lead1306@example.com,Instagram,2025-05-01,Converted,1,Irving,Apartment,2,3976,4,0
1307,Chris White,chris.white.lead1307@example.com,Facebook,2025-06-30,Follow-up,0,Dallas,Condo,4,991,4,1
1308,Ava Thomas,ava.thomas.lead1308@example.com,Zillow,2026-03-18,New,0,Irving,Apartment,3,2286,3,2
1309,Charlotte Lewis,charlotte.lewis.lead1309@example.com,Website,2026-02-26,New,0,San Antonio,Villa,3,1225,5,1
1310,Amelia Lewis,amelia.lewis.lead1310@example.com,Zillow,2026-05-21,Interested,0,Plano,Single Family Home,2,2371,0,2
1311,David White,david.white.lead1311@example.com,Google Ads,2025-06-18,Lost,0,Plano,Apartment,1,1570,6,2
1312,Sophia Smith,sophia.smith.lead1312@example.com,Instagram,2025-05-18,Lost,0,Houston,Condo,3,3468,4,5
1313,Ava Taylor,ava.taylor.lead1313@example.com,Walk-in,2025-05-29,Interested,0,Houston,Townhouse,4,4077,8,3
1314,Charlotte Thomas,charlotte.thomas.lead1314@example.com,Instagram,2026-04-29,Lost,0,Dallas,Villa,3,2108,6,5
1315,Daniel Lewis,daniel.lewis.lead1315@example.com,Walk-in,2025-08-05,Converted,1,Austin,Apartment,1,4123,6,3
1316,David Smith,david.smith.lead1316@example.com,Walk-in,2025-10-26,Interested,0,Dallas,Villa,2,3343,3,0
1317,Robert Anderson,robert.anderson.lead1317@example.com,Realtor.com,2025-05-10,New,0,Austin,Townhouse,3,1396,7,0
1318,Olivia Thomas,olivia.thomas.lead1318@example.com,Instagram,2026-01-08,Contacted,0,Fort Worth,Single Family Home,1,907,5,4
1319,Daniel Taylor,daniel.taylor.lead1319@example.com,Zillow,2026-01-23,Lost,0,San Antonio,Apartment,2,3679,3,2
1320,Michael Anderson,michael.anderson.lead1320@example.com,Website,2026-04-24,Interested,0,San Antonio,Single Family Home,1,1128,6,5
1321,Michael Brown,michael.brown.lead1321@example.com,Google Ads,2025-10-27,Contacted,0,Houston,Townhouse,4,3320,8,5
1322,Daniel Jackson,daniel.jackson.lead1322@example.com,Facebook,2025-05-07,Follow-up,0,Dallas,Single Family Home,2,3940,1,5
1323,Emma Brown,emma.brown.lead1323@example.com,Referral,2025-06-05,Contacted,0,Austin,Single Family Home,1,2511,5,2
1324,Daniel Lewis,daniel.lewis.lead1324@example.com,Website,2026-04-12,Follow-up,0,Houston,Condo,1,4042,5,0
1325,William Smith,william.smith.lead1325@example.com,Facebook,2026-02-16,Interested,0,Plano,Condo,2,3543,2,3
1326,Robert Wilson,robert.wilson.lead1326@example.com,Facebook,2025-07-27,Interested,0,San Antonio,Condo,3,3823,7,1
1327,John Lewis,john.lewis.lead1327@example.com,Instagram,2025-02-11,Interested,0,Dallas,Single Family Home,2,1945,7,4
1328,Joseph Lewis,joseph.lewis.lead1328@example.com,Realtor.com,2025-07-15,Contacted,0,Arlington,Villa,4,3617,1,4
1329,Ava White,ava.white.lead1329@example.com,Zillow,2025-08-18,New,0,San Antonio,Condo,2,1996,8,1
1330,Robert Miller,robert.miller.lead1330@example.com,Referral,2025-12-27,Follow-up,0,Dallas,Townhouse,3,1312,2,3
1331,Ava Clark,ava.clark.lead1331@example.com,Google Ads,2025-12-06,Contacted,0,Arlington,Villa,2,1304,1,5
1332,William Taylor,william.taylor.lead1332@example.com,Instagram,2025-11-02,Interested,0,Fort Worth,Townhouse,4,4148,1,4
1333,Emily Davis,emily.davis.lead1333@example.com,Facebook,2025-02-21,Contacted,0,Arlington,Apartment,1,2454,0,0
1334,Olivia Lewis,olivia.lewis.lead1334@example.com,Instagram,2026-01-01,Interested,0,Irving,Apartment,1,2160,5,0
1335,Chris Jackson,chris.jackson.lead1335@example.com,Realtor.com,2025-02-24,Converted,1,Houston,Villa,1,3000,0,2
1336,Michael Lewis,michael.lewis.lead1336@example.com,Facebook,2026-04-24,Contacted,0,Irving,Condo,3,3349,6,1
1337,Olivia Harris,olivia.harris.lead1337@example.com,Zillow,2025-03-20,Contacted,0,Arlington,Villa,3,2199,3,4
1338,Charlotte Miller,charlotte.miller.lead1338@example.com,Referral,2025-07-17,Contacted,0,Dallas,Townhouse,3,2720,4,5
1339,Daniel Davis,daniel.davis.lead1339@example.com,Facebook,2026-01-29,Contacted,0,Irving,Townhouse,2,3602,8,2
1340,John Miller,john.miller.lead1340@example.com,Zillow,2025-03-18,Lost,0,Arlington,Condo,2,2729,6,4
1341,James Smith,james.smith.lead1341@example.com,Facebook,2025-04-23,Contacted,0,Arlington,Townhouse,1,1140,1,0
1342,Michael Brown,michael.brown.lead1342@example.com,Instagram,2025-01-20,New,0,Irving,Townhouse,1,2755,4,2
1343,Mia Martin,mia.martin.lead1343@example.com,Instagram,2026-02-17,Interested,0,Irving,Condo,1,1216,1,5
1344,James Johnson,james.johnson.lead1344@example.com,Referral,2025-01-02,Contacted,0,San Antonio,Apartment,2,1860,6,5
1345,Mia Jackson,mia.jackson.lead1345@example.com,Zillow,2026-04-18,Interested,0,Arlington,Condo,4,2450,5,5
1346,William Moore,william.moore.lead1346@example.com,Walk-in,2026-05-07,Interested,0,Austin,Apartment,1,3308,5,0
1347,Emily Jackson,emily.jackson.lead1347@example.com,Google Ads,2025-06-05,Site Visit Scheduled,0,Dallas,Villa,1,4145,4,3
1348,Olivia Davis,olivia.davis.lead1348@example.com,Realtor.com,2025-01-24,Follow-up,0,San Antonio,Apartment,4,3779,5,1
1349,William Taylor,william.taylor.lead1349@example.com,Facebook,2025-10-31,Contacted,0,Dallas,Single Family Home,1,2218,7,5
1350,Joseph Brown,joseph.brown.lead1350@example.com,Realtor.com,2025-03-05,Interested,0,Irving,Apartment,3,1510,0,3
1351,Emma Johnson,emma.johnson.lead1351@example.com,Google Ads,2025-02-25,New,0,Irving,Condo,4,2530,0,2
1352,Sarah Anderson,sarah.anderson.lead1352@example.com,Instagram,2026-04-26,Follow-up,0,Fort Worth,Single Family Home,4,1389,3,0
1353,Ava Martin,ava.martin.lead1353@example.com,Website,2026-02-01,Interested,0,Arlington,Single Family Home,4,1032,4,4
1354,Emily Brown,emily.brown.lead1354@example.com,Website,2025-08-13,Interested,0,Austin,Single Family Home,4,1512,8,4
1355,Ava Lewis,ava.lewis.lead1355@example.com,Walk-in,2025-06-06,Interested,0,Arlington,Villa,4,4379,5,4
1356,Robert Harris,robert.harris.lead1356@example.com,Facebook,2025-09-17,Follow-up,0,Irving,Villa,1,1624,0,4
1357,William Brown,william.brown.lead1357@example.com,Zillow,2025-12-07,Follow-up,0,Plano,Apartment,1,1954,3,1
1358,Robert Clark,robert.clark.lead1358@example.com,Zillow,2025-03-09,Interested,0,Austin,Condo,4,3877,8,0
1359,Daniel Smith,daniel.smith.lead1359@example.com,Realtor.com,2025-10-28,Contacted,0,Austin,Townhouse,1,3090,3,3
1360,David Martin,david.martin.lead1360@example.com,Google Ads,2025-06-21,Interested,0,Plano,Apartment,3,1129,6,5
1361,Sophia Lewis,sophia.lewis.lead1361@example.com,Zillow,2025-03-06,Contacted,0,Fort Worth,Apartment,1,4161,3,3
1362,John Smith,john.smith.lead1362@example.com,Realtor.com,2025-11-08,Interested,0,San Antonio,Townhouse,3,2702,4,0
1363,Mia Brown,mia.brown.lead1363@example.com,Walk-in,2025-08-17,Interested,0,Plano,Villa,4,1302,8,4
1364,David Brown,david.brown.lead1364@example.com,Website,2025-02-25,Site Visit Scheduled,0,Austin,Single Family Home,4,2677,0,5
1365,Emily Brown,emily.brown.lead1365@example.com,Realtor.com,2026-03-16,Converted,1,San Antonio,Condo,1,2162,1,3
1366,William Miller,william.miller.lead1366@example.com,Instagram,2026-02-24,Lost,0,San Antonio,Apartment,1,1568,5,5
1367,Joseph White,joseph.white.lead1367@example.com,Walk-in,2025-01-12,Lost,0,Austin,Single Family Home,4,2047,7,5
1368,James Lewis,james.lewis.lead1368@example.com,Google Ads,2025-02-04,Lost,0,Austin,Apartment,2,2066,1,2
1369,David Martin,david.martin.lead1369@example.com,Facebook,2026-03-22,Contacted,0,Fort Worth,Villa,3,2732,4,5
1370,William Martin,william.martin.lead1370@example.com,Zillow,2025-10-04,Lost,0,San Antonio,Single Family Home,2,3543,2,2
1371,David Johnson,david.johnson.lead1371@example.com,Google Ads,2026-02-18,New,0,Fort Worth,Villa,3,941,2,1
1372,William Lewis,william.lewis.lead1372@example.com,Facebook,2025-11-10,Follow-up,0,Arlington,Condo,2,1124,3,4
1373,Mia White,mia.white.lead1373@example.com,Facebook,2025-09-20,Interested,0,San Antonio,Apartment,2,1713,8,5
1374,John Davis,john.davis.lead1374@example.com,Instagram,2025-12-14,Interested,0,Fort Worth,Condo,3,2183,1,5
1375,Mia Davis,mia.davis.lead1375@example.com,Zillow,2026-01-07,Follow-up,0,Houston,Villa,2,3450,3,3
1376,Mia Smith,mia.smith.lead1376@example.com,Instagram,2025-05-01,Follow-up,0,Houston,Townhouse,2,3397,5,1
1377,Sophia Miller,sophia.miller.lead1377@example.com,Referral,2025-05-29,Contacted,0,San Antonio,Villa,3,1861,7,4
1378,Emily Jackson,emily.jackson.lead1378@example.com,Google Ads,2026-05-18,Follow-up,0,Irving,Villa,3,1579,0,0
1379,Emily Anderson,emily.anderson.lead1379@example.com,Walk-in,2025-02-15,Contacted,0,Plano,Single Family Home,2,4059,4,0
1380,Charlotte Wilson,charlotte.wilson.lead1380@example.com,Instagram,2025-12-22,Contacted,0,Irving,Villa,2,1666,7,0
1381,Emily Wilson,emily.wilson.lead1381@example.com,Google Ads,2026-04-20,Follow-up,0,Plano,Condo,1,4459,8,0
1382,Mia White,mia.white.lead1382@example.com,Facebook,2026-03-05,Interested,0,Austin,Villa,1,4285,6,3
1383,Mia Smith,mia.smith.lead1383@example.com,Instagram,2025-05-19,Contacted,0,Fort Worth,Apartment,2,1245,4,0
1384,Ava Clark,ava.clark.lead1384@example.com,Google Ads,2026-03-08,Site Visit Scheduled,0,Arlington,Condo,1,2282,3,3
1385,Amelia Lewis,amelia.lewis.lead1385@example.com,Google Ads,2025-12-07,New,0,Dallas,Single Family Home,2,3050,8,4
1386,Amelia Brown,amelia.brown.lead1386@example.com,Realtor.com,2025-08-17,New,0,Austin,Townhouse,4,3785,5,1
1387,Charlotte Harris,charlotte.harris.lead1387@example.com,Facebook,2025-04-27,Contacted,0,San Antonio,Townhouse,4,4203,2,1
1388,Chris Smith,chris.smith.lead1388@example.com,Walk-in,2026-02-22,Contacted,0,Houston,Townhouse,2,4115,6,0
1389,Michael Johnson,michael.johnson.lead1389@example.com,Website,2026-01-21,Follow-up,0,Arlington,Condo,2,1207,4,2
1390,David Johnson,david.johnson.lead1390@example.com,Facebook,2025-07-24,Converted,1,Irving,Single Family Home,2,3595,1,3
1391,Chris Harris,chris.harris.lead1391@example.com,Zillow,2026-05-12,Interested,0,Dallas,Condo,1,2153,0,1
1392,Emily Moore,emily.moore.lead1392@example.com,Realtor.com,2025-12-08,Contacted,0,Dallas,Villa,3,2375,0,5
1393,Robert Thomas,robert.thomas.lead1393@example.com,Website,2025-06-22,Contacted,0,Fort Worth,Single Family Home,4,1474,0,4
1394,David Brown,david.brown.lead1394@example.com,Google Ads,2025-06-28,New,0,Dallas,Condo,1,2785,3,3
1395,Joseph Smith,joseph.smith.lead1395@example.com,Walk-in,2025-10-21,Interested,0,Plano,Townhouse,2,3187,7,1
1396,Emma Moore,emma.moore.lead1396@example.com,Instagram,2026-05-22,Converted,1,Austin,Condo,2,2667,8,1
1397,David Brown,david.brown.lead1397@example.com,Google Ads,2025-11-01,Contacted,0,Dallas,Apartment,4,4181,7,2
1398,Robert Anderson,robert.anderson.lead1398@example.com,Referral,2025-02-03,Follow-up,0,Austin,Single Family Home,4,1380,4,3
1399,Olivia Brown,olivia.brown.lead1399@example.com,Zillow,2026-01-31,New,0,Houston,Single Family Home,4,1329,4,3
1400,John Moore,john.moore.lead1400@example.com,Facebook,2025-04-20,Interested,0,Dallas,Apartment,4,1437,8,0
1401,William Smith,william.smith.lead1401@example.com,Instagram,2025-05-24,Interested,0,San Antonio,Townhouse,1,1627,1,4
1402,James Wilson,james.wilson.lead1402@example.com,Referral,2025-09-25,Contacted,0,Dallas,Condo,3,2597,2,3
1403,Olivia Harris,olivia.harris.lead1403@example.com,Website,2025-04-16,Converted,1,Fort Worth,Single Family Home,3,3166,3,0
1404,Sarah Smith,sarah.smith.lead1404@example.com,Zillow,2025-07-05,Interested,0,Fort Worth,Apartment,2,2782,6,5
1405,Olivia Miller,olivia.miller.lead1405@example.com,Google Ads,2025-03-18,Interested,0,Houston,Condo,1,3125,2,0
1406,Amelia Brown,amelia.brown.lead1406@example.com,Realtor.com,2025-10-11,New,0,San Antonio,Single Family Home,4,920,1,5
1407,Sophia Harris,sophia.harris.lead1407@example.com,Facebook,2026-05-18,Follow-up,0,Dallas,Apartment,3,2806,5,0
1408,Amelia Smith,amelia.smith.lead1408@example.com,Zillow,2025-07-29,Converted,1,Irving,Villa,2,3913,3,2
1409,John Davis,john.davis.lead1409@example.com,Zillow,2025-05-16,Contacted,0,Irving,Apartment,1,3809,4,4
1410,Daniel Harris,daniel.harris.lead1410@example.com,Referral,2026-01-07,Contacted,0,Fort Worth,Townhouse,1,2887,3,1
1411,Chris Smith,chris.smith.lead1411@example.com,Walk-in,2025-06-03,Contacted,0,Irving,Apartment,4,2715,4,0
1412,Michael Jackson,michael.jackson.lead1412@example.com,Website,2025-08-31,Contacted,0,Irving,Villa,4,2599,3,5
1413,Joseph White,joseph.white.lead1413@example.com,Zillow,2025-04-14,Contacted,0,Arlington,Single Family Home,1,2038,0,0
1414,Amelia Thomas,amelia.thomas.lead1414@example.com,Instagram,2026-01-22,New,0,Fort Worth,Townhouse,1,2505,1,5
1415,Ava Martin,ava.martin.lead1415@example.com,Zillow,2026-02-05,New,0,Houston,Apartment,1,3555,3,4
1416,Daniel White,daniel.white.lead1416@example.com,Realtor.com,2025-10-25,Interested,0,Plano,Townhouse,2,2992,0,0
1417,Joseph Davis,joseph.davis.lead1417@example.com,Referral,2025-01-03,Contacted,0,Dallas,Condo,3,1475,1,4
1418,Joseph Smith,joseph.smith.lead1418@example.com,Instagram,2025-04-25,New,0,Irving,Townhouse,1,3947,7,2
1419,Emma Wilson,emma.wilson.lead1419@example.com,Zillow,2026-04-30,Converted,1,Irving,Apartment,3,4237,6,0
1420,Robert Wilson,robert.wilson.lead1420@example.com,Google Ads,2025-10-18,Interested,0,Austin,Single Family Home,4,3659,5,3
1421,Amelia Lewis,amelia.lewis.lead1421@example.com,Walk-in,2025-01-04,New,0,Austin,Single Family Home,4,941,1,0
1422,Sophia Harris,sophia.harris.lead1422@example.com,Walk-in,2026-01-21,Contacted,0,Plano,Apartment,3,1831,4,1
1423,Charlotte Davis,charlotte.davis.lead1423@example.com,Walk-in,2025-03-07,Contacted,0,Arlington,Townhouse,3,2110,5,0
1424,Amelia Johnson,amelia.johnson.lead1424@example.com,Realtor.com,2025-01-19,Interested,0,Dallas,Single Family Home,3,1494,4,3
1425,Michael Jackson,michael.jackson.lead1425@example.com,Facebook,2026-04-05,New,0,Irving,Single Family Home,3,1941,3,3
1426,David Johnson,david.johnson.lead1426@example.com,Walk-in,2025-06-13,Follow-up,0,Dallas,Townhouse,1,3216,8,0
1427,Daniel Martin,daniel.martin.lead1427@example.com,Realtor.com,2025-07-22,New,0,San Antonio,Apartment,4,2710,4,0
1428,Charlotte Johnson,charlotte.johnson.lead1428@example.com,Facebook,2026-01-07,New,0,Irving,Townhouse,3,952,3,5
1429,David Moore,david.moore.lead1429@example.com,Facebook,2026-03-08,New,0,San Antonio,Villa,1,3943,5,2
1430,David Lewis,david.lewis.lead1430@example.com,Realtor.com,2025-04-09,Interested,0,Plano,Villa,4,1989,0,2
1431,Amelia Anderson,amelia.anderson.lead1431@example.com,Google Ads,2025-07-12,New,0,Austin,Villa,4,3167,1,0
1432,Amelia Wilson,amelia.wilson.lead1432@example.com,Realtor.com,2025-12-29,Interested,0,Irving,Apartment,2,3569,0,3
1433,Ava Harris,ava.harris.lead1433@example.com,Realtor.com,2026-05-07,Follow-up,0,San Antonio,Townhouse,4,3852,8,2
1434,Robert Wilson,robert.wilson.lead1434@example.com,Website,2025-12-28,Follow-up,0,Plano,Apartment,3,1095,3,4
1435,Chris White,chris.white.lead1435@example.com,Realtor.com,2025-06-24,Converted,1,Arlington,Apartment,1,963,2,4
1436,Mia Jackson,mia.jackson.lead1436@example.com,Zillow,2025-06-06,Contacted,0,Fort Worth,Townhouse,2,1927,0,1
1437,Olivia Martin,olivia.martin.lead1437@example.com,Website,2025-05-06,Interested,0,Plano,Townhouse,2,4311,8,1
1438,Sarah Jackson,sarah.jackson.lead1438@example.com,Google Ads,2026-05-16,Lost,0,Houston,Apartment,2,961,0,1
1439,Amelia Thomas,amelia.thomas.lead1439@example.com,Instagram,2026-05-02,Interested,0,Dallas,Condo,2,1328,1,4
1440,Emma Smith,emma.smith.lead1440@example.com,Instagram,2025-04-14,Converted,1,Plano,Apartment,3,952,7,2
1441,Ava White,ava.white.lead1441@example.com,Walk-in,2025-04-30,Converted,1,San Antonio,Villa,4,1000,6,3
1442,Michael Thomas,michael.thomas.lead1442@example.com,Zillow,2025-11-22,Site Visit Scheduled,0,Houston,Condo,4,1376,6,4
1443,James Clark,james.clark.lead1443@example.com,Google Ads,2026-02-23,Contacted,0,Austin,Villa,4,3206,3,1
1444,Daniel Taylor,daniel.taylor.lead1444@example.com,Website,2025-03-22,New,0,Arlington,Townhouse,4,3996,6,2
1445,Emma Anderson,emma.anderson.lead1445@example.com,Website,2025-07-15,Contacted,0,Fort Worth,Condo,4,3706,8,5
1446,Sophia Miller,sophia.miller.lead1446@example.com,Realtor.com,2025-03-29,Site Visit Scheduled,0,Arlington,Apartment,3,2475,1,4
1447,Emma Lewis,emma.lewis.lead1447@example.com,Google Ads,2025-07-10,Interested,0,Dallas,Condo,2,1555,7,2
1448,Michael Clark,michael.clark.lead1448@example.com,Referral,2025-08-12,New,0,Houston,Single Family Home,3,3087,3,2
1449,David Moore,david.moore.lead1449@example.com,Realtor.com,2025-05-03,Interested,0,Plano,Single Family Home,2,4420,6,0
1450,David Davis,david.davis.lead1450@example.com,Website,2025-06-24,Follow-up,0,San Antonio,Condo,2,2789,4,3
1451,Amelia Lewis,amelia.lewis.lead1451@example.com,Walk-in,2025-05-04,Contacted,0,Houston,Townhouse,3,3902,6,2
1452,William Moore,william.moore.lead1452@example.com,Zillow,2026-02-10,New,0,Fort Worth,Single Family Home,2,3570,6,3
1453,Sophia Lewis,sophia.lewis.lead1453@example.com,Google Ads,2025-10-02,Follow-up,0,Dallas,Single Family Home,2,956,0,0
1454,Ava White,ava.white.lead1454@example.com,Realtor.com,2025-04-17,Interested,0,Arlington,Townhouse,4,2977,0,4
1455,Joseph Johnson,joseph.johnson.lead1455@example.com,Facebook,2025-02-08,Follow-up,0,San Antonio,Townhouse,3,1180,6,5
1456,Olivia Wilson,olivia.wilson.lead1456@example.com,Realtor.com,2025-09-26,Follow-up,0,Irving,Apartment,4,1168,3,3
1457,Michael Brown,michael.brown.lead1457@example.com,Referral,2025-04-06,Contacted,0,San Antonio,Villa,4,3210,2,1
1458,Michael Smith,michael.smith.lead1458@example.com,Website,2025-08-23,New,0,San Antonio,Single Family Home,2,2290,4,4
1459,Emma Brown,emma.brown.lead1459@example.com,Facebook,2025-09-19,Follow-up,0,Irving,Condo,2,2072,8,5
1460,Emily Davis,emily.davis.lead1460@example.com,Facebook,2026-05-02,Contacted,0,Houston,Villa,4,4495,8,0
1461,Amelia Brown,amelia.brown.lead1461@example.com,Zillow,2025-07-09,Converted,1,Plano,Single Family Home,2,2314,0,1
1462,David Moore,david.moore.lead1462@example.com,Google Ads,2025-02-22,New,0,Irving,Villa,3,2893,1,5
1463,Charlotte Clark,charlotte.clark.lead1463@example.com,Walk-in,2026-05-20,New,0,Irving,Single Family Home,1,954,7,1
1464,Emily Anderson,emily.anderson.lead1464@example.com,Google Ads,2025-02-01,Contacted,0,Fort Worth,Single Family Home,1,915,6,3
1465,Amelia Brown,amelia.brown.lead1465@example.com,Instagram,2025-09-07,Follow-up,0,Austin,Single Family Home,2,3075,8,2
1466,Sophia Johnson,sophia.johnson.lead1466@example.com,Referral,2026-04-04,Contacted,0,Austin,Townhouse,4,4147,5,1
1467,James Taylor,james.taylor.lead1467@example.com,Google Ads,2025-06-02,Follow-up,0,Irving,Villa,1,3316,7,1
1468,Ava Martin,ava.martin.lead1468@example.com,Realtor.com,2025-12-15,Interested,0,Fort Worth,Villa,2,4421,0,5
1469,Robert Lewis,robert.lewis.lead1469@example.com,Realtor.com,2025-10-14,Interested,0,Dallas,Condo,1,1164,1,2
1470,David Miller,david.miller.lead1470@example.com,Facebook,2025-04-18,Contacted,0,Dallas,Apartment,2,1945,6,1
1471,Ava Clark,ava.clark.lead1471@example.com,Google Ads,2025-07-10,Contacted,0,San Antonio,Condo,4,2963,1,3
1472,Sophia Miller,sophia.miller.lead1472@example.com,Realtor.com,2025-01-26,Lost,0,Arlington,Villa,3,2780,1,5
1473,Sophia Martin,sophia.martin.lead1473@example.com,Walk-in,2026-05-01,Contacted,0,Dallas,Apartment,4,2647,8,2
1474,Sophia Martin,sophia.martin.lead1474@example.com,Instagram,2025-09-10,Contacted,0,Irving,Townhouse,4,3801,1,4
1475,Daniel White,daniel.white.lead1475@example.com,Instagram,2026-05-09,Follow-up,0,Houston,Single Family Home,3,2303,2,5
1476,Daniel Jackson,daniel.jackson.lead1476@example.com,Instagram,2025-07-16,New,0,Houston,Townhouse,3,2595,8,4
1477,Olivia Moore,olivia.moore.lead1477@example.com,Walk-in,2025-10-03,Contacted,0,Irving,Townhouse,1,1053,2,2
1478,Robert Lewis,robert.lewis.lead1478@example.com,Facebook,2026-05-06,New,0,Dallas,Single Family Home,3,1536,8,4
1479,David Harris,david.harris.lead1479@example.com,Instagram,2025-08-28,New,0,Fort Worth,Condo,2,3862,2,4
1480,Ava Smith,ava.smith.lead1480@example.com,Walk-in,2025-02-01,Site Visit Scheduled,0,Houston,Villa,4,4316,4,0
1481,Olivia Martin,olivia.martin.lead1481@example.com,Zillow,2025-11-23,Interested,0,Dallas,Apartment,1,2999,8,3
1482,Emma Clark,emma.clark.lead1482@example.com,Google Ads,2026-05-30,Follow-up,0,Dallas,Single Family Home,2,4449,1,1
1483,Chris Thomas,chris.thomas.lead1483@example.com,Walk-in,2026-01-11,Interested,0,Dallas,Villa,3,1581,0,0
1484,Robert White,robert.white.lead1484@example.com,Walk-in,2026-05-02,Contacted,0,Arlington,Single Family Home,4,2392,3,5
1485,Chris Brown,chris.brown.lead1485@example.com,Website,2026-05-23,Converted,1,Dallas,Townhouse,4,3707,0,2
1486,James Lewis,james.lewis.lead1486@example.com,Referral,2025-10-18,Interested,0,Houston,Apartment,4,3043,0,0
1487,Emily Harris,emily.harris.lead1487@example.com,Zillow,2025-03-10,Converted,1,Fort Worth,Villa,1,2571,7,3
1488,Robert Smith,robert.smith.lead1488@example.com,Realtor.com,2026-01-19,Contacted,0,Austin,Single Family Home,4,2101,1,4
1489,David Thomas,david.thomas.lead1489@example.com,Instagram,2026-02-01,Site Visit Scheduled,0,Houston,Townhouse,4,1842,5,2
1490,Daniel Harris,daniel.harris.lead1490@example.com,Facebook,2025-10-02,Follow-up,0,Dallas,Condo,1,2474,5,1
1491,Sophia Wilson,sophia.wilson.lead1491@example.com,Realtor.com,2026-03-22,Interested,0,San Antonio,Condo,1,3390,8,5
1492,Emma Clark,emma.clark.lead1492@example.com,Referral,2025-10-23,Follow-up,0,Plano,Townhouse,1,3019,3,3
1493,Sophia Thomas,sophia.thomas.lead1493@example.com,Realtor.com,2025-05-22,Contacted,0,Arlington,Apartment,2,1965,7,4
1494,Sarah Wilson,sarah.wilson.lead1494@example.com,Website,2025-08-02,Site Visit Scheduled,0,Austin,Single Family Home,3,3582,4,1
1495,David Wilson,david.wilson.lead1495@example.com,Zillow,2025-11-28,Contacted,0,Fort Worth,Condo,1,4140,0,3
1496,Olivia Jackson,olivia.jackson.lead1496@example.com,Facebook,2026-05-12,Site Visit Scheduled,0,Irving,Villa,1,2486,6,5
1497,Michael Martin,michael.martin.lead1497@example.com,Instagram,2025-07-22,Converted,1,Plano,Apartment,3,2729,1,0
1498,Ava Davis,ava.davis.lead1498@example.com,Realtor.com,2026-05-10,Follow-up,0,Houston,Condo,3,2534,3,5
1499,Chris Miller,chris.miller.lead1499@example.com,Google Ads,2026-05-06,Interested,0,San Antonio,Condo,1,4464,6,3
1500,James Jackson,james.jackson.lead1500@example.com,Website,2025-05-16,Lost,0,Arlington,Single Family Home,3,3286,5,2
1501,John Wilson,john.wilson.lead1501@example.com,Realtor.com,2025-05-22,Contacted,0,San Antonio,Single Family Home,4,2121,6,4
1502,Daniel Davis,daniel.davis.lead1502@example.com,Walk-in,2026-05-14,Follow-up,0,Houston,Single Family Home,4,3665,8,4
1503,Robert Smith,robert.smith.lead1503@example.com,Walk-in,2025-03-22,Follow-up,0,Arlington,Apartment,2,3022,5,4
1504,Sarah Thomas,sarah.thomas.lead1504@example.com,Walk-in,2025-10-26,Contacted,0,Dallas,Condo,3,3713,2,3
1505,Sarah Clark,sarah.clark.lead1505@example.com,Facebook,2025-12-18,Contacted,0,Austin,Condo,4,2383,1,0
1506,James Anderson,james.anderson.lead1506@example.com,Walk-in,2026-05-02,Interested,0,Arlington,Apartment,4,4288,5,0
1507,Sophia Davis,sophia.davis.lead1507@example.com,Instagram,2025-09-02,Site Visit Scheduled,0,San Antonio,Single Family Home,2,2463,8,0
1508,Sophia Jackson,sophia.jackson.lead1508@example.com,Website,2025-04-28,Lost,0,Irving,Single Family Home,3,3043,8,3
1509,Charlotte Clark,charlotte.clark.lead1509@example.com,Referral,2025-01-31,Follow-up,0,Dallas,Villa,2,3847,2,2
1510,Robert Clark,robert.clark.lead1510@example.com,Google Ads,2026-02-08,Site Visit Scheduled,0,Arlington,Apartment,4,3732,7,0
1511,Joseph Harris,joseph.harris.lead1511@example.com,Realtor.com,2026-03-27,Follow-up,0,Austin,Apartment,4,2564,3,1
1512,Amelia Harris,amelia.harris.lead1512@example.com,Website,2025-09-05,Follow-up,0,Houston,Villa,2,4140,6,1
1513,Ava Martin,ava.martin.lead1513@example.com,Realtor.com,2026-02-17,Interested,0,San Antonio,Townhouse,3,1011,7,3
1514,John Jackson,john.jackson.lead1514@example.com,Walk-in,2025-09-12,Contacted,0,Houston,Single Family Home,3,2514,4,0
1515,Chris Davis,chris.davis.lead1515@example.com,Referral,2025-02-02,New,0,Arlington,Villa,2,2457,4,4
1516,Olivia Smith,olivia.smith.lead1516@example.com,Website,2025-06-16,Interested,0,Dallas,Townhouse,2,4135,6,2
1517,John Thomas,john.thomas.lead1517@example.com,Website,2026-03-05,Follow-up,0,Plano,Apartment,1,2535,2,1
1518,Michael Brown,michael.brown.lead1518@example.com,Walk-in,2025-01-15,Site Visit Scheduled,0,Plano,Apartment,3,1444,7,2
1519,Joseph Anderson,joseph.anderson.lead1519@example.com,Referral,2026-03-04,Follow-up,0,Austin,Villa,4,2793,7,5
1520,Michael Taylor,michael.taylor.lead1520@example.com,Walk-in,2026-03-23,Site Visit Scheduled,0,Houston,Villa,1,1879,1,4
1521,Daniel Anderson,daniel.anderson.lead1521@example.com,Referral,2026-01-23,Follow-up,0,Plano,Condo,2,2733,5,0
1522,Emily Thomas,emily.thomas.lead1522@example.com,Referral,2025-11-11,Contacted,0,Fort Worth,Condo,2,956,2,5
1523,Emily White,emily.white.lead1523@example.com,Zillow,2026-03-15,Contacted,0,Austin,Townhouse,3,1768,6,5
1524,David Miller,david.miller.lead1524@example.com,Realtor.com,2025-10-15,Site Visit Scheduled,0,Dallas,Condo,2,1802,6,2
1525,Ava Johnson,ava.johnson.lead1525@example.com,Referral,2025-06-27,Interested,0,Fort Worth,Townhouse,2,4474,5,1
1526,James Anderson,james.anderson.lead1526@example.com,Facebook,2026-03-17,Interested,0,Austin,Single Family Home,4,2304,0,3
1527,Joseph Brown,joseph.brown.lead1527@example.com,Instagram,2025-10-18,Lost,0,Houston,Townhouse,1,4103,3,5
1528,Daniel Johnson,daniel.johnson.lead1528@example.com,Zillow,2025-04-01,Contacted,0,Arlington,Apartment,3,3655,8,1
1529,Daniel Johnson,daniel.johnson.lead1529@example.com,Realtor.com,2025-10-03,Lost,0,Plano,Townhouse,1,3650,2,0
1530,Robert Smith,robert.smith.lead1530@example.com,Instagram,2025-12-24,New,0,Irving,Villa,4,1345,2,2
1531,Sophia Smith,sophia.smith.lead1531@example.com,Realtor.com,2025-10-07,Contacted,0,Houston,Townhouse,2,1386,4,2
1532,Chris Smith,chris.smith.lead1532@example.com,Facebook,2025-03-04,Interested,0,Plano,Villa,1,1941,5,0
1533,Charlotte Lewis,charlotte.lewis.lead1533@example.com,Google Ads,2025-12-17,Converted,1,Houston,Single Family Home,1,961,0,1
1534,Daniel Moore,daniel.moore.lead1534@example.com,Facebook,2026-02-02,Interested,0,Austin,Apartment,3,3955,5,5
1535,Mia White,mia.white.lead1535@example.com,Instagram,2025-11-05,New,0,Irving,Townhouse,4,4254,5,5
1536,William Taylor,william.taylor.lead1536@example.com,Google Ads,2025-10-24,Contacted,0,Houston,Apartment,1,3334,5,0
1537,Amelia White,amelia.white.lead1537@example.com,Website,2025-07-11,Follow-up,0,Arlington,Single Family Home,3,3140,7,1
1538,Joseph Taylor,joseph.taylor.lead1538@example.com,Realtor.com,2025-03-14,Contacted,0,Arlington,Townhouse,3,3023,6,5
1539,John Clark,john.clark.lead1539@example.com,Zillow,2025-06-11,Converted,1,San Antonio,Condo,4,2298,0,1
1540,Olivia Clark,olivia.clark.lead1540@example.com,Zillow,2026-04-03,Site Visit Scheduled,0,Fort Worth,Single Family Home,4,3088,5,0
1541,Amelia Johnson,amelia.johnson.lead1541@example.com,Website,2025-05-10,Follow-up,0,Austin,Townhouse,4,1041,0,3
1542,Ava Moore,ava.moore.lead1542@example.com,Walk-in,2025-09-23,Follow-up,0,Dallas,Condo,4,3491,3,4
1543,Olivia Johnson,olivia.johnson.lead1543@example.com,Walk-in,2025-09-19,Interested,0,Austin,Apartment,4,2120,3,5
1544,Emma Lewis,emma.lewis.lead1544@example.com,Referral,2025-01-01,Interested,0,Fort Worth,Apartment,2,3117,0,1
1545,Robert Lewis,robert.lewis.lead1545@example.com,Realtor.com,2025-03-15,Interested,0,Austin,Single Family Home,3,3400,2,3
1546,David Harris,david.harris.lead1546@example.com,Referral,2026-05-11,Follow-up,0,Irving,Apartment,4,3612,3,2
1547,Olivia Clark,olivia.clark.lead1547@example.com,Google Ads,2025-01-26,Contacted,0,Plano,Apartment,2,2621,0,5
1548,John Brown,john.brown.lead1548@example.com,Facebook,2025-08-15,Interested,0,Irving,Apartment,3,1227,2,4
1549,Sarah Johnson,sarah.johnson.lead1549@example.com,Realtor.com,2026-01-28,New,0,Arlington,Townhouse,2,2109,0,4
1550,Robert Smith,robert.smith.lead1550@example.com,Referral,2025-08-29,Follow-up,0,San Antonio,Condo,4,1507,2,1
1551,Chris Thomas,chris.thomas.lead1551@example.com,Instagram,2025-10-15,Interested,0,Irving,Apartment,1,4327,6,0
1552,Robert Johnson,robert.johnson.lead1552@example.com,Instagram,2025-08-31,Lost,0,Irving,Condo,2,2760,1,2
1553,Emma Davis,emma.davis.lead1553@example.com,Walk-in,2025-01-27,Follow-up,0,Dallas,Condo,1,1145,1,5
1554,Emma Clark,emma.clark.lead1554@example.com,Walk-in,2026-02-05,Contacted,0,Dallas,Condo,4,3909,5,4
1555,Mia Clark,mia.clark.lead1555@example.com,Google Ads,2025-08-19,Interested,0,Plano,Condo,4,2742,5,5
1556,Daniel Lewis,daniel.lewis.lead1556@example.com,Instagram,2025-08-11,Lost,0,Fort Worth,Single Family Home,3,4313,8,5
1557,Robert Jackson,robert.jackson.lead1557@example.com,Walk-in,2025-01-05,Site Visit Scheduled,0,Austin,Townhouse,2,1789,3,2
1558,Michael Smith,michael.smith.lead1558@example.com,Website,2025-06-28,Site Visit Scheduled,0,San Antonio,Condo,1,3406,0,0
1559,Chris Harris,chris.harris.lead1559@example.com,Zillow,2026-04-03,Contacted,0,Arlington,Villa,4,2331,4,5
1560,David Martin,david.martin.lead1560@example.com,Referral,2025-03-24,New,0,Houston,Condo,2,3066,3,0
1561,Michael White,michael.white.lead1561@example.com,Realtor.com,2025-06-29,Follow-up,0,Austin,Villa,2,1267,0,4
1562,Sarah Anderson,sarah.anderson.lead1562@example.com,Referral,2026-03-16,Converted,1,Dallas,Apartment,2,3092,5,4
1563,John Thomas,john.thomas.lead1563@example.com,Realtor.com,2025-03-03,Converted,1,San Antonio,Townhouse,4,3775,7,1
1564,David Davis,david.davis.lead1564@example.com,Referral,2026-02-19,New,0,Austin,Apartment,1,2723,7,3
1565,Emily Taylor,emily.taylor.lead1565@example.com,Realtor.com,2025-06-05,New,0,Plano,Condo,2,1427,7,0
1566,David Smith,david.smith.lead1566@example.com,Realtor.com,2026-02-09,New,0,Arlington,Single Family Home,4,4032,4,3
1567,Ava Davis,ava.davis.lead1567@example.com,Walk-in,2025-12-25,Converted,1,San Antonio,Condo,3,2836,3,5
1568,William Thomas,william.thomas.lead1568@example.com,Instagram,2026-04-16,New,0,Austin,Condo,4,2304,7,1
1569,Mia Brown,mia.brown.lead1569@example.com,Google Ads,2025-02-04,Converted,1,Irving,Villa,2,3466,7,5
1570,John Davis,john.davis.lead1570@example.com,Website,2025-12-28,Interested,0,San Antonio,Condo,1,3670,5,5
1571,Emma Harris,emma.harris.lead1571@example.com,Instagram,2025-11-11,Contacted,0,Houston,Condo,2,1476,5,5
1572,Emily Brown,emily.brown.lead1572@example.com,Google Ads,2025-12-19,Interested,0,Fort Worth,Villa,3,2380,1,3
1573,Chris Smith,chris.smith.lead1573@example.com,Zillow,2025-03-31,Follow-up,0,Irving,Condo,4,1658,0,5
1574,Michael Smith,michael.smith.lead1574@example.com,Walk-in,2025-08-09,Lost,0,Dallas,Villa,3,2339,3,3
1575,Sophia Jackson,sophia.jackson.lead1575@example.com,Instagram,2026-05-26,New,0,Irving,Single Family Home,2,3060,4,3
1576,Chris Thomas,chris.thomas.lead1576@example.com,Realtor.com,2026-04-20,Interested,0,San Antonio,Villa,1,1285,8,3
1577,Ava Taylor,ava.taylor.lead1577@example.com,Walk-in,2026-05-27,Follow-up,0,Dallas,Villa,2,3428,2,3
1578,Joseph Taylor,joseph.taylor.lead1578@example.com,Zillow,2025-06-26,Follow-up,0,San Antonio,Apartment,4,3040,2,4
1579,Sarah Thomas,sarah.thomas.lead1579@example.com,Realtor.com,2025-06-08,Follow-up,0,Plano,Villa,4,1984,7,1
1580,Sophia Davis,sophia.davis.lead1580@example.com,Instagram,2025-05-14,Follow-up,0,Austin,Condo,4,2282,3,2
1581,John Anderson,john.anderson.lead1581@example.com,Walk-in,2025-09-16,Follow-up,0,Fort Worth,Condo,4,3451,5,5
1582,Olivia Miller,olivia.miller.lead1582@example.com,Zillow,2026-02-15,Converted,1,San Antonio,Apartment,4,2542,2,0
1583,Charlotte White,charlotte.white.lead1583@example.com,Facebook,2026-01-16,New,0,Fort Worth,Single Family Home,3,2789,5,2
1584,William Smith,william.smith.lead1584@example.com,Instagram,2025-12-29,Interested,0,Plano,Townhouse,3,929,8,0
1585,Charlotte Martin,charlotte.martin.lead1585@example.com,Referral,2025-11-02,Follow-up,0,Irving,Villa,2,2179,1,1
1586,William Martin,william.martin.lead1586@example.com,Google Ads,2025-08-29,Follow-up,0,Dallas,Townhouse,3,2929,8,1
1587,Chris Anderson,chris.anderson.lead1587@example.com,Realtor.com,2025-05-02,Contacted,0,Plano,Apartment,2,1419,5,1
1588,Ava Davis,ava.davis.lead1588@example.com,Walk-in,2025-12-28,Interested,0,Arlington,Condo,1,2636,4,0
1589,Emma Davis,emma.davis.lead1589@example.com,Google Ads,2026-04-19,New,0,Dallas,Single Family Home,1,3579,2,4
1590,Joseph Taylor,joseph.taylor.lead1590@example.com,Referral,2025-01-09,Contacted,0,Plano,Villa,4,3029,7,0
1591,Chris Clark,chris.clark.lead1591@example.com,Realtor.com,2025-11-26,New,0,Arlington,Single Family Home,3,3756,3,4
1592,John Davis,john.davis.lead1592@example.com,Website,2025-09-16,Contacted,0,Arlington,Single Family Home,1,2054,3,0
1593,Amelia Wilson,amelia.wilson.lead1593@example.com,Walk-in,2026-02-17,Interested,0,Austin,Apartment,4,3219,5,4
1594,Ava Johnson,ava.johnson.lead1594@example.com,Realtor.com,2026-04-21,Interested,0,Austin,Townhouse,3,3744,2,3
1595,James Clark,james.clark.lead1595@example.com,Google Ads,2025-06-22,New,0,Austin,Single Family Home,4,3049,5,3
1596,Olivia Martin,olivia.martin.lead1596@example.com,Website,2026-01-09,Follow-up,0,Dallas,Apartment,1,954,0,5
1597,Sophia Smith,sophia.smith.lead1597@example.com,Facebook,2026-04-13,Lost,0,Dallas,Single Family Home,4,2260,8,5
1598,Charlotte Wilson,charlotte.wilson.lead1598@example.com,Website,2025-07-15,Converted,1,Austin,Condo,1,1109,0,4
1599,David Martin,david.martin.lead1599@example.com,Realtor.com,2026-04-24,Contacted,0,Austin,Condo,2,1581,1,2
1600,Daniel Brown,daniel.brown.lead1600@example.com,Website,2025-03-11,Lost,0,Plano,Condo,1,4386,2,3
1601,Chris Wilson,chris.wilson.lead1601@example.com,Realtor.com,2025-06-08,Site Visit Scheduled,0,San Antonio,Villa,3,4377,8,1
1602,Ava Wilson,ava.wilson.lead1602@example.com,Walk-in,2026-05-15,Follow-up,0,Irving,Single Family Home,3,1720,5,4
1603,David Johnson,david.johnson.lead1603@example.com,Google Ads,2025-08-24,Site Visit Scheduled,0,Austin,Townhouse,3,4059,8,4
1604,Mia Clark,mia.clark.lead1604@example.com,Realtor.com,2025-09-26,Interested,0,Austin,Villa,1,3011,6,0
1605,John White,john.white.lead1605@example.com,Website,2025-08-01,Follow-up,0,Plano,Villa,4,3173,1,2
1606,Sarah Thomas,sarah.thomas.lead1606@example.com,Facebook,2025-12-02,Follow-up,0,Fort Worth,Apartment,2,2655,7,4
1607,Joseph Davis,joseph.davis.lead1607@example.com,Referral,2025-03-24,Converted,1,San Antonio,Single Family Home,1,2244,7,5
1608,Olivia Anderson,olivia.anderson.lead1608@example.com,Walk-in,2026-05-11,Follow-up,0,Plano,Single Family Home,3,4107,0,0
1609,Olivia Martin,olivia.martin.lead1609@example.com,Zillow,2026-02-12,Converted,1,Austin,Single Family Home,1,3163,7,5
1610,Olivia Smith,olivia.smith.lead1610@example.com,Zillow,2025-01-24,Interested,0,Dallas,Condo,1,3183,1,4
1611,Charlotte Thomas,charlotte.thomas.lead1611@example.com,Instagram,2025-11-26,Interested,0,Houston,Townhouse,2,4023,2,2
1612,Mia White,mia.white.lead1612@example.com,Realtor.com,2025-10-02,New,0,Irving,Single Family Home,1,2948,0,0
1613,James Davis,james.davis.lead1613@example.com,Walk-in,2025-06-06,Contacted,0,Austin,Villa,3,4096,4,3
1614,Sarah Smith,sarah.smith.lead1614@example.com,Realtor.com,2025-02-10,New,0,Austin,Condo,2,2312,4,5
1615,Daniel Martin,daniel.martin.lead1615@example.com,Instagram,2026-04-30,Lost,0,Dallas,Villa,3,3445,8,3
1616,Charlotte Thomas,charlotte.thomas.lead1616@example.com,Google Ads,2025-02-25,Contacted,0,Arlington,Townhouse,4,2482,2,5
1617,Amelia Smith,amelia.smith.lead1617@example.com,Website,2025-02-28,Site Visit Scheduled,0,Fort Worth,Condo,2,4417,4,5
1618,William Thomas,william.thomas.lead1618@example.com,Facebook,2025-09-28,New,0,Fort Worth,Apartment,2,2968,2,1
1619,John Jackson,john.jackson.lead1619@example.com,Google Ads,2025-09-13,Contacted,0,Arlington,Condo,2,4486,8,3
1620,Robert White,robert.white.lead1620@example.com,Facebook,2025-12-22,Interested,0,Arlington,Townhouse,4,2374,8,2
1621,Robert White,robert.white.lead1621@example.com,Walk-in,2026-01-29,Lost,0,Dallas,Single Family Home,4,3868,8,1
1622,Robert Thomas,robert.thomas.lead1622@example.com,Website,2025-02-22,Contacted,0,Arlington,Villa,3,1356,5,2
1623,Robert Anderson,robert.anderson.lead1623@example.com,Instagram,2025-10-20,Contacted,0,Plano,Single Family Home,3,4375,2,4
1624,Daniel Thomas,daniel.thomas.lead1624@example.com,Walk-in,2025-05-02,New,0,San Antonio,Townhouse,1,2764,5,5
1625,Robert Moore,robert.moore.lead1625@example.com,Referral,2025-12-09,New,0,Houston,Apartment,1,2875,6,5
1626,Emma Moore,emma.moore.lead1626@example.com,Zillow,2025-12-23,Converted,1,Arlington,Single Family Home,3,4404,2,1
1627,Joseph Davis,joseph.davis.lead1627@example.com,Walk-in,2025-06-05,Converted,1,Houston,Apartment,4,1908,7,5
1628,David Brown,david.brown.lead1628@example.com,Instagram,2026-01-22,New,0,Dallas,Condo,3,4425,3,3
1629,Sarah Anderson,sarah.anderson.lead1629@example.com,Facebook,2025-12-06,Interested,0,Dallas,Condo,1,4447,4,1
1630,Emily Anderson,emily.anderson.lead1630@example.com,Walk-in,2025-07-30,Lost,0,Arlington,Condo,4,1935,8,4
1631,Michael Martin,michael.martin.lead1631@example.com,Instagram,2025-04-03,Interested,0,Fort Worth,Condo,4,2501,4,5
1632,James Johnson,james.johnson.lead1632@example.com,Zillow,2026-03-01,New,0,San Antonio,Villa,1,1674,7,4
1633,Sarah Smith,sarah.smith.lead1633@example.com,Realtor.com,2025-05-18,Interested,0,Plano,Apartment,3,1693,5,5
1634,Charlotte Thomas,charlotte.thomas.lead1634@example.com,Zillow,2025-11-06,Converted,1,Dallas,Single Family Home,3,1473,8,3
1635,Emily Jackson,emily.jackson.lead1635@example.com,Facebook,2025-04-07,Converted,1,Plano,Condo,1,3215,3,0
1636,Charlotte Taylor,charlotte.taylor.lead1636@example.com,Zillow,2025-09-05,Contacted,0,Arlington,Single Family Home,3,4450,1,1
1637,Sophia Anderson,sophia.anderson.lead1637@example.com,Facebook,2025-07-26,Interested,0,Plano,Townhouse,1,3287,2,2
1638,Mia Jackson,mia.jackson.lead1638@example.com,Facebook,2026-01-28,Converted,1,Arlington,Condo,3,1217,3,2
1639,Emma Thomas,emma.thomas.lead1639@example.com,Facebook,2025-07-25,Site Visit Scheduled,0,Austin,Condo,1,3006,2,1
1640,Emma Clark,emma.clark.lead1640@example.com,Facebook,2025-02-04,Converted,1,San Antonio,Single Family Home,1,3496,0,3
1641,John Lewis,john.lewis.lead1641@example.com,Google Ads,2025-10-08,Site Visit Scheduled,0,Irving,Villa,3,1851,6,0
1642,Olivia Harris,olivia.harris.lead1642@example.com,Walk-in,2026-02-12,Interested,0,Houston,Apartment,4,1906,2,4
1643,Amelia Lewis,amelia.lewis.lead1643@example.com,Referral,2025-06-04,New,0,Dallas,Townhouse,1,4224,4,5
1644,Sophia White,sophia.white.lead1644@example.com,Realtor.com,2025-07-22,New,0,Fort Worth,Single Family Home,3,2844,0,2
1645,Ava White,ava.white.lead1645@example.com,Google Ads,2025-05-26,New,0,Austin,Townhouse,3,2491,7,1
1646,Olivia Anderson,olivia.anderson.lead1646@example.com,Google Ads,2026-01-04,Lost,0,Dallas,Apartment,4,2208,1,0
1647,Sophia Smith,sophia.smith.lead1647@example.com,Instagram,2025-05-19,Contacted,0,Dallas,Townhouse,2,1990,3,2
1648,Sarah Lewis,sarah.lewis.lead1648@example.com,Google Ads,2025-08-19,Contacted,0,Dallas,Townhouse,3,3980,5,3
1649,Sophia White,sophia.white.lead1649@example.com,Google Ads,2025-09-24,Site Visit Scheduled,0,Fort Worth,Single Family Home,4,3053,4,4
1650,Robert Johnson,robert.johnson.lead1650@example.com,Instagram,2026-01-04,Contacted,0,Dallas,Villa,2,4480,8,0
1651,William Miller,william.miller.lead1651@example.com,Website,2025-10-23,Follow-up,0,Irving,Townhouse,3,3479,7,2
1652,John Davis,john.davis.lead1652@example.com,Realtor.com,2025-12-08,Contacted,0,Arlington,Condo,3,4206,5,4
1653,Sarah Harris,sarah.harris.lead1653@example.com,Facebook,2026-05-24,Lost,0,Plano,Villa,2,3090,2,2
1654,Olivia Johnson,olivia.johnson.lead1654@example.com,Google Ads,2026-02-13,New,0,San Antonio,Apartment,1,1883,0,3
1655,Charlotte Davis,charlotte.davis.lead1655@example.com,Referral,2025-12-15,Site Visit Scheduled,0,Houston,Apartment,3,2463,2,0
1656,Chris Harris,chris.harris.lead1656@example.com,Facebook,2025-08-10,Site Visit Scheduled,0,Fort Worth,Single Family Home,4,1447,1,2
1657,John Miller,john.miller.lead1657@example.com,Walk-in,2025-05-30,Contacted,0,San Antonio,Single Family Home,2,2251,2,2
1658,Sophia Smith,sophia.smith.lead1658@example.com,Website,2025-02-27,Interested,0,Austin,Apartment,1,1847,3,1
1659,William Wilson,william.wilson.lead1659@example.com,Website,2025-12-07,Interested,0,Austin,Single Family Home,4,1984,1,5
1660,Sophia Jackson,sophia.jackson.lead1660@example.com,Realtor.com,2025-11-27,New,0,Houston,Apartment,4,4008,6,1
1661,Daniel Anderson,daniel.anderson.lead1661@example.com,Walk-in,2026-01-20,Follow-up,0,Irving,Apartment,4,3911,7,4
1662,Mia Moore,mia.moore.lead1662@example.com,Google Ads,2025-01-04,Converted,1,Irving,Apartment,4,1183,0,4
1663,Sarah Harris,sarah.harris.lead1663@example.com,Instagram,2025-05-12,Contacted,0,Houston,Villa,1,1872,5,3
1664,Charlotte Wilson,charlotte.wilson.lead1664@example.com,Realtor.com,2025-07-22,Follow-up,0,Irving,Villa,2,1182,4,2
1665,Amelia Lewis,amelia.lewis.lead1665@example.com,Walk-in,2025-07-06,Follow-up,0,Arlington,Villa,2,4442,1,2
1666,Emily Wilson,emily.wilson.lead1666@example.com,Google Ads,2025-06-14,Contacted,0,Austin,Villa,1,1578,3,4
1667,James Wilson,james.wilson.lead1667@example.com,Realtor.com,2025-01-29,Contacted,0,Austin,Villa,4,1790,0,4
1668,Ava Johnson,ava.johnson.lead1668@example.com,Walk-in,2025-06-25,Contacted,0,Fort Worth,Townhouse,2,2038,2,4
1669,Chris Anderson,chris.anderson.lead1669@example.com,Google Ads,2025-01-27,Follow-up,0,Plano,Single Family Home,2,2488,5,0
1670,Daniel Martin,daniel.martin.lead1670@example.com,Google Ads,2025-07-13,Lost,0,Austin,Condo,3,3743,1,2
1671,Michael Jackson,michael.jackson.lead1671@example.com,Zillow,2026-04-03,Interested,0,Houston,Single Family Home,1,1748,0,2
1672,Sophia Johnson,sophia.johnson.lead1672@example.com,Zillow,2026-01-06,Interested,0,San Antonio,Apartment,2,2293,5,3
1673,Chris Taylor,chris.taylor.lead1673@example.com,Website,2025-07-15,Interested,0,Austin,Apartment,4,3935,0,4
1674,Emily Brown,emily.brown.lead1674@example.com,Realtor.com,2025-11-02,Site Visit Scheduled,0,Irving,Condo,3,3369,7,5
1675,Mia Wilson,mia.wilson.lead1675@example.com,Realtor.com,2026-01-11,Follow-up,0,Fort Worth,Townhouse,1,2001,8,5
1676,Robert Miller,robert.miller.lead1676@example.com,Facebook,2025-01-01,Converted,1,Austin,Townhouse,2,2776,5,5
1677,Daniel Davis,daniel.davis.lead1677@example.com,Zillow,2026-01-12,Interested,0,Fort Worth,Condo,2,3955,4,0
1678,Chris Martin,chris.martin.lead1678@example.com,Walk-in,2025-01-27,Follow-up,0,Irving,Apartment,3,2725,6,2
1679,Charlotte Johnson,charlotte.johnson.lead1679@example.com,Facebook,2025-10-01,Follow-up,0,Houston,Townhouse,3,1720,3,5
1680,Chris Smith,chris.smith.lead1680@example.com,Facebook,2025-08-19,Contacted,0,Irving,Condo,1,2211,4,1
1681,Ava Johnson,ava.johnson.lead1681@example.com,Walk-in,2025-06-02,New,0,Houston,Villa,1,2859,0,4
1682,David Jackson,david.jackson.lead1682@example.com,Zillow,2025-01-31,Contacted,0,Irving,Villa,1,3085,2,1
1683,Mia Wilson,mia.wilson.lead1683@example.com,Instagram,2025-10-16,Interested,0,Irving,Single Family Home,4,2029,0,3
1684,William Harris,william.harris.lead1684@example.com,Google Ads,2026-02-28,New,0,San Antonio,Apartment,4,2054,0,3
1685,Joseph Brown,joseph.brown.lead1685@example.com,Referral,2025-02-07,New,0,Dallas,Villa,3,3897,4,4
1686,John White,john.white.lead1686@example.com,Referral,2025-05-12,Interested,0,Irving,Apartment,4,3382,4,5
1687,John Smith,john.smith.lead1687@example.com,Website,2025-02-25,Interested,0,San Antonio,Condo,2,1949,3,5
1688,David Thomas,david.thomas.lead1688@example.com,Website,2025-08-01,Contacted,0,Austin,Condo,3,1026,0,2
1689,David Miller,david.miller.lead1689@example.com,Google Ads,2025-10-09,Follow-up,0,Fort Worth,Apartment,1,1141,5,2
1690,John Moore,john.moore.lead1690@example.com,Zillow,2026-04-12,Interested,0,Fort Worth,Apartment,4,2392,6,0
1691,Emily Clark,emily.clark.lead1691@example.com,Walk-in,2025-04-29,New,0,Plano,Single Family Home,2,3552,5,0
1692,James Harris,james.harris.lead1692@example.com,Facebook,2025-09-30,Contacted,0,Dallas,Condo,4,3221,0,5
1693,Chris Brown,chris.brown.lead1693@example.com,Referral,2026-02-02,Contacted,0,Plano,Apartment,3,4088,1,0
1694,David Martin,david.martin.lead1694@example.com,Walk-in,2025-04-09,Interested,0,Austin,Villa,3,4443,3,2
1695,Emma Johnson,emma.johnson.lead1695@example.com,Zillow,2026-03-08,Interested,0,Irving,Apartment,3,1330,7,1
1696,James White,james.white.lead1696@example.com,Instagram,2025-02-06,Converted,1,Houston,Villa,4,1397,1,1
1697,Chris Smith,chris.smith.lead1697@example.com,Walk-in,2025-02-02,Contacted,0,Arlington,Townhouse,2,1494,4,0
1698,Amelia Martin,amelia.martin.lead1698@example.com,Zillow,2025-05-12,Interested,0,Dallas,Villa,2,3929,6,0
1699,Emma Smith,emma.smith.lead1699@example.com,Walk-in,2025-04-11,New,0,Houston,Apartment,1,4103,8,0
1700,Olivia Clark,olivia.clark.lead1700@example.com,Instagram,2025-07-09,Interested,0,Fort Worth,Townhouse,1,4141,5,5
1701,Daniel Miller,daniel.miller.lead1701@example.com,Zillow,2025-11-02,Interested,0,Plano,Apartment,2,1984,6,3
1702,Daniel Wilson,daniel.wilson.lead1702@example.com,Realtor.com,2026-03-20,Follow-up,0,Arlington,Condo,3,1894,8,0
1703,David Johnson,david.johnson.lead1703@example.com,Facebook,2025-06-25,Lost,0,Plano,Condo,2,1187,4,1
1704,John Martin,john.martin.lead1704@example.com,Realtor.com,2025-08-28,Follow-up,0,Arlington,Condo,4,2828,8,0
1705,John Lewis,john.lewis.lead1705@example.com,Walk-in,2025-05-18,Interested,0,Dallas,Apartment,2,2991,5,0
1706,Sophia Moore,sophia.moore.lead1706@example.com,Website,2025-07-02,Follow-up,0,Fort Worth,Single Family Home,2,2355,3,3
1707,Robert Brown,robert.brown.lead1707@example.com,Instagram,2025-03-26,New,0,Irving,Villa,3,3533,1,5
1708,Chris Harris,chris.harris.lead1708@example.com,Realtor.com,2026-03-05,Converted,1,Irving,Apartment,1,1137,0,4
1709,Daniel Smith,daniel.smith.lead1709@example.com,Instagram,2025-07-04,New,0,Houston,Condo,4,3459,3,3
1710,John Martin,john.martin.lead1710@example.com,Website,2025-12-21,Contacted,0,Houston,Condo,4,4194,6,5
1711,Charlotte Martin,charlotte.martin.lead1711@example.com,Website,2025-12-29,Interested,0,Dallas,Single Family Home,1,4144,0,2
1712,Sarah Johnson,sarah.johnson.lead1712@example.com,Zillow,2025-07-11,Follow-up,0,Houston,Apartment,1,1076,5,2
1713,Emily Thomas,emily.thomas.lead1713@example.com,Referral,2025-10-22,New,0,San Antonio,Villa,3,4176,3,3
1714,David Harris,david.harris.lead1714@example.com,Website,2025-07-04,New,0,Dallas,Condo,4,2422,1,4
1715,Emma Davis,emma.davis.lead1715@example.com,Realtor.com,2025-08-04,Converted,1,San Antonio,Condo,3,3403,0,1
1716,Chris Brown,chris.brown.lead1716@example.com,Referral,2025-04-06,Contacted,0,Arlington,Condo,4,2712,7,2
1717,Mia Smith,mia.smith.lead1717@example.com,Zillow,2026-05-21,Contacted,0,Dallas,Villa,1,2043,5,3
1718,Mia Miller,mia.miller.lead1718@example.com,Realtor.com,2025-09-11,Contacted,0,Austin,Apartment,2,3442,0,1
1719,Emily Lewis,emily.lewis.lead1719@example.com,Realtor.com,2026-01-04,Follow-up,0,San Antonio,Condo,3,3174,3,2
1720,David Jackson,david.jackson.lead1720@example.com,Walk-in,2026-05-21,Interested,0,Houston,Villa,2,1959,7,0
1721,Joseph Davis,joseph.davis.lead1721@example.com,Website,2025-02-15,Follow-up,0,Austin,Villa,4,1132,8,0
1722,John Davis,john.davis.lead1722@example.com,Facebook,2025-01-06,Interested,0,Dallas,Villa,3,1920,1,3
1723,John Smith,john.smith.lead1723@example.com,Referral,2025-12-29,Follow-up,0,Arlington,Condo,4,2323,1,4
1724,John Lewis,john.lewis.lead1724@example.com,Walk-in,2025-02-19,Contacted,0,Irving,Villa,3,1967,6,5
1725,David Martin,david.martin.lead1725@example.com,Instagram,2026-04-23,Interested,0,Austin,Villa,4,1412,1,0
1726,James Anderson,james.anderson.lead1726@example.com,Facebook,2025-01-20,Interested,0,Dallas,Single Family Home,3,1593,6,2
1727,James Miller,james.miller.lead1727@example.com,Realtor.com,2025-11-21,Follow-up,0,Fort Worth,Single Family Home,4,3797,4,4
1728,Michael Moore,michael.moore.lead1728@example.com,Website,2025-03-06,Contacted,0,Arlington,Villa,2,2024,8,2
1729,Amelia Clark,amelia.clark.lead1729@example.com,Walk-in,2025-11-08,Site Visit Scheduled,0,Irving,Townhouse,2,1245,3,5
1730,William Taylor,william.taylor.lead1730@example.com,Website,2025-02-07,Interested,0,Irving,Single Family Home,3,4058,7,2
1731,Sophia Clark,sophia.clark.lead1731@example.com,Referral,2025-08-10,Follow-up,0,San Antonio,Single Family Home,2,2713,4,1
1732,John Smith,john.smith.lead1732@example.com,Instagram,2025-06-19,Lost,0,Austin,Single Family Home,3,2069,2,1
1733,Ava Harris,ava.harris.lead1733@example.com,Referral,2025-06-13,New,0,Fort Worth,Condo,4,2199,6,5
1734,John Martin,john.martin.lead1734@example.com,Zillow,2026-03-14,New,0,Dallas,Single Family Home,4,1263,8,5
1735,Olivia Thomas,olivia.thomas.lead1735@example.com,Zillow,2026-03-08,Contacted,0,Austin,Single Family Home,2,3910,3,4
1736,James Anderson,james.anderson.lead1736@example.com,Zillow,2025-10-29,Interested,0,Dallas,Apartment,2,3472,8,3
1737,Michael Moore,michael.moore.lead1737@example.com,Website,2026-02-04,Lost,0,San Antonio,Single Family Home,1,2444,4,2
1738,Joseph Harris,joseph.harris.lead1738@example.com,Zillow,2026-02-19,Interested,0,Dallas,Villa,2,1462,8,5
1739,Sophia Brown,sophia.brown.lead1739@example.com,Instagram,2025-01-23,Lost,0,Plano,Apartment,4,3614,1,4
1740,Sarah Thomas,sarah.thomas.lead1740@example.com,Referral,2025-01-24,Follow-up,0,Arlington,Townhouse,1,3015,8,5
1741,Sophia Taylor,sophia.taylor.lead1741@example.com,Facebook,2025-07-03,Contacted,0,San Antonio,Single Family Home,3,4215,5,2
1742,David Moore,david.moore.lead1742@example.com,Walk-in,2025-04-21,Follow-up,0,Houston,Condo,3,4089,2,2
1743,John Clark,john.clark.lead1743@example.com,Website,2025-05-17,Follow-up,0,San Antonio,Villa,3,1810,0,5
1744,Sarah Clark,sarah.clark.lead1744@example.com,Zillow,2025-12-07,Follow-up,0,Irving,Apartment,1,2731,5,1
1745,James Lewis,james.lewis.lead1745@example.com,Realtor.com,2025-08-14,New,0,Irving,Condo,2,3820,3,3
1746,David Anderson,david.anderson.lead1746@example.com,Zillow,2025-03-28,Follow-up,0,Austin,Apartment,4,1937,3,1
1747,James Martin,james.martin.lead1747@example.com,Facebook,2025-10-09,New,0,Irving,Townhouse,2,3803,6,2
1748,Amelia Jackson,amelia.jackson.lead1748@example.com,Zillow,2026-04-06,Follow-up,0,Fort Worth,Condo,4,2717,3,0
1749,Robert Brown,robert.brown.lead1749@example.com,Referral,2025-01-31,Converted,1,San Antonio,Condo,3,4465,1,4
1750,Robert Thomas,robert.thomas.lead1750@example.com,Zillow,2025-06-08,New,0,Dallas,Condo,2,3872,5,4
1751,Emily Miller,emily.miller.lead1751@example.com,Instagram,2026-05-01,Contacted,0,Arlington,Condo,4,3031,5,2
1752,John Miller,john.miller.lead1752@example.com,Referral,2026-04-28,Lost,0,Houston,Townhouse,3,2119,1,1
1753,William Anderson,william.anderson.lead1753@example.com,Realtor.com,2025-06-17,New,0,Dallas,Townhouse,4,4093,5,1
1754,Sophia Harris,sophia.harris.lead1754@example.com,Zillow,2026-04-11,Follow-up,0,Arlington,Townhouse,3,2382,4,0
1755,Sophia Thomas,sophia.thomas.lead1755@example.com,Zillow,2026-01-02,Follow-up,0,Houston,Villa,4,3378,4,5
1756,Olivia Wilson,olivia.wilson.lead1756@example.com,Website,2026-03-25,Interested,0,Dallas,Townhouse,3,4406,4,3
1757,Robert White,robert.white.lead1757@example.com,Referral,2025-01-12,Interested,0,Houston,Single Family Home,4,3399,6,5
1758,Olivia Clark,olivia.clark.lead1758@example.com,Facebook,2025-12-06,Converted,1,Dallas,Single Family Home,4,2016,1,2
1759,Joseph Taylor,joseph.taylor.lead1759@example.com,Google Ads,2025-09-30,Lost,0,San Antonio,Apartment,2,3568,7,5
1760,Sophia Jackson,sophia.jackson.lead1760@example.com,Walk-in,2025-06-30,Converted,1,San Antonio,Apartment,2,2007,4,4
1761,John Thomas,john.thomas.lead1761@example.com,Instagram,2025-02-17,Follow-up,0,Irving,Condo,2,3011,4,5
1762,Olivia Lewis,olivia.lewis.lead1762@example.com,Referral,2026-04-22,Follow-up,0,Austin,Apartment,3,2158,7,4
1763,William Moore,william.moore.lead1763@example.com,Zillow,2025-03-29,Lost,0,Arlington,Condo,1,4103,6,1
1764,David Lewis,david.lewis.lead1764@example.com,Google Ads,2025-03-29,Lost,0,Houston,Single Family Home,4,2448,3,0
1765,Ava Smith,ava.smith.lead1765@example.com,Realtor.com,2025-05-01,Interested,0,Houston,Condo,4,1208,1,3
1766,Olivia Thomas,olivia.thomas.lead1766@example.com,Instagram,2026-03-18,Interested,0,Irving,Condo,2,3428,1,4
1767,Chris Wilson,chris.wilson.lead1767@example.com,Facebook,2025-07-05,Interested,0,San Antonio,Townhouse,4,2802,6,5
1768,Amelia Martin,amelia.martin.lead1768@example.com,Referral,2026-04-12,Lost,0,Arlington,Condo,4,1073,1,5
1769,Daniel White,daniel.white.lead1769@example.com,Zillow,2026-04-13,New,0,Arlington,Villa,2,3397,5,1
1770,Joseph Johnson,joseph.johnson.lead1770@example.com,Referral,2025-10-27,Interested,0,Dallas,Villa,4,4115,3,2
1771,James Anderson,james.anderson.lead1771@example.com,Referral,2025-04-09,Follow-up,0,Austin,Townhouse,3,2071,8,1
1772,Olivia Brown,olivia.brown.lead1772@example.com,Instagram,2025-03-28,Interested,0,Fort Worth,Apartment,1,4285,7,0
1773,Emily Clark,emily.clark.lead1773@example.com,Referral,2025-07-22,Follow-up,0,Arlington,Villa,1,3575,6,2
1774,James Taylor,james.taylor.lead1774@example.com,Facebook,2025-10-31,Follow-up,0,Houston,Townhouse,3,1691,0,1
1775,Mia Taylor,mia.taylor.lead1775@example.com,Referral,2025-06-29,Converted,1,Houston,Apartment,1,3744,2,2
1776,Ava Harris,ava.harris.lead1776@example.com,Walk-in,2025-03-12,Site Visit Scheduled,0,Arlington,Single Family Home,3,2241,7,3
1777,Sarah Taylor,sarah.taylor.lead1777@example.com,Zillow,2025-01-02,Site Visit Scheduled,0,Fort Worth,Condo,2,3779,5,4
1778,Michael Wilson,michael.wilson.lead1778@example.com,Zillow,2025-08-10,Converted,1,Dallas,Townhouse,3,1174,6,1
1779,Robert Lewis,robert.lewis.lead1779@example.com,Realtor.com,2025-08-29,Follow-up,0,Houston,Townhouse,3,2689,4,4
1780,Joseph Davis,joseph.davis.lead1780@example.com,Facebook,2025-07-18,Follow-up,0,Dallas,Condo,4,3610,3,4
1781,Chris Smith,chris.smith.lead1781@example.com,Walk-in,2025-01-24,Interested,0,Irving,Villa,3,4261,2,4
1782,Chris Brown,chris.brown.lead1782@example.com,Instagram,2025-09-30,Site Visit Scheduled,0,Fort Worth,Townhouse,2,3415,5,0
1783,Emily Lewis,emily.lewis.lead1783@example.com,Instagram,2025-08-01,Interested,0,Austin,Villa,1,1144,1,1
1784,John Moore,john.moore.lead1784@example.com,Website,2025-07-16,Interested,0,Austin,Apartment,3,3862,0,5
1785,Mia White,mia.white.lead1785@example.com,Realtor.com,2025-03-22,Lost,0,San Antonio,Single Family Home,1,2907,6,4
1786,Sarah Taylor,sarah.taylor.lead1786@example.com,Website,2025-02-01,Interested,0,Dallas,Townhouse,3,2171,6,4
1787,John Brown,john.brown.lead1787@example.com,Google Ads,2025-10-08,Site Visit Scheduled,0,Houston,Villa,4,1385,0,2
1788,Charlotte Anderson,charlotte.anderson.lead1788@example.com,Referral,2025-04-21,New,0,Houston,Townhouse,3,1660,5,4
1789,Chris Brown,chris.brown.lead1789@example.com,Realtor.com,2025-04-21,Interested,0,Arlington,Single Family Home,1,3338,1,1
1790,Robert Thomas,robert.thomas.lead1790@example.com,Facebook,2025-11-21,Interested,0,Fort Worth,Apartment,3,2907,4,4
1791,Michael Harris,michael.harris.lead1791@example.com,Realtor.com,2025-03-18,Lost,0,Dallas,Single Family Home,1,3234,1,0
1792,James Moore,james.moore.lead1792@example.com,Google Ads,2025-10-26,Interested,0,Irving,Single Family Home,3,973,5,5
1793,Michael Anderson,michael.anderson.lead1793@example.com,Realtor.com,2025-01-04,New,0,Arlington,Apartment,1,1750,5,1
1794,James Moore,james.moore.lead1794@example.com,Realtor.com,2025-12-19,Contacted,0,Dallas,Villa,3,2369,8,4
1795,Amelia Smith,amelia.smith.lead1795@example.com,Realtor.com,2025-09-29,Follow-up,0,San Antonio,Townhouse,3,3340,5,2
1796,Emma Harris,emma.harris.lead1796@example.com,Zillow,2025-02-02,Interested,0,Houston,Condo,3,1567,1,0
1797,Michael White,michael.white.lead1797@example.com,Google Ads,2025-01-02,New,0,Houston,Single Family Home,1,3221,6,3
1798,Charlotte Clark,charlotte.clark.lead1798@example.com,Facebook,2026-01-04,Converted,1,Dallas,Apartment,3,3457,8,3
1799,Joseph Johnson,joseph.johnson.lead1799@example.com,Facebook,2025-09-24,Lost,0,San Antonio,Single Family Home,1,3746,0,4
1800,Joseph Miller,joseph.miller.lead1800@example.com,Instagram,2025-11-29,Converted,1,Plano,Single Family Home,2,4068,8,0
1801,Michael Lewis,michael.lewis.lead1801@example.com,Referral,2025-07-31,Follow-up,0,Dallas,Villa,1,1777,5,4
1802,Amelia Martin,amelia.martin.lead1802@example.com,Instagram,2025-03-05,Contacted,0,San Antonio,Townhouse,4,3027,8,0
1803,Michael Anderson,michael.anderson.lead1803@example.com,Walk-in,2025-05-01,Interested,0,Dallas,Apartment,3,3860,0,5
1804,David Davis,david.davis.lead1804@example.com,Referral,2026-01-31,Converted,1,Houston,Condo,1,3809,0,0
1805,Daniel White,daniel.white.lead1805@example.com,Google Ads,2025-05-19,Interested,0,San Antonio,Townhouse,1,3882,0,5
1806,Ava Jackson,ava.jackson.lead1806@example.com,Realtor.com,2025-09-12,Contacted,0,Austin,Villa,3,2203,5,3
1807,David Anderson,david.anderson.lead1807@example.com,Website,2026-04-02,Lost,0,San Antonio,Apartment,1,1314,3,5
1808,Chris Davis,chris.davis.lead1808@example.com,Instagram,2025-04-21,Interested,0,Plano,Condo,1,1496,1,0
1809,Ava Taylor,ava.taylor.lead1809@example.com,Realtor.com,2025-02-08,Site Visit Scheduled,0,Austin,Townhouse,2,1926,6,0
1810,Chris Davis,chris.davis.lead1810@example.com,Referral,2025-11-02,Site Visit Scheduled,0,Irving,Apartment,1,4249,1,0
1811,Olivia Moore,olivia.moore.lead1811@example.com,Instagram,2026-03-06,New,0,Houston,Single Family Home,4,3750,5,2
1812,Robert Clark,robert.clark.lead1812@example.com,Realtor.com,2025-07-16,Contacted,0,Houston,Single Family Home,3,1664,1,2
1813,Sophia Thomas,sophia.thomas.lead1813@example.com,Website,2025-06-29,Converted,1,San Antonio,Condo,3,2510,0,2
1814,Michael Smith,michael.smith.lead1814@example.com,Walk-in,2025-01-08,Interested,0,Plano,Villa,1,3890,6,4
1815,Sophia Harris,sophia.harris.lead1815@example.com,Facebook,2026-05-19,Lost,0,Austin,Apartment,1,2257,8,3
1816,Olivia Clark,olivia.clark.lead1816@example.com,Referral,2026-01-17,Lost,0,San Antonio,Townhouse,4,1400,8,5
1817,David White,david.white.lead1817@example.com,Zillow,2025-11-16,New,0,Plano,Townhouse,2,2276,6,2
1818,Sophia Jackson,sophia.jackson.lead1818@example.com,Facebook,2025-07-23,New,0,Austin,Single Family Home,3,1464,2,2
1819,Joseph Lewis,joseph.lewis.lead1819@example.com,Website,2025-06-15,Follow-up,0,Austin,Villa,1,3220,7,1
1820,Robert Jackson,robert.jackson.lead1820@example.com,Facebook,2025-09-27,Interested,0,Fort Worth,Apartment,3,3577,5,3
1821,Joseph Davis,joseph.davis.lead1821@example.com,Facebook,2026-01-24,Contacted,0,Houston,Townhouse,2,1337,0,1
1822,Sarah Miller,sarah.miller.lead1822@example.com,Website,2025-01-17,New,0,San Antonio,Apartment,1,4381,3,0
1823,Ava Martin,ava.martin.lead1823@example.com,Walk-in,2025-03-27,Contacted,0,San Antonio,Villa,4,4311,7,4
1824,John White,john.white.lead1824@example.com,Facebook,2025-05-22,Converted,1,Plano,Condo,4,3618,0,5
1825,Chris Martin,chris.martin.lead1825@example.com,Realtor.com,2026-04-23,Contacted,0,Dallas,Single Family Home,4,3933,8,3
1826,Olivia White,olivia.white.lead1826@example.com,Referral,2025-11-10,Interested,0,Irving,Apartment,2,3651,5,0
1827,William Martin,william.martin.lead1827@example.com,Facebook,2026-04-08,Interested,0,San Antonio,Condo,4,3431,3,1
1828,Emily Smith,emily.smith.lead1828@example.com,Walk-in,2025-04-19,New,0,Dallas,Condo,3,2714,0,5
1829,Mia Wilson,mia.wilson.lead1829@example.com,Instagram,2025-05-28,New,0,Austin,Apartment,3,1086,2,1
1830,Mia Taylor,mia.taylor.lead1830@example.com,Google Ads,2025-05-22,Interested,0,Houston,Single Family Home,1,3558,4,1
1831,Michael Davis,michael.davis.lead1831@example.com,Instagram,2026-02-20,Follow-up,0,Irving,Townhouse,3,1204,6,4
1832,Charlotte Johnson,charlotte.johnson.lead1832@example.com,Referral,2025-12-05,New,0,Arlington,Apartment,1,1368,5,3
1833,Amelia Clark,amelia.clark.lead1833@example.com,Instagram,2025-07-21,Interested,0,Austin,Apartment,3,1882,5,4
1834,Robert Smith,robert.smith.lead1834@example.com,Realtor.com,2025-08-04,Contacted,0,Austin,Villa,3,2547,5,4
1835,Amelia Thomas,amelia.thomas.lead1835@example.com,Instagram,2025-07-31,Interested,0,Irving,Apartment,3,3934,7,5
1836,Amelia Lewis,amelia.lewis.lead1836@example.com,Zillow,2025-01-24,New,0,Plano,Condo,1,4440,1,3
1837,Joseph Anderson,joseph.anderson.lead1837@example.com,Instagram,2025-06-09,New,0,San Antonio,Townhouse,3,2043,2,2
1838,Ava Taylor,ava.taylor.lead1838@example.com,Realtor.com,2026-02-20,Site Visit Scheduled,0,Arlington,Condo,1,3388,4,2
1839,Amelia Harris,amelia.harris.lead1839@example.com,Realtor.com,2025-03-19,New,0,Arlington,Apartment,2,1378,7,5
1840,William Taylor,william.taylor.lead1840@example.com,Realtor.com,2025-10-23,Follow-up,0,San Antonio,Condo,3,4273,5,5
1841,Chris Clark,chris.clark.lead1841@example.com,Referral,2025-04-15,Lost,0,Houston,Townhouse,4,3732,7,2
1842,Ava Davis,ava.davis.lead1842@example.com,Zillow,2025-12-27,Contacted,0,Houston,Condo,4,4140,0,5
1843,William Johnson,william.johnson.lead1843@example.com,Zillow,2025-11-13,Interested,0,Arlington,Townhouse,2,2710,0,0
1844,David Lewis,david.lewis.lead1844@example.com,Referral,2025-09-26,Site Visit Scheduled,0,Houston,Villa,4,1325,2,2
1845,Olivia Davis,olivia.davis.lead1845@example.com,Realtor.com,2026-01-01,Interested,0,Austin,Condo,2,3253,4,0
1846,Mia White,mia.white.lead1846@example.com,Zillow,2025-06-16,Interested,0,Plano,Apartment,4,4128,7,2
1847,Amelia White,amelia.white.lead1847@example.com,Walk-in,2026-02-18,New,0,Irving,Villa,3,2213,3,3
1848,Ava Miller,ava.miller.lead1848@example.com,Facebook,2025-07-09,New,0,Austin,Apartment,3,4103,1,0
1849,Emily Thomas,emily.thomas.lead1849@example.com,Zillow,2026-01-21,Follow-up,0,Irving,Villa,1,1071,1,5
1850,Daniel Clark,daniel.clark.lead1850@example.com,Google Ads,2026-04-08,Interested,0,Irving,Condo,2,1092,5,0
1851,Sarah Taylor,sarah.taylor.lead1851@example.com,Realtor.com,2025-12-17,Interested,0,Austin,Single Family Home,2,1380,2,0
1852,Mia Smith,mia.smith.lead1852@example.com,Realtor.com,2026-02-11,Contacted,0,Irving,Apartment,3,3883,8,4
1853,Daniel Anderson,daniel.anderson.lead1853@example.com,Walk-in,2025-09-14,Contacted,0,Plano,Apartment,1,1418,0,0
1854,Olivia Johnson,olivia.johnson.lead1854@example.com,Walk-in,2025-02-04,Follow-up,0,Irving,Apartment,4,2913,2,1
1855,Olivia Davis,olivia.davis.lead1855@example.com,Zillow,2026-04-23,Interested,0,Plano,Apartment,4,1390,7,4
1856,Olivia Martin,olivia.martin.lead1856@example.com,Google Ads,2025-12-29,Follow-up,0,Dallas,Apartment,3,2281,3,2
1857,Olivia Wilson,olivia.wilson.lead1857@example.com,Google Ads,2025-10-21,Site Visit Scheduled,0,Dallas,Apartment,1,2928,7,3
1858,Olivia Wilson,olivia.wilson.lead1858@example.com,Google Ads,2025-12-07,Follow-up,0,Austin,Condo,4,3199,4,1
1859,Amelia Harris,amelia.harris.lead1859@example.com,Instagram,2026-02-06,Follow-up,0,Dallas,Single Family Home,4,1236,3,4
1860,Joseph Johnson,joseph.johnson.lead1860@example.com,Website,2025-07-31,New,0,Fort Worth,Townhouse,2,1325,2,1
1861,Joseph Taylor,joseph.taylor.lead1861@example.com,Instagram,2026-04-22,New,0,Plano,Townhouse,1,1573,4,2
1862,Joseph Smith,joseph.smith.lead1862@example.com,Walk-in,2025-07-11,Contacted,0,Irving,Townhouse,4,3574,8,2
1863,Emily Johnson,emily.johnson.lead1863@example.com,Realtor.com,2025-06-23,New,0,San Antonio,Apartment,4,4357,5,2
1864,Ava Miller,ava.miller.lead1864@example.com,Website,2026-04-26,Contacted,0,Arlington,Villa,1,3298,4,5
1865,Robert Brown,robert.brown.lead1865@example.com,Walk-in,2025-02-05,Site Visit Scheduled,0,Irving,Condo,4,3409,1,0
1866,Chris Martin,chris.martin.lead1866@example.com,Walk-in,2025-02-15,Contacted,0,Plano,Villa,4,1979,7,0
1867,Olivia Martin,olivia.martin.lead1867@example.com,Google Ads,2025-01-11,New,0,Arlington,Townhouse,4,4499,2,1
1868,William Wilson,william.wilson.lead1868@example.com,Realtor.com,2025-11-30,Interested,0,San Antonio,Apartment,3,2526,8,2
1869,David Brown,david.brown.lead1869@example.com,Google Ads,2026-02-07,Contacted,0,Dallas,Villa,2,2557,6,3
1870,David Davis,david.davis.lead1870@example.com,Referral,2025-12-11,Follow-up,0,Fort Worth,Villa,3,4235,2,5
1871,William Wilson,william.wilson.lead1871@example.com,Facebook,2025-05-23,Interested,0,Fort Worth,Villa,2,2560,5,1
1872,Amelia Anderson,amelia.anderson.lead1872@example.com,Realtor.com,2026-05-05,Follow-up,0,Fort Worth,Apartment,4,3160,6,2
1873,Charlotte Wilson,charlotte.wilson.lead1873@example.com,Google Ads,2026-01-08,Contacted,0,Austin,Condo,4,3643,0,3
1874,Amelia Moore,amelia.moore.lead1874@example.com,Google Ads,2025-07-25,Contacted,0,Houston,Condo,2,3615,6,5
1875,Emma White,emma.white.lead1875@example.com,Realtor.com,2026-02-20,Follow-up,0,Austin,Single Family Home,1,4389,8,0
1876,Charlotte White,charlotte.white.lead1876@example.com,Website,2025-01-26,Contacted,0,Irving,Villa,2,2275,7,2
1877,John Moore,john.moore.lead1877@example.com,Instagram,2025-10-15,Site Visit Scheduled,0,Irving,Apartment,2,3599,8,0
1878,Sophia Taylor,sophia.taylor.lead1878@example.com,Referral,2025-05-26,New,0,Arlington,Villa,4,4183,4,3
1879,Olivia Lewis,olivia.lewis.lead1879@example.com,Realtor.com,2025-05-28,New,0,Houston,Single Family Home,3,3270,5,2
1880,Olivia Lewis,olivia.lewis.lead1880@example.com,Google Ads,2025-09-10,Converted,1,Irving,Condo,2,3936,2,2
1881,John Lewis,john.lewis.lead1881@example.com,Zillow,2025-03-29,Converted,1,Austin,Single Family Home,1,4169,6,0
1882,Joseph Smith,joseph.smith.lead1882@example.com,Walk-in,2025-03-05,Follow-up,0,Dallas,Apartment,2,3356,3,3
1883,Olivia Clark,olivia.clark.lead1883@example.com,Facebook,2025-12-04,Site Visit Scheduled,0,Austin,Villa,4,2000,5,4
1884,Daniel Miller,daniel.miller.lead1884@example.com,Instagram,2025-05-18,Contacted,0,Irving,Villa,2,2901,2,0
1885,James White,james.white.lead1885@example.com,Realtor.com,2025-04-09,Contacted,0,Houston,Single Family Home,2,1498,2,4
1886,William Anderson,william.anderson.lead1886@example.com,Zillow,2026-02-09,New,0,Plano,Apartment,4,1295,0,4
1887,Robert Wilson,robert.wilson.lead1887@example.com,Referral,2025-11-29,Interested,0,San Antonio,Villa,2,4312,6,3
1888,John Jackson,john.jackson.lead1888@example.com,Realtor.com,2026-02-20,Converted,1,Arlington,Townhouse,4,2225,1,5
1889,David Brown,david.brown.lead1889@example.com,Facebook,2026-04-10,Interested,0,Houston,Villa,1,1451,1,4
1890,Daniel Harris,daniel.harris.lead1890@example.com,Google Ads,2026-02-25,Converted,1,Plano,Condo,3,2394,1,3
1891,William Martin,william.martin.lead1891@example.com,Realtor.com,2025-03-19,Interested,0,Plano,Condo,4,2354,6,0
1892,Olivia Miller,olivia.miller.lead1892@example.com,Zillow,2025-11-10,Contacted,0,Houston,Apartment,3,2449,3,3
1893,John Anderson,john.anderson.lead1893@example.com,Walk-in,2025-06-08,Contacted,0,Houston,Single Family Home,1,3684,6,1
1894,Emily Moore,emily.moore.lead1894@example.com,Walk-in,2025-10-06,Follow-up,0,Fort Worth,Villa,2,2937,2,0
1895,Olivia Thomas,olivia.thomas.lead1895@example.com,Google Ads,2026-05-07,New,0,Austin,Single Family Home,1,3544,0,1
1896,Daniel Clark,daniel.clark.lead1896@example.com,Website,2025-04-14,Follow-up,0,Houston,Villa,3,1325,8,1
1897,Amelia Jackson,amelia.jackson.lead1897@example.com,Facebook,2025-08-29,Interested,0,Dallas,Condo,1,2973,0,2
1898,James Moore,james.moore.lead1898@example.com,Realtor.com,2025-11-22,Lost,0,Plano,Villa,3,1258,3,0
1899,William Brown,william.brown.lead1899@example.com,Zillow,2025-07-20,Contacted,0,Fort Worth,Townhouse,4,2459,1,5
1900,Mia Anderson,mia.anderson.lead1900@example.com,Zillow,2025-06-20,Lost,0,Houston,Townhouse,1,1895,7,3
1901,Amelia Miller,amelia.miller.lead1901@example.com,Walk-in,2025-05-17,Follow-up,0,Austin,Townhouse,1,1033,2,4
1902,Ava White,ava.white.lead1902@example.com,Referral,2026-03-04,Interested,0,Arlington,Single Family Home,1,1385,6,5
1903,Olivia White,olivia.white.lead1903@example.com,Walk-in,2025-04-20,Interested,0,San Antonio,Townhouse,2,3344,6,2
1904,Emma Moore,emma.moore.lead1904@example.com,Google Ads,2025-04-24,Lost,0,Houston,Condo,4,3018,4,3
1905,David Martin,david.martin.lead1905@example.com,Walk-in,2025-11-23,Site Visit Scheduled,0,Fort Worth,Villa,2,2658,7,5
1906,John Lewis,john.lewis.lead1906@example.com,Instagram,2025-05-11,Follow-up,0,Houston,Townhouse,4,2466,0,3
1907,Mia Taylor,mia.taylor.lead1907@example.com,Website,2025-11-06,New,0,Fort Worth,Condo,4,1613,2,4
1908,Emily Clark,emily.clark.lead1908@example.com,Realtor.com,2025-04-02,New,0,Austin,Villa,2,4398,1,4
1909,Emma Harris,emma.harris.lead1909@example.com,Zillow,2026-04-09,Lost,0,Arlington,Single Family Home,4,3160,4,3
1910,Daniel Smith,daniel.smith.lead1910@example.com,Zillow,2026-01-08,Site Visit Scheduled,0,Fort Worth,Villa,1,3388,7,2
1911,James Smith,james.smith.lead1911@example.com,Referral,2026-03-21,Site Visit Scheduled,0,San Antonio,Townhouse,2,2501,8,5
1912,Daniel Johnson,daniel.johnson.lead1912@example.com,Realtor.com,2025-05-09,Converted,1,Houston,Condo,3,3369,4,2
1913,William Martin,william.martin.lead1913@example.com,Facebook,2025-09-22,Contacted,0,Dallas,Townhouse,1,3283,5,3
1914,Michael Martin,michael.martin.lead1914@example.com,Facebook,2025-11-26,Follow-up,0,Dallas,Single Family Home,2,1793,3,0
1915,Michael Miller,michael.miller.lead1915@example.com,Google Ads,2025-11-13,Follow-up,0,Irving,Townhouse,3,2891,1,4
1916,William Clark,william.clark.lead1916@example.com,Facebook,2026-02-06,Follow-up,0,Irving,Villa,3,1912,4,1
1917,Charlotte Martin,charlotte.martin.lead1917@example.com,Instagram,2026-05-30,Follow-up,0,Houston,Apartment,1,2624,7,0
1918,Emily White,emily.white.lead1918@example.com,Zillow,2025-12-07,Contacted,0,Houston,Villa,3,3508,5,0
1919,Emily Jackson,emily.jackson.lead1919@example.com,Google Ads,2026-02-27,Contacted,0,Austin,Apartment,4,3385,2,4
1920,James Jackson,james.jackson.lead1920@example.com,Walk-in,2025-07-29,Follow-up,0,San Antonio,Villa,1,1397,4,4
1921,Emma Anderson,emma.anderson.lead1921@example.com,Website,2025-11-14,Contacted,0,Austin,Single Family Home,4,1191,7,3
1922,Chris Thomas,chris.thomas.lead1922@example.com,Instagram,2026-01-05,Lost,0,Austin,Townhouse,1,3153,4,0
1923,Mia Wilson,mia.wilson.lead1923@example.com,Google Ads,2025-01-21,Interested,0,Arlington,Townhouse,3,3507,7,3
1924,Robert Taylor,robert.taylor.lead1924@example.com,Instagram,2026-03-29,Site Visit Scheduled,0,Dallas,Townhouse,1,2754,0,4
1925,John Harris,john.harris.lead1925@example.com,Walk-in,2025-04-11,Site Visit Scheduled,0,Plano,Apartment,4,4039,2,1
1926,Daniel Martin,daniel.martin.lead1926@example.com,Referral,2025-10-06,Interested,0,Fort Worth,Apartment,4,2385,0,4
1927,Chris Miller,chris.miller.lead1927@example.com,Referral,2025-11-22,Interested,0,Austin,Villa,1,1115,0,1
1928,Mia Johnson,mia.johnson.lead1928@example.com,Instagram,2025-11-08,Interested,0,Fort Worth,Townhouse,4,4107,2,4
1929,Sarah White,sarah.white.lead1929@example.com,Google Ads,2026-05-09,New,0,Plano,Single Family Home,1,2218,4,4
1930,Charlotte White,charlotte.white.lead1930@example.com,Realtor.com,2025-11-17,Site Visit Scheduled,0,Arlington,Single Family Home,3,3776,4,1
1931,Robert Taylor,robert.taylor.lead1931@example.com,Walk-in,2025-09-09,Site Visit Scheduled,0,Houston,Condo,3,1763,1,4
1932,Sarah Moore,sarah.moore.lead1932@example.com,Facebook,2025-02-24,Contacted,0,San Antonio,Townhouse,1,3199,3,0
1933,Emma Martin,emma.martin.lead1933@example.com,Walk-in,2025-09-18,Interested,0,Dallas,Single Family Home,1,2561,3,2
1934,Sophia Thomas,sophia.thomas.lead1934@example.com,Google Ads,2025-07-19,Interested,0,Fort Worth,Townhouse,2,2887,0,5
1935,William Davis,william.davis.lead1935@example.com,Referral,2025-06-13,Lost,0,Austin,Condo,1,4307,6,5
1936,Michael Wilson,michael.wilson.lead1936@example.com,Instagram,2026-01-21,Follow-up,0,Houston,Single Family Home,1,1174,1,5
1937,John Johnson,john.johnson.lead1937@example.com,Realtor.com,2025-09-04,Contacted,0,Austin,Single Family Home,4,4463,0,5
1938,Chris White,chris.white.lead1938@example.com,Zillow,2025-09-03,Converted,1,Arlington,Condo,3,3390,4,5
1939,David Brown,david.brown.lead1939@example.com,Facebook,2026-04-08,Contacted,0,Houston,Single Family Home,4,2328,3,4
1940,Robert Wilson,robert.wilson.lead1940@example.com,Google Ads,2025-06-10,New,0,San Antonio,Single Family Home,3,4206,2,0
1941,Sophia Brown,sophia.brown.lead1941@example.com,Walk-in,2025-03-19,Contacted,0,Arlington,Townhouse,1,3495,0,4
1942,John Moore,john.moore.lead1942@example.com,Google Ads,2026-01-21,Follow-up,0,Plano,Single Family Home,3,4042,3,4
1943,David Smith,david.smith.lead1943@example.com,Google Ads,2025-08-20,Interested,0,Irving,Villa,2,4382,7,3
1944,James Moore,james.moore.lead1944@example.com,Walk-in,2025-07-02,Interested,0,San Antonio,Single Family Home,4,3112,6,4
1945,Olivia Taylor,olivia.taylor.lead1945@example.com,Facebook,2025-12-06,Contacted,0,Plano,Apartment,1,3143,0,5
1946,Emma White,emma.white.lead1946@example.com,Instagram,2025-11-14,Site Visit Scheduled,0,San Antonio,Single Family Home,2,2140,0,3
1947,Daniel Johnson,daniel.johnson.lead1947@example.com,Website,2026-04-23,Site Visit Scheduled,0,Plano,Villa,2,1329,2,0
1948,William Clark,william.clark.lead1948@example.com,Zillow,2025-05-18,Interested,0,Plano,Townhouse,2,3420,1,0
1949,Michael Wilson,michael.wilson.lead1949@example.com,Google Ads,2025-02-23,Contacted,0,Dallas,Condo,2,3730,8,0
1950,Sarah Miller,sarah.miller.lead1950@example.com,Zillow,2026-04-04,Interested,0,Arlington,Townhouse,1,1605,2,3
1951,Michael Clark,michael.clark.lead1951@example.com,Google Ads,2026-03-13,New,0,Dallas,Villa,1,3536,2,1
1952,Mia Davis,mia.davis.lead1952@example.com,Referral,2025-06-28,Follow-up,0,Arlington,Villa,4,2485,4,3
1953,Olivia Davis,olivia.davis.lead1953@example.com,Facebook,2025-12-22,Contacted,0,Houston,Single Family Home,3,1776,6,2
1954,Robert Wilson,robert.wilson.lead1954@example.com,Website,2025-11-30,Lost,0,Fort Worth,Single Family Home,3,3275,4,0
1955,Ava Lewis,ava.lewis.lead1955@example.com,Google Ads,2026-03-14,Site Visit Scheduled,0,Plano,Condo,2,1752,5,3
1956,Ava White,ava.white.lead1956@example.com,Realtor.com,2026-03-24,Lost,0,Irving,Single Family Home,3,2176,5,5
1957,Charlotte Lewis,charlotte.lewis.lead1957@example.com,Zillow,2026-02-21,New,0,Dallas,Apartment,4,2217,7,4
1958,Emily Anderson,emily.anderson.lead1958@example.com,Zillow,2025-01-06,New,0,Plano,Single Family Home,2,1172,5,3
1959,Joseph Clark,joseph.clark.lead1959@example.com,Walk-in,2026-03-11,Converted,1,Dallas,Condo,4,2171,5,0
1960,Amelia Johnson,amelia.johnson.lead1960@example.com,Realtor.com,2025-01-07,Follow-up,0,San Antonio,Villa,2,3720,8,2
1961,Sarah Thomas,sarah.thomas.lead1961@example.com,Zillow,2026-04-21,New,0,Fort Worth,Apartment,2,2610,0,5
1962,Olivia Wilson,olivia.wilson.lead1962@example.com,Website,2025-08-18,New,0,Plano,Villa,3,1615,4,5
1963,Robert Miller,robert.miller.lead1963@example.com,Walk-in,2025-04-09,Contacted,0,Arlington,Single Family Home,4,2448,4,4
1964,Charlotte Brown,charlotte.brown.lead1964@example.com,Walk-in,2025-12-03,New,0,Plano,Townhouse,2,3645,8,2
1965,Sophia Taylor,sophia.taylor.lead1965@example.com,Referral,2025-10-28,Converted,1,Plano,Condo,3,2948,3,2
1966,James Miller,james.miller.lead1966@example.com,Referral,2025-11-26,Interested,0,Austin,Villa,1,3153,0,0
1967,Amelia Brown,amelia.brown.lead1967@example.com,Google Ads,2026-04-14,Contacted,0,Arlington,Apartment,1,3633,1,2
1968,Emily Taylor,emily.taylor.lead1968@example.com,Website,2025-04-09,Converted,1,Houston,Townhouse,1,2635,4,5
1969,James Harris,james.harris.lead1969@example.com,Website,2025-10-03,Interested,0,Fort Worth,Apartment,3,3433,7,2
1970,Joseph Moore,joseph.moore.lead1970@example.com,Walk-in,2026-01-02,Lost,0,San Antonio,Villa,1,3654,0,5
1971,Ava Wilson,ava.wilson.lead1971@example.com,Referral,2025-10-29,Follow-up,0,Dallas,Single Family Home,2,3668,8,5
1972,Emily Jackson,emily.jackson.lead1972@example.com,Instagram,2026-04-22,New,0,San Antonio,Villa,3,3235,5,0
1973,Mia Thomas,mia.thomas.lead1973@example.com,Website,2025-05-04,Lost,0,Fort Worth,Single Family Home,2,2270,7,2
1974,William Clark,william.clark.lead1974@example.com,Website,2026-01-24,Converted,1,Dallas,Condo,1,4324,6,4
1975,Daniel Davis,daniel.davis.lead1975@example.com,Facebook,2025-04-13,Contacted,0,Houston,Single Family Home,3,4014,8,1
1976,Robert Jackson,robert.jackson.lead1976@example.com,Instagram,2025-06-13,Site Visit Scheduled,0,Plano,Condo,1,3308,6,4
1977,Chris Miller,chris.miller.lead1977@example.com,Zillow,2025-04-24,Site Visit Scheduled,0,Irving,Condo,3,3353,0,3
1978,John Wilson,john.wilson.lead1978@example.com,Facebook,2025-01-12,New,0,Arlington,Villa,3,2639,1,5
1979,Chris Smith,chris.smith.lead1979@example.com,Referral,2026-01-28,Lost,0,San Antonio,Townhouse,4,2396,3,5
1980,Daniel Anderson,daniel.anderson.lead1980@example.com,Google Ads,2026-03-10,Contacted,0,Houston,Villa,4,3203,5,4
1981,Joseph Anderson,joseph.anderson.lead1981@example.com,Instagram,2026-04-30,Interested,0,Fort Worth,Apartment,1,1894,8,4
1982,David Brown,david.brown.lead1982@example.com,Zillow,2026-04-30,Contacted,0,Fort Worth,Villa,2,3852,3,0
1983,Daniel Taylor,daniel.taylor.lead1983@example.com,Website,2026-03-29,New,0,Austin,Condo,1,2028,2,3
1984,Joseph Lewis,joseph.lewis.lead1984@example.com,Website,2026-05-12,Contacted,0,Irving,Single Family Home,1,1882,3,5
1985,Olivia Wilson,olivia.wilson.lead1985@example.com,Facebook,2025-05-26,Follow-up,0,Dallas,Apartment,3,4301,4,4
1986,Ava Taylor,ava.taylor.lead1986@example.com,Realtor.com,2025-04-11,Interested,0,Plano,Townhouse,3,1359,7,0
1987,Sarah Thomas,sarah.thomas.lead1987@example.com,Website,2025-01-18,Converted,1,Austin,Villa,3,3638,2,1
1988,Daniel Davis,daniel.davis.lead1988@example.com,Referral,2025-08-17,Interested,0,Arlington,Villa,4,1079,7,5
1989,Daniel Moore,daniel.moore.lead1989@example.com,Zillow,2025-03-02,Contacted,0,San Antonio,Condo,2,1043,5,5
1990,David Lewis,david.lewis.lead1990@example.com,Referral,2025-12-22,Contacted,0,Houston,Villa,4,1813,8,1
1991,Olivia Johnson,olivia.johnson.lead1991@example.com,Instagram,2025-06-09,Converted,1,Fort Worth,Single Family Home,4,3472,8,2
1992,Ava Harris,ava.harris.lead1992@example.com,Website,2026-04-08,New,0,Austin,Apartment,4,1233,2,0
1993,Joseph Miller,joseph.miller.lead1993@example.com,Instagram,2025-01-11,New,0,Fort Worth,Condo,4,4272,4,5
1994,James Moore,james.moore.lead1994@example.com,Referral,2025-05-11,Site Visit Scheduled,0,Irving,Villa,3,1524,0,5
1995,Emma Davis,emma.davis.lead1995@example.com,Zillow,2026-01-22,Contacted,0,Houston,Apartment,2,2009,1,4
1996,Ava Anderson,ava.anderson.lead1996@example.com,Instagram,2025-10-12,Interested,0,Plano,Villa,3,2012,4,3
1997,Chris Johnson,chris.johnson.lead1997@example.com,Facebook,2025-11-10,Contacted,0,San Antonio,Apartment,4,2904,5,3
1998,Sophia Anderson,sophia.anderson.lead1998@example.com,Referral,2025-11-30,Site Visit Scheduled,0,Dallas,Townhouse,3,1976,4,2
1999,Emily White,emily.white.lead1999@example.com,Zillow,2025-10-27,Follow-up,0,Arlington,Villa,3,2167,2,5
2000,Joseph Harris,joseph.harris.lead2000@example.com,Google Ads,2025-01-18,Contacted,0,San Antonio,Apartment,3,2452,3,0
2001,Charlotte Thomas,charlotte.thomas.lead2001@example.com,Google Ads,2025-04-11,Contacted,0,Austin,Condo,4,1213,5,2
2002,Joseph Taylor,joseph.taylor.lead2002@example.com,Instagram,2025-05-16,Follow-up,0,Houston,Apartment,3,2897,4,1
2003,Olivia Anderson,olivia.anderson.lead2003@example.com,Google Ads,2025-01-02,Lost,0,Fort Worth,Single Family Home,2,1572,4,0
2004,Olivia Thomas,olivia.thomas.lead2004@example.com,Facebook,2026-04-12,Contacted,0,Arlington,Apartment,4,1462,4,0
2005,Charlotte White,charlotte.white.lead2005@example.com,Realtor.com,2025-02-23,Follow-up,0,Houston,Villa,2,4271,3,4
2006,Amelia Lewis,amelia.lewis.lead2006@example.com,Facebook,2026-01-17,Contacted,0,Arlington,Apartment,1,1759,8,2
2007,Joseph Moore,joseph.moore.lead2007@example.com,Realtor.com,2025-07-03,Contacted,0,Arlington,Villa,2,2397,1,4
2008,Daniel White,daniel.white.lead2008@example.com,Referral,2025-12-21,New,0,Fort Worth,Single Family Home,1,3878,1,4
2009,Daniel Wilson,daniel.wilson.lead2009@example.com,Walk-in,2025-08-29,Site Visit Scheduled,0,Fort Worth,Villa,1,2935,6,2
2010,Michael Moore,michael.moore.lead2010@example.com,Google Ads,2025-11-13,Contacted,0,Plano,Villa,3,2290,7,5
2011,Emma Clark,emma.clark.lead2011@example.com,Google Ads,2025-02-21,New,0,Austin,Villa,3,3461,2,2
2012,Michael Johnson,michael.johnson.lead2012@example.com,Google Ads,2026-04-16,Interested,0,Dallas,Apartment,4,3410,3,1
2013,Chris Thomas,chris.thomas.lead2013@example.com,Facebook,2026-05-25,Interested,0,Houston,Townhouse,3,915,7,4
2014,Sophia Smith,sophia.smith.lead2014@example.com,Facebook,2025-03-27,Converted,1,Arlington,Townhouse,4,1386,8,4
2015,Emily Brown,emily.brown.lead2015@example.com,Facebook,2025-04-25,Contacted,0,Dallas,Condo,2,1500,4,2
2016,Mia Wilson,mia.wilson.lead2016@example.com,Zillow,2025-03-20,Follow-up,0,Dallas,Villa,2,2704,1,0
2017,William Lewis,william.lewis.lead2017@example.com,Website,2026-01-02,Follow-up,0,Plano,Apartment,1,1337,0,2
2018,Daniel Thomas,daniel.thomas.lead2018@example.com,Realtor.com,2026-03-25,New,0,Dallas,Apartment,1,3977,2,1
2019,Emma Harris,emma.harris.lead2019@example.com,Referral,2026-01-12,Converted,1,Austin,Apartment,1,2290,0,1
2020,Robert Martin,robert.martin.lead2020@example.com,Instagram,2025-09-02,Converted,1,Plano,Villa,3,2831,7,5
2021,David Anderson,david.anderson.lead2021@example.com,Google Ads,2026-02-02,New,0,Plano,Apartment,2,2959,1,1
2022,David Wilson,david.wilson.lead2022@example.com,Facebook,2026-05-01,Contacted,0,Houston,Townhouse,1,2567,1,1
2023,Joseph Johnson,joseph.johnson.lead2023@example.com,Facebook,2025-02-23,Interested,0,Houston,Condo,2,3990,3,3
2024,John White,john.white.lead2024@example.com,Facebook,2025-10-29,Site Visit Scheduled,0,Dallas,Townhouse,2,2471,2,4
2025,Olivia Jackson,olivia.jackson.lead2025@example.com,Zillow,2026-02-07,Converted,1,San Antonio,Townhouse,4,4376,6,1
2026,David Martin,david.martin.lead2026@example.com,Google Ads,2025-02-24,Contacted,0,Fort Worth,Condo,3,2116,3,2
2027,Ava Wilson,ava.wilson.lead2027@example.com,Realtor.com,2025-09-19,New,0,Houston,Condo,4,2706,6,5
2028,Chris Wilson,chris.wilson.lead2028@example.com,Instagram,2025-03-17,Follow-up,0,Irving,Townhouse,4,3758,0,2
2029,Mia Jackson,mia.jackson.lead2029@example.com,Website,2025-06-24,New,0,Austin,Townhouse,4,3997,4,1
2030,Mia Thomas,mia.thomas.lead2030@example.com,Google Ads,2025-10-06,New,0,Arlington,Condo,1,3080,6,0
2031,Michael Thomas,michael.thomas.lead2031@example.com,Website,2026-03-15,New,0,Arlington,Apartment,3,1809,6,2
2032,Sophia White,sophia.white.lead2032@example.com,Walk-in,2025-11-22,New,0,Austin,Villa,3,1276,0,0
2033,Mia Smith,mia.smith.lead2033@example.com,Website,2026-04-22,Converted,1,San Antonio,Single Family Home,4,1775,8,0
2034,Joseph Taylor,joseph.taylor.lead2034@example.com,Zillow,2026-01-14,Interested,0,Plano,Single Family Home,2,3059,6,2
2035,James Anderson,james.anderson.lead2035@example.com,Instagram,2026-04-05,Site Visit Scheduled,0,Arlington,Townhouse,2,2428,5,5
2036,Ava Wilson,ava.wilson.lead2036@example.com,Google Ads,2025-11-07,Site Visit Scheduled,0,Dallas,Condo,2,3895,7,2
2037,Robert Anderson,robert.anderson.lead2037@example.com,Instagram,2025-03-05,Follow-up,0,Arlington,Single Family Home,4,3652,7,1
2038,James Taylor,james.taylor.lead2038@example.com,Website,2025-12-08,Follow-up,0,Dallas,Single Family Home,4,4010,7,4
2039,Daniel White,daniel.white.lead2039@example.com,Facebook,2025-08-16,Converted,1,Fort Worth,Townhouse,4,1340,7,0
2040,Chris Clark,chris.clark.lead2040@example.com,Website,2025-04-19,Contacted,0,Plano,Apartment,2,1600,5,4
2041,Robert Moore,robert.moore.lead2041@example.com,Zillow,2026-05-13,Site Visit Scheduled,0,Plano,Condo,1,1202,5,1
2042,Olivia Johnson,olivia.johnson.lead2042@example.com,Referral,2025-01-21,New,0,Houston,Townhouse,3,2441,6,2
2043,Emma Lewis,emma.lewis.lead2043@example.com,Referral,2025-10-23,Interested,0,Austin,Apartment,2,3808,6,3
2044,James Smith,james.smith.lead2044@example.com,Facebook,2025-08-16,Site Visit Scheduled,0,Irving,Single Family Home,3,3227,0,0
2045,David Clark,david.clark.lead2045@example.com,Google Ads,2025-02-04,Contacted,0,Fort Worth,Condo,1,4309,7,0
2046,Joseph Anderson,joseph.anderson.lead2046@example.com,Instagram,2025-02-28,Follow-up,0,Irving,Condo,2,4314,7,1
2047,Emma Martin,emma.martin.lead2047@example.com,Instagram,2025-06-23,Contacted,0,Austin,Townhouse,4,2732,0,0
2048,Sarah Smith,sarah.smith.lead2048@example.com,Instagram,2026-03-30,Interested,0,Irving,Townhouse,1,3510,0,4
2049,William Johnson,william.johnson.lead2049@example.com,Realtor.com,2026-01-15,Contacted,0,Fort Worth,Condo,1,3003,8,0
2050,Robert Davis,robert.davis.lead2050@example.com,Instagram,2025-09-07,Converted,1,Dallas,Apartment,1,3057,7,0
2051,John Davis,john.davis.lead2051@example.com,Referral,2025-05-16,Site Visit Scheduled,0,Dallas,Villa,4,1513,8,1
2052,Sarah Jackson,sarah.jackson.lead2052@example.com,Referral,2025-05-05,Site Visit Scheduled,0,Fort Worth,Single Family Home,1,4360,6,4
2053,Michael Anderson,michael.anderson.lead2053@example.com,Realtor.com,2026-04-20,Site Visit Scheduled,0,Fort Worth,Single Family Home,4,921,1,0
2054,Emma Thomas,emma.thomas.lead2054@example.com,Google Ads,2026-03-12,New,0,San Antonio,Villa,2,1225,2,2
2055,Emma Harris,emma.harris.lead2055@example.com,Realtor.com,2025-12-04,New,0,San Antonio,Apartment,4,4066,7,1
2056,Emma Brown,emma.brown.lead2056@example.com,Zillow,2025-06-09,Converted,1,Arlington,Townhouse,3,980,6,2
2057,James Johnson,james.johnson.lead2057@example.com,Referral,2025-06-10,Contacted,0,Austin,Single Family Home,2,3792,5,2
2058,Joseph Johnson,joseph.johnson.lead2058@example.com,Zillow,2025-12-20,Follow-up,0,Plano,Apartment,2,3748,4,1
2059,Daniel Miller,daniel.miller.lead2059@example.com,Facebook,2026-01-19,Contacted,0,Irving,Villa,1,1781,7,5
2060,James Thomas,james.thomas.lead2060@example.com,Facebook,2025-07-18,Lost,0,Arlington,Apartment,2,2938,0,3
2061,David Moore,david.moore.lead2061@example.com,Instagram,2026-03-02,Contacted,0,Austin,Condo,4,958,4,2
2062,Joseph Wilson,joseph.wilson.lead2062@example.com,Instagram,2025-01-12,Site Visit Scheduled,0,Austin,Villa,1,2990,0,2
2063,Emily Taylor,emily.taylor.lead2063@example.com,Realtor.com,2026-01-31,Interested,0,Dallas,Condo,4,3758,6,1
2064,Robert Johnson,robert.johnson.lead2064@example.com,Walk-in,2026-03-21,Interested,0,Austin,Single Family Home,1,4144,0,2
2065,Charlotte Davis,charlotte.davis.lead2065@example.com,Walk-in,2025-12-02,Site Visit Scheduled,0,Irving,Townhouse,3,2119,4,3
2066,Mia Clark,mia.clark.lead2066@example.com,Instagram,2025-09-09,Lost,0,Arlington,Apartment,3,3836,3,2
2067,Olivia Clark,olivia.clark.lead2067@example.com,Google Ads,2026-04-21,Converted,1,Houston,Villa,2,3503,7,3
2068,Emily Jackson,emily.jackson.lead2068@example.com,Facebook,2025-10-24,Interested,0,San Antonio,Condo,3,3997,4,3
2069,Ava Jackson,ava.jackson.lead2069@example.com,Website,2025-01-31,New,0,San Antonio,Villa,1,3552,4,1
2070,Robert Martin,robert.martin.lead2070@example.com,Zillow,2025-10-28,Converted,1,Plano,Villa,2,3999,3,1
2071,Sophia Thomas,sophia.thomas.lead2071@example.com,Realtor.com,2025-12-24,Contacted,0,Plano,Condo,2,3862,2,4
2072,Emily White,emily.white.lead2072@example.com,Website,2025-06-02,Contacted,0,Arlington,Villa,1,3647,1,1
2073,Sophia Clark,sophia.clark.lead2073@example.com,Zillow,2025-03-21,Site Visit Scheduled,0,Irving,Condo,4,1199,0,0
2074,Ava Brown,ava.brown.lead2074@example.com,Realtor.com,2025-04-21,Contacted,0,Fort Worth,Villa,2,1223,1,2
2075,Sophia Anderson,sophia.anderson.lead2075@example.com,Instagram,2026-01-02,New,0,Austin,Condo,3,3147,0,4
2076,David Harris,david.harris.lead2076@example.com,Website,2026-01-09,Follow-up,0,Houston,Townhouse,4,3358,2,0
2077,Mia Brown,mia.brown.lead2077@example.com,Website,2025-04-05,Lost,0,Dallas,Apartment,3,3585,4,1
2078,John Johnson,john.johnson.lead2078@example.com,Website,2025-05-22,Follow-up,0,Austin,Condo,3,2781,6,4
2079,Ava Miller,ava.miller.lead2079@example.com,Website,2025-07-13,Follow-up,0,Arlington,Single Family Home,2,3534,6,1
2080,Olivia Harris,olivia.harris.lead2080@example.com,Referral,2025-04-13,Interested,0,Arlington,Townhouse,2,2608,1,5
2081,Sarah Clark,sarah.clark.lead2081@example.com,Referral,2026-05-03,Converted,1,Plano,Townhouse,1,1836,4,1
2082,Emily Thomas,emily.thomas.lead2082@example.com,Walk-in,2026-01-21,Contacted,0,Austin,Condo,1,3324,4,1
2083,Joseph Moore,joseph.moore.lead2083@example.com,Zillow,2025-05-18,Follow-up,0,Fort Worth,Townhouse,1,2591,5,4
2084,Ava Lewis,ava.lewis.lead2084@example.com,Instagram,2025-10-27,Follow-up,0,San Antonio,Townhouse,2,1908,8,4
2085,Charlotte Wilson,charlotte.wilson.lead2085@example.com,Facebook,2026-04-15,Site Visit Scheduled,0,San Antonio,Villa,3,2266,5,2
2086,Ava Smith,ava.smith.lead2086@example.com,Referral,2025-01-10,New,0,San Antonio,Townhouse,4,1520,1,0
2087,Charlotte Clark,charlotte.clark.lead2087@example.com,Website,2025-08-02,Contacted,0,Plano,Townhouse,4,4177,8,3
2088,Robert Miller,robert.miller.lead2088@example.com,Google Ads,2025-08-09,New,0,Irving,Single Family Home,3,3335,3,5
2089,John Johnson,john.johnson.lead2089@example.com,Google Ads,2025-12-26,Contacted,0,Austin,Single Family Home,3,3580,2,5
2090,Mia Harris,mia.harris.lead2090@example.com,Google Ads,2026-05-15,Converted,1,Houston,Apartment,2,2761,5,1
2091,Ava White,ava.white.lead2091@example.com,Referral,2025-08-15,New,0,Arlington,Apartment,1,4204,7,2
2092,Emma Lewis,emma.lewis.lead2092@example.com,Realtor.com,2025-07-20,Contacted,0,Houston,Villa,3,3632,2,0
2093,James Brown,james.brown.lead2093@example.com,Google Ads,2025-11-15,Interested,0,Plano,Single Family Home,4,2656,8,3
2094,David Clark,david.clark.lead2094@example.com,Zillow,2025-08-09,Contacted,0,Fort Worth,Single Family Home,1,1846,0,2
2095,Daniel Wilson,daniel.wilson.lead2095@example.com,Google Ads,2026-05-11,New,0,Plano,Single Family Home,4,2674,4,1
2096,Michael Davis,michael.davis.lead2096@example.com,Facebook,2025-01-01,Site Visit Scheduled,0,Irving,Single Family Home,4,1237,8,5
2097,Charlotte Thomas,charlotte.thomas.lead2097@example.com,Zillow,2026-05-08,Interested,0,Austin,Apartment,3,3630,3,3
2098,William Miller,william.miller.lead2098@example.com,Website,2025-12-29,Interested,0,Dallas,Condo,4,3738,1,5
2099,Chris Jackson,chris.jackson.lead2099@example.com,Walk-in,2025-10-09,Contacted,0,Irving,Apartment,4,3021,4,4
2100,Sophia Moore,sophia.moore.lead2100@example.com,Zillow,2025-03-31,Converted,1,Fort Worth,Condo,3,4036,4,0
2101,Olivia Harris,olivia.harris.lead2101@example.com,Website,2026-02-07,Follow-up,0,Austin,Villa,4,1307,3,1
2102,Sophia White,sophia.white.lead2102@example.com,Facebook,2025-06-25,Contacted,0,Fort Worth,Single Family Home,1,3152,6,2
2103,Robert Brown,robert.brown.lead2103@example.com,Google Ads,2026-03-27,Converted,1,Houston,Single Family Home,4,3747,1,5
2104,Ava Thomas,ava.thomas.lead2104@example.com,Website,2025-07-23,Contacted,0,Plano,Apartment,4,2009,4,2
2105,William Lewis,william.lewis.lead2105@example.com,Realtor.com,2025-10-28,New,0,Arlington,Townhouse,1,2091,8,1
2106,Emma Harris,emma.harris.lead2106@example.com,Google Ads,2026-01-11,Site Visit Scheduled,0,Houston,Villa,4,1721,3,0
2107,James Clark,james.clark.lead2107@example.com,Realtor.com,2026-01-24,Interested,0,Plano,Apartment,4,2797,0,1
2108,James Smith,james.smith.lead2108@example.com,Realtor.com,2026-03-14,Lost,0,Arlington,Apartment,4,3845,5,0
2109,Joseph White,joseph.white.lead2109@example.com,Realtor.com,2025-02-18,New,0,Austin,Single Family Home,4,2647,5,2
2110,Michael Miller,michael.miller.lead2110@example.com,Walk-in,2026-05-24,Lost,0,Irving,Apartment,3,4026,1,1
2111,Daniel Smith,daniel.smith.lead2111@example.com,Google Ads,2025-10-18,Interested,0,San Antonio,Townhouse,4,1700,0,0
2112,John Brown,john.brown.lead2112@example.com,Referral,2026-05-15,Converted,1,Austin,Condo,2,931,8,4
2113,Emma Moore,emma.moore.lead2113@example.com,Google Ads,2025-04-08,New,0,Austin,Single Family Home,1,2852,8,3
2114,Chris Davis,chris.davis.lead2114@example.com,Instagram,2025-03-17,New,0,Irving,Townhouse,4,2261,6,5
2115,John Davis,john.davis.lead2115@example.com,Zillow,2026-03-27,Follow-up,0,Dallas,Villa,2,3029,6,1
2116,Ava Brown,ava.brown.lead2116@example.com,Facebook,2025-08-19,Interested,0,Plano,Single Family Home,1,1427,6,3
2117,James Brown,james.brown.lead2117@example.com,Referral,2025-07-31,Contacted,0,Arlington,Single Family Home,4,2903,4,4
2118,Sophia Davis,sophia.davis.lead2118@example.com,Realtor.com,2026-05-16,New,0,Houston,Villa,3,2235,5,4
2119,Sophia Lewis,sophia.lewis.lead2119@example.com,Facebook,2025-04-06,Contacted,0,Irving,Townhouse,4,3600,6,5
2120,James Davis,james.davis.lead2120@example.com,Facebook,2026-04-12,Interested,0,Irving,Condo,1,1778,5,2
2121,Amelia Moore,amelia.moore.lead2121@example.com,Walk-in,2025-07-19,Follow-up,0,Irving,Apartment,2,1605,5,0
2122,Michael Moore,michael.moore.lead2122@example.com,Walk-in,2026-04-30,New,0,San Antonio,Single Family Home,4,2547,8,3
2123,James Clark,james.clark.lead2123@example.com,Zillow,2026-03-15,Site Visit Scheduled,0,San Antonio,Townhouse,3,3544,8,1
2124,Emma Lewis,emma.lewis.lead2124@example.com,Referral,2025-07-01,Lost,0,Houston,Villa,3,3418,5,4
2125,Amelia Lewis,amelia.lewis.lead2125@example.com,Website,2025-12-26,Site Visit Scheduled,0,Arlington,Villa,1,2044,5,0
2126,Michael Thomas,michael.thomas.lead2126@example.com,Zillow,2026-03-02,New,0,Irving,Condo,4,2429,3,4
2127,Charlotte Anderson,charlotte.anderson.lead2127@example.com,Google Ads,2025-03-22,Converted,1,San Antonio,Townhouse,1,2863,2,2
2128,Sophia Taylor,sophia.taylor.lead2128@example.com,Realtor.com,2025-01-27,Site Visit Scheduled,0,San Antonio,Townhouse,4,4438,2,4
2129,William Martin,william.martin.lead2129@example.com,Website,2025-06-10,Follow-up,0,Irving,Condo,4,2401,0,1
2130,Sophia Moore,sophia.moore.lead2130@example.com,Instagram,2026-05-14,Converted,1,Irving,Townhouse,3,2704,1,0
2131,Amelia Anderson,amelia.anderson.lead2131@example.com,Referral,2025-05-05,Follow-up,0,Houston,Single Family Home,2,3297,0,0
2132,Michael Anderson,michael.anderson.lead2132@example.com,Facebook,2025-12-10,Interested,0,Dallas,Condo,1,3448,7,1
2133,Chris Johnson,chris.johnson.lead2133@example.com,Realtor.com,2026-03-24,Interested,0,Houston,Condo,3,1226,6,5
2134,Mia Davis,mia.davis.lead2134@example.com,Instagram,2026-05-26,Follow-up,0,San Antonio,Single Family Home,3,2845,5,4
2135,Charlotte White,charlotte.white.lead2135@example.com,Referral,2025-03-29,Interested,0,Arlington,Townhouse,1,3769,7,4
2136,Ava Martin,ava.martin.lead2136@example.com,Realtor.com,2025-02-25,Converted,1,Fort Worth,Single Family Home,2,3551,3,5
2137,Mia Davis,mia.davis.lead2137@example.com,Facebook,2025-07-29,Converted,1,Dallas,Condo,4,3107,6,4
2138,Emily Thomas,emily.thomas.lead2138@example.com,Realtor.com,2025-07-11,New,0,Austin,Townhouse,1,972,3,0
2139,James Miller,james.miller.lead2139@example.com,Website,2025-06-22,New,0,San Antonio,Condo,4,1284,5,0
2140,Sophia Moore,sophia.moore.lead2140@example.com,Zillow,2025-10-17,Site Visit Scheduled,0,Plano,Condo,4,1628,0,1
2141,Emily Brown,emily.brown.lead2141@example.com,Instagram,2025-06-18,Contacted,0,Dallas,Apartment,3,3111,5,1
2142,Joseph Martin,joseph.martin.lead2142@example.com,Realtor.com,2026-04-05,New,0,Arlington,Condo,4,2531,2,0
2143,Michael Jackson,michael.jackson.lead2143@example.com,Walk-in,2025-03-11,Contacted,0,San Antonio,Villa,1,3484,5,5
2144,Michael Moore,michael.moore.lead2144@example.com,Google Ads,2026-01-07,Site Visit Scheduled,0,San Antonio,Apartment,2,3187,0,0
2145,Joseph Jackson,joseph.jackson.lead2145@example.com,Facebook,2025-01-31,New,0,Dallas,Townhouse,1,2177,7,0
2146,Michael Harris,michael.harris.lead2146@example.com,Google Ads,2026-05-18,Converted,1,San Antonio,Villa,1,1650,3,2
2147,Chris Thomas,chris.thomas.lead2147@example.com,Referral,2026-03-27,Converted,1,Fort Worth,Single Family Home,4,2097,6,1
2148,David Lewis,david.lewis.lead2148@example.com,Facebook,2025-10-29,Converted,1,Arlington,Single Family Home,2,3380,1,0
2149,Emma Lewis,emma.lewis.lead2149@example.com,Referral,2025-05-17,Converted,1,Austin,Townhouse,1,2930,7,2
2150,John Lewis,john.lewis.lead2150@example.com,Walk-in,2025-05-28,New,0,Irving,Apartment,3,1866,6,0
2151,Emily Jackson,emily.jackson.lead2151@example.com,Instagram,2025-06-25,Follow-up,0,Fort Worth,Apartment,3,3399,5,3
2152,Sarah Martin,sarah.martin.lead2152@example.com,Realtor.com,2026-03-20,Follow-up,0,Plano,Villa,2,3726,7,4
2153,Mia Clark,mia.clark.lead2153@example.com,Referral,2026-04-20,Interested,0,Arlington,Villa,1,1295,3,5
2154,David Lewis,david.lewis.lead2154@example.com,Instagram,2025-01-02,Site Visit Scheduled,0,Irving,Apartment,1,3854,2,1
2155,William Martin,william.martin.lead2155@example.com,Facebook,2025-12-11,Contacted,0,Austin,Condo,3,3916,3,0
2156,John Taylor,john.taylor.lead2156@example.com,Realtor.com,2025-02-10,Interested,0,Arlington,Townhouse,4,2950,5,4
2157,Ava Brown,ava.brown.lead2157@example.com,Instagram,2025-11-08,Interested,0,Irving,Townhouse,2,3123,2,0
2158,Michael Miller,michael.miller.lead2158@example.com,Instagram,2026-02-17,Follow-up,0,Austin,Apartment,2,2448,7,2
2159,Mia Lewis,mia.lewis.lead2159@example.com,Instagram,2025-12-02,Converted,1,Plano,Condo,3,4119,3,0
2160,Chris Anderson,chris.anderson.lead2160@example.com,Google Ads,2025-04-25,Contacted,0,Irving,Villa,2,2079,2,2
2161,William White,william.white.lead2161@example.com,Realtor.com,2025-06-17,New,0,Dallas,Condo,3,1959,3,5
2162,Mia Smith,mia.smith.lead2162@example.com,Instagram,2026-01-14,Converted,1,San Antonio,Villa,1,4333,4,4
2163,Chris Martin,chris.martin.lead2163@example.com,Instagram,2025-09-17,New,0,Irving,Condo,4,1626,0,1
2164,Amelia Miller,amelia.miller.lead2164@example.com,Website,2025-03-04,Lost,0,Dallas,Villa,3,2871,5,4
2165,Joseph Martin,joseph.martin.lead2165@example.com,Realtor.com,2025-09-03,Interested,0,San Antonio,Single Family Home,4,1363,3,5
2166,Sophia Moore,sophia.moore.lead2166@example.com,Instagram,2025-07-20,Contacted,0,Houston,Condo,2,2970,8,5
2167,Robert Miller,robert.miller.lead2167@example.com,Google Ads,2026-04-04,New,0,Plano,Single Family Home,4,3000,8,0
2168,Robert White,robert.white.lead2168@example.com,Website,2025-12-07,New,0,Austin,Condo,2,3942,7,4
2169,Charlotte Taylor,charlotte.taylor.lead2169@example.com,Realtor.com,2025-01-26,New,0,Plano,Single Family Home,3,1445,6,0
2170,Michael Moore,michael.moore.lead2170@example.com,Website,2025-12-26,Interested,0,San Antonio,Single Family Home,4,1622,7,1
2171,Chris Martin,chris.martin.lead2171@example.com,Instagram,2025-02-27,Follow-up,0,Irving,Condo,4,1658,7,5
2172,William Martin,william.martin.lead2172@example.com,Referral,2026-05-09,Interested,0,Arlington,Single Family Home,1,3647,0,2
2173,William Anderson,william.anderson.lead2173@example.com,Google Ads,2025-08-22,Lost,0,Irving,Apartment,3,2953,3,5
2174,Charlotte Anderson,charlotte.anderson.lead2174@example.com,Facebook,2025-09-20,Follow-up,0,Dallas,Condo,1,3638,0,5
2175,Sophia Taylor,sophia.taylor.lead2175@example.com,Instagram,2026-04-29,Lost,0,Austin,Villa,4,2045,5,0
2176,Joseph Anderson,joseph.anderson.lead2176@example.com,Realtor.com,2026-02-23,Follow-up,0,Fort Worth,Apartment,2,3415,2,4
2177,Ava Smith,ava.smith.lead2177@example.com,Facebook,2026-04-29,Lost,0,Irving,Townhouse,4,1875,6,1
2178,Amelia White,amelia.white.lead2178@example.com,Zillow,2026-02-11,New,0,Arlington,Apartment,1,4035,7,1
2179,Amelia Thomas,amelia.thomas.lead2179@example.com,Website,2025-12-30,Interested,0,Houston,Apartment,4,2981,6,5
2180,Olivia Anderson,olivia.anderson.lead2180@example.com,Referral,2025-12-01,New,0,Plano,Townhouse,1,3726,4,4
2181,William Taylor,william.taylor.lead2181@example.com,Walk-in,2026-01-19,Interested,0,Plano,Villa,3,3852,5,1
2182,Robert Thomas,robert.thomas.lead2182@example.com,Instagram,2026-05-15,Interested,0,Irving,Single Family Home,4,1310,7,1
2183,Chris Wilson,chris.wilson.lead2183@example.com,Referral,2026-01-23,Follow-up,0,Austin,Townhouse,2,3757,3,0
2184,John Miller,john.miller.lead2184@example.com,Website,2026-01-08,New,0,Arlington,Condo,4,945,7,5
2185,Emily Taylor,emily.taylor.lead2185@example.com,Google Ads,2026-01-02,New,0,Dallas,Single Family Home,4,2207,0,0
2186,Emily Brown,emily.brown.lead2186@example.com,Instagram,2025-02-08,Lost,0,Austin,Townhouse,1,4019,0,0
2187,Robert Brown,robert.brown.lead2187@example.com,Google Ads,2025-12-21,Follow-up,0,Plano,Single Family Home,2,2398,2,2
2188,Daniel Jackson,daniel.jackson.lead2188@example.com,Facebook,2025-08-06,Contacted,0,Plano,Villa,1,2686,4,5
2189,Amelia Thomas,amelia.thomas.lead2189@example.com,Referral,2026-01-18,New,0,San Antonio,Condo,4,4040,3,1
2190,Sarah Taylor,sarah.taylor.lead2190@example.com,Website,2025-12-01,Follow-up,0,Fort Worth,Condo,1,2197,5,5
2191,Emily White,emily.white.lead2191@example.com,Realtor.com,2025-08-02,Site Visit Scheduled,0,Fort Worth,Apartment,1,953,2,4
2192,Charlotte Thomas,charlotte.thomas.lead2192@example.com,Referral,2025-04-26,Site Visit Scheduled,0,Dallas,Condo,2,3787,0,5
2193,Robert Taylor,robert.taylor.lead2193@example.com,Instagram,2025-05-16,Contacted,0,Austin,Single Family Home,4,1183,2,4
2194,Sophia Smith,sophia.smith.lead2194@example.com,Facebook,2026-01-05,Contacted,0,Austin,Apartment,3,3163,0,2
2195,Robert Johnson,robert.johnson.lead2195@example.com,Facebook,2025-04-09,New,0,Houston,Condo,1,3947,4,5
2196,Amelia White,amelia.white.lead2196@example.com,Walk-in,2025-03-11,Contacted,0,Irving,Townhouse,1,2235,3,4
2197,Emily White,emily.white.lead2197@example.com,Instagram,2025-07-11,New,0,San Antonio,Apartment,3,2780,4,4
2198,William Thomas,william.thomas.lead2198@example.com,Facebook,2026-01-25,Contacted,0,Arlington,Villa,1,1051,0,2
2199,Robert Smith,robert.smith.lead2199@example.com,Zillow,2025-04-21,Interested,0,San Antonio,Apartment,1,2014,2,5
2200,Sophia Jackson,sophia.jackson.lead2200@example.com,Realtor.com,2026-01-19,Follow-up,0,Dallas,Condo,1,2608,5,0
2201,Mia Smith,mia.smith.lead2201@example.com,Realtor.com,2026-04-14,Contacted,0,Plano,Townhouse,4,3537,8,4
2202,Michael Lewis,michael.lewis.lead2202@example.com,Instagram,2025-11-12,New,0,Houston,Townhouse,2,3290,7,1
2203,Sarah Moore,sarah.moore.lead2203@example.com,Website,2026-02-01,New,0,Plano,Single Family Home,1,4461,0,1
2204,William Martin,william.martin.lead2204@example.com,Facebook,2025-11-12,New,0,San Antonio,Townhouse,2,2936,2,0
2205,Emma Brown,emma.brown.lead2205@example.com,Facebook,2026-03-03,Follow-up,0,Dallas,Villa,4,1435,7,1
2206,Amelia Davis,amelia.davis.lead2206@example.com,Google Ads,2025-01-08,Site Visit Scheduled,0,Houston,Apartment,3,4407,5,1
2207,Sophia Lewis,sophia.lewis.lead2207@example.com,Google Ads,2025-08-11,Contacted,0,Dallas,Villa,4,1749,4,5
2208,Chris White,chris.white.lead2208@example.com,Realtor.com,2026-02-07,Follow-up,0,Irving,Single Family Home,1,2210,5,4
2209,Sarah Johnson,sarah.johnson.lead2209@example.com,Google Ads,2025-12-25,Contacted,0,Dallas,Single Family Home,1,3830,5,3
2210,Mia Johnson,mia.johnson.lead2210@example.com,Zillow,2025-08-15,Contacted,0,Fort Worth,Condo,1,4394,8,5
2211,Sarah Lewis,sarah.lewis.lead2211@example.com,Referral,2025-10-08,Lost,0,Arlington,Townhouse,1,3443,5,5
2212,Emma Thomas,emma.thomas.lead2212@example.com,Walk-in,2025-12-16,Follow-up,0,San Antonio,Apartment,4,2651,1,0
2213,John Martin,john.martin.lead2213@example.com,Realtor.com,2026-02-10,Converted,1,Plano,Condo,3,2599,4,2
2214,James Taylor,james.taylor.lead2214@example.com,Realtor.com,2026-05-24,Follow-up,0,Irving,Condo,3,1800,5,4
2215,Sarah Wilson,sarah.wilson.lead2215@example.com,Google Ads,2025-05-16,Contacted,0,Houston,Single Family Home,1,2028,6,1
2216,Olivia Harris,olivia.harris.lead2216@example.com,Referral,2025-11-14,Follow-up,0,Irving,Single Family Home,4,2003,1,2
2217,Robert Wilson,robert.wilson.lead2217@example.com,Website,2025-12-10,Contacted,0,Houston,Townhouse,2,2554,3,0
2218,Mia Brown,mia.brown.lead2218@example.com,Zillow,2025-07-21,Interested,0,Houston,Condo,1,1216,1,3
2219,John Wilson,john.wilson.lead2219@example.com,Walk-in,2025-07-12,Contacted,0,Arlington,Townhouse,4,2975,3,3
2220,Olivia Wilson,olivia.wilson.lead2220@example.com,Instagram,2025-04-23,Interested,0,Houston,Condo,1,4053,6,4
2221,Olivia Wilson,olivia.wilson.lead2221@example.com,Google Ads,2025-10-07,Follow-up,0,Plano,Apartment,2,3039,5,5
2222,Charlotte Thomas,charlotte.thomas.lead2222@example.com,Walk-in,2026-04-03,Follow-up,0,Dallas,Apartment,4,3061,3,4
2223,Charlotte Miller,charlotte.miller.lead2223@example.com,Realtor.com,2025-12-22,Site Visit Scheduled,0,Irving,Townhouse,4,1327,7,4
2224,Sarah Harris,sarah.harris.lead2224@example.com,Walk-in,2025-10-24,Converted,1,Fort Worth,Villa,3,2975,1,0
2225,Joseph Johnson,joseph.johnson.lead2225@example.com,Facebook,2025-03-21,Contacted,0,Plano,Townhouse,1,1967,5,1
2226,Joseph Martin,joseph.martin.lead2226@example.com,Referral,2025-01-07,Follow-up,0,Houston,Condo,1,2174,7,0
2227,Robert Anderson,robert.anderson.lead2227@example.com,Google Ads,2025-08-06,Contacted,0,Fort Worth,Condo,3,2146,2,0
2228,Emma White,emma.white.lead2228@example.com,Referral,2026-03-22,New,0,Irving,Condo,3,3410,1,2
2229,Charlotte Taylor,charlotte.taylor.lead2229@example.com,Website,2025-10-04,Follow-up,0,Houston,Single Family Home,1,2846,3,2
2230,David Lewis,david.lewis.lead2230@example.com,Referral,2026-05-14,Interested,0,Fort Worth,Single Family Home,3,963,7,5
2231,Emma Thomas,emma.thomas.lead2231@example.com,Referral,2026-01-03,Contacted,0,Plano,Townhouse,3,1316,5,4
2232,Michael Lewis,michael.lewis.lead2232@example.com,Facebook,2026-04-24,Follow-up,0,Houston,Single Family Home,4,2471,6,5
2233,David Johnson,david.johnson.lead2233@example.com,Realtor.com,2025-03-12,Converted,1,San Antonio,Single Family Home,3,1888,8,1
2234,William Wilson,william.wilson.lead2234@example.com,Instagram,2025-02-02,Converted,1,Houston,Apartment,3,3571,6,2
2235,Daniel Jackson,daniel.jackson.lead2235@example.com,Realtor.com,2025-01-08,New,0,Dallas,Apartment,3,1867,5,5
2236,Emma Johnson,emma.johnson.lead2236@example.com,Google Ads,2025-08-25,Follow-up,0,Fort Worth,Apartment,1,4335,2,3
2237,Robert Taylor,robert.taylor.lead2237@example.com,Facebook,2025-07-07,Lost,0,Austin,Villa,4,4208,3,3
2238,James Johnson,james.johnson.lead2238@example.com,Website,2026-01-31,Contacted,0,San Antonio,Townhouse,1,4304,4,3
2239,Sophia White,sophia.white.lead2239@example.com,Realtor.com,2025-06-18,Converted,1,Houston,Townhouse,3,2240,3,0
2240,Mia Moore,mia.moore.lead2240@example.com,Referral,2026-01-14,Site Visit Scheduled,0,Arlington,Villa,3,1677,6,2
2241,Chris Martin,chris.martin.lead2241@example.com,Website,2025-03-05,Contacted,0,Dallas,Single Family Home,4,3494,2,3
2242,Daniel Smith,daniel.smith.lead2242@example.com,Referral,2025-09-06,Contacted,0,Plano,Condo,3,1267,1,0
2243,David Moore,david.moore.lead2243@example.com,Facebook,2025-02-20,Follow-up,0,Irving,Townhouse,3,2403,2,3
2244,Sarah Johnson,sarah.johnson.lead2244@example.com,Facebook,2025-07-07,Follow-up,0,Irving,Villa,3,1420,3,2
2245,William Moore,william.moore.lead2245@example.com,Facebook,2025-06-21,Contacted,0,Plano,Townhouse,1,3247,7,2
2246,Charlotte Jackson,charlotte.jackson.lead2246@example.com,Instagram,2026-04-01,Contacted,0,Austin,Townhouse,4,3343,5,2
2247,Emma Wilson,emma.wilson.lead2247@example.com,Realtor.com,2025-07-12,Contacted,0,Plano,Condo,4,2684,6,2
2248,William Johnson,william.johnson.lead2248@example.com,Facebook,2025-03-22,Interested,0,Houston,Villa,1,1228,3,1
2249,Joseph Lewis,joseph.lewis.lead2249@example.com,Facebook,2025-09-26,Contacted,0,Plano,Apartment,3,4119,4,5
2250,Joseph Moore,joseph.moore.lead2250@example.com,Instagram,2025-12-06,Interested,0,Plano,Townhouse,2,2081,6,4
2251,Michael Miller,michael.miller.lead2251@example.com,Google Ads,2025-10-21,Contacted,0,Plano,Apartment,2,1517,5,5
2252,Sophia Jackson,sophia.jackson.lead2252@example.com,Google Ads,2026-05-17,Contacted,0,Austin,Townhouse,4,1162,6,0
2253,Emily Miller,emily.miller.lead2253@example.com,Instagram,2026-01-02,New,0,San Antonio,Townhouse,4,2826,1,0
2254,Amelia Johnson,amelia.johnson.lead2254@example.com,Facebook,2025-01-21,Site Visit Scheduled,0,Fort Worth,Villa,1,1059,2,1
2255,James White,james.white.lead2255@example.com,Google Ads,2026-03-04,New,0,Fort Worth,Villa,2,1632,2,4
2256,Mia Anderson,mia.anderson.lead2256@example.com,Realtor.com,2025-06-18,Lost,0,Fort Worth,Villa,2,1972,6,5
2257,Chris Davis,chris.davis.lead2257@example.com,Referral,2026-05-02,Contacted,0,San Antonio,Townhouse,1,1981,4,2
2258,Emma Harris,emma.harris.lead2258@example.com,Website,2026-05-21,Converted,1,Arlington,Apartment,1,3126,5,4
2259,Emma Moore,emma.moore.lead2259@example.com,Google Ads,2025-07-10,Follow-up,0,Austin,Villa,4,2631,3,2
2260,Mia Anderson,mia.anderson.lead2260@example.com,Google Ads,2025-08-01,Interested,0,Irving,Condo,2,3401,1,0
2261,James Clark,james.clark.lead2261@example.com,Google Ads,2025-06-30,Follow-up,0,Fort Worth,Single Family Home,1,3224,5,2
2262,James Jackson,james.jackson.lead2262@example.com,Realtor.com,2026-04-26,Lost,0,Austin,Villa,4,2759,0,1
2263,Michael Jackson,michael.jackson.lead2263@example.com,Website,2025-08-27,New,0,Irving,Single Family Home,4,2064,8,4
2264,David White,david.white.lead2264@example.com,Instagram,2026-03-24,Interested,0,Dallas,Single Family Home,4,2873,3,5
2265,Joseph Davis,joseph.davis.lead2265@example.com,Walk-in,2026-04-17,Interested,0,Fort Worth,Condo,1,3470,2,1
2266,David Smith,david.smith.lead2266@example.com,Zillow,2026-01-06,Contacted,0,Dallas,Apartment,4,1481,5,4
2267,Robert Moore,robert.moore.lead2267@example.com,Facebook,2025-07-27,Contacted,0,Arlington,Condo,1,1763,2,4
2268,Robert Martin,robert.martin.lead2268@example.com,Walk-in,2026-01-13,Follow-up,0,Irving,Villa,1,2954,1,3
2269,Olivia Brown,olivia.brown.lead2269@example.com,Zillow,2026-02-19,Interested,0,Dallas,Apartment,3,3817,4,3
2270,Michael Harris,michael.harris.lead2270@example.com,Referral,2025-07-25,Site Visit Scheduled,0,Plano,Apartment,3,3703,5,3
2271,Charlotte Brown,charlotte.brown.lead2271@example.com,Instagram,2025-05-28,Interested,0,Dallas,Townhouse,4,1739,0,4
2272,Amelia Jackson,amelia.jackson.lead2272@example.com,Zillow,2025-07-13,Follow-up,0,Irving,Single Family Home,3,3397,3,2
2273,Olivia Moore,olivia.moore.lead2273@example.com,Facebook,2025-12-08,Interested,0,Fort Worth,Apartment,2,1972,5,5
2274,Amelia Martin,amelia.martin.lead2274@example.com,Referral,2025-01-06,New,0,Dallas,Single Family Home,1,2637,4,0
2275,Emma Jackson,emma.jackson.lead2275@example.com,Walk-in,2025-04-17,Lost,0,Fort Worth,Apartment,3,4169,0,4
2276,Mia Smith,mia.smith.lead2276@example.com,Instagram,2025-09-30,Contacted,0,Fort Worth,Townhouse,2,3783,6,1
2277,Emily Anderson,emily.anderson.lead2277@example.com,Walk-in,2026-02-26,New,0,Fort Worth,Condo,2,1648,5,5
2278,Daniel Taylor,daniel.taylor.lead2278@example.com,Website,2026-02-12,Contacted,0,Austin,Townhouse,2,2068,4,0
2279,Amelia Brown,amelia.brown.lead2279@example.com,Facebook,2025-10-11,Interested,0,Arlington,Townhouse,2,2059,6,4
2280,James Wilson,james.wilson.lead2280@example.com,Facebook,2026-03-19,Site Visit Scheduled,0,Arlington,Apartment,1,4150,8,5
2281,Amelia Davis,amelia.davis.lead2281@example.com,Realtor.com,2026-01-29,Contacted,0,Austin,Apartment,3,1524,2,4
2282,Sarah Lewis,sarah.lewis.lead2282@example.com,Website,2026-04-25,New,0,Dallas,Single Family Home,4,1561,3,2
2283,Emma Jackson,emma.jackson.lead2283@example.com,Google Ads,2025-08-07,Follow-up,0,Fort Worth,Apartment,4,1206,0,1
2284,Mia Moore,mia.moore.lead2284@example.com,Realtor.com,2025-01-02,Interested,0,Houston,Apartment,3,2943,3,3
2285,Charlotte White,charlotte.white.lead2285@example.com,Instagram,2025-07-23,Site Visit Scheduled,0,Arlington,Apartment,4,1637,2,0
2286,Emma Jackson,emma.jackson.lead2286@example.com,Google Ads,2025-01-08,Contacted,0,Houston,Villa,3,1883,6,4
2287,Emily Anderson,emily.anderson.lead2287@example.com,Google Ads,2025-03-10,Contacted,0,Arlington,Villa,1,4027,1,2
2288,David Martin,david.martin.lead2288@example.com,Facebook,2025-11-05,Contacted,0,Houston,Villa,4,3399,6,1
2289,David White,david.white.lead2289@example.com,Google Ads,2025-01-31,New,0,San Antonio,Townhouse,1,1769,3,0
2290,Mia Harris,mia.harris.lead2290@example.com,Realtor.com,2026-01-24,Converted,1,Plano,Condo,1,1702,3,3
2291,Ava Martin,ava.martin.lead2291@example.com,Zillow,2025-11-05,New,0,Houston,Villa,2,2246,8,5
2292,Chris Moore,chris.moore.lead2292@example.com,Zillow,2025-11-13,Interested,0,Austin,Villa,4,2231,3,5
2293,Daniel Martin,daniel.martin.lead2293@example.com,Google Ads,2025-09-03,Follow-up,0,Plano,Townhouse,2,2694,1,5
2294,Charlotte Smith,charlotte.smith.lead2294@example.com,Walk-in,2026-03-20,New,0,Irving,Apartment,2,2105,3,5
2295,David Jackson,david.jackson.lead2295@example.com,Instagram,2025-09-25,New,0,San Antonio,Single Family Home,2,1067,0,3
2296,James Smith,james.smith.lead2296@example.com,Website,2026-05-25,Contacted,0,Fort Worth,Villa,3,2537,1,2
2297,Emma Smith,emma.smith.lead2297@example.com,Google Ads,2026-02-11,Follow-up,0,Plano,Condo,3,1413,2,3
2298,Chris Brown,chris.brown.lead2298@example.com,Zillow,2025-09-25,Follow-up,0,Austin,Townhouse,2,4478,6,3
2299,Emily Lewis,emily.lewis.lead2299@example.com,Instagram,2026-02-04,Interested,0,Irving,Villa,4,2861,8,3
2300,Michael Smith,michael.smith.lead2300@example.com,Facebook,2025-08-14,Contacted,0,Fort Worth,Condo,2,3730,1,3
2301,John Wilson,john.wilson.lead2301@example.com,Realtor.com,2025-05-04,Converted,1,Irving,Apartment,3,3629,4,4
2302,Emma White,emma.white.lead2302@example.com,Realtor.com,2025-12-30,Interested,0,Fort Worth,Apartment,4,2162,0,1
2303,Amelia Thomas,amelia.thomas.lead2303@example.com,Realtor.com,2025-01-30,New,0,Plano,Single Family Home,2,3730,2,4
2304,William Jackson,william.jackson.lead2304@example.com,Website,2025-03-28,Contacted,0,Irving,Single Family Home,4,1193,6,0
2305,Mia Wilson,mia.wilson.lead2305@example.com,Website,2026-04-08,Interested,0,Houston,Single Family Home,3,1547,0,3
2306,John Moore,john.moore.lead2306@example.com,Walk-in,2025-08-16,Interested,0,Dallas,Condo,1,4233,1,1
2307,Sarah Miller,sarah.miller.lead2307@example.com,Google Ads,2025-05-23,New,0,Arlington,Single Family Home,3,1770,5,5
2308,Emma Miller,emma.miller.lead2308@example.com,Google Ads,2025-05-31,Follow-up,0,Austin,Apartment,2,1044,3,2
2309,Amelia Miller,amelia.miller.lead2309@example.com,Referral,2026-01-03,Interested,0,Houston,Apartment,1,1818,3,5
2310,Charlotte Lewis,charlotte.lewis.lead2310@example.com,Facebook,2026-04-14,Site Visit Scheduled,0,Houston,Condo,4,3116,6,3
2311,Amelia Wilson,amelia.wilson.lead2311@example.com,Facebook,2025-10-28,New,0,Houston,Villa,4,2503,6,2
2312,Emma Thomas,emma.thomas.lead2312@example.com,Zillow,2026-01-21,Contacted,0,San Antonio,Condo,3,3711,3,0
2313,Robert Miller,robert.miller.lead2313@example.com,Walk-in,2025-11-13,Follow-up,0,Dallas,Single Family Home,1,2465,8,5
2314,William Miller,william.miller.lead2314@example.com,Referral,2025-03-23,Converted,1,Dallas,Villa,1,1609,0,4
2315,Daniel Taylor,daniel.taylor.lead2315@example.com,Referral,2025-10-24,New,0,Houston,Single Family Home,1,3296,1,5
2316,William Martin,william.martin.lead2316@example.com,Website,2025-12-12,New,0,Houston,Condo,3,1698,5,0
2317,Ava Thomas,ava.thomas.lead2317@example.com,Referral,2026-03-28,Converted,1,Houston,Single Family Home,2,4368,8,5
2318,John Miller,john.miller.lead2318@example.com,Realtor.com,2025-04-25,Contacted,0,San Antonio,Apartment,4,3561,3,5
2319,Emily Wilson,emily.wilson.lead2319@example.com,Referral,2025-12-05,New,0,San Antonio,Condo,2,4303,2,1
2320,Joseph Davis,joseph.davis.lead2320@example.com,Instagram,2025-11-24,New,0,Houston,Townhouse,1,2907,0,1
2321,Charlotte Martin,charlotte.martin.lead2321@example.com,Walk-in,2025-12-09,Follow-up,0,Austin,Apartment,3,1617,2,2
2322,Amelia Moore,amelia.moore.lead2322@example.com,Zillow,2025-08-28,Site Visit Scheduled,0,Plano,Condo,1,1242,1,3
2323,Ava Anderson,ava.anderson.lead2323@example.com,Instagram,2025-10-09,Site Visit Scheduled,0,Irving,Apartment,2,2581,2,5
2324,Sarah Davis,sarah.davis.lead2324@example.com,Zillow,2025-04-14,Site Visit Scheduled,0,Dallas,Single Family Home,3,1628,1,0
2325,Amelia White,amelia.white.lead2325@example.com,Referral,2025-02-24,Site Visit Scheduled,0,Fort Worth,Townhouse,4,1394,0,1
2326,Michael White,michael.white.lead2326@example.com,Facebook,2026-02-11,Interested,0,Houston,Single Family Home,1,2283,1,2
2327,Sarah Davis,sarah.davis.lead2327@example.com,Google Ads,2026-03-16,Contacted,0,Austin,Apartment,4,3739,7,3
2328,Robert Johnson,robert.johnson.lead2328@example.com,Instagram,2025-07-04,New,0,Austin,Single Family Home,3,2755,7,4
2329,William Brown,william.brown.lead2329@example.com,Walk-in,2025-08-24,Interested,0,Fort Worth,Condo,4,4397,0,2
2330,David Smith,david.smith.lead2330@example.com,Website,2025-01-02,Contacted,0,San Antonio,Villa,2,2842,1,1
2331,Emma Brown,emma.brown.lead2331@example.com,Referral,2025-11-15,Follow-up,0,San Antonio,Townhouse,2,4334,0,2
2332,Ava Thomas,ava.thomas.lead2332@example.com,Facebook,2025-10-31,Follow-up,0,Irving,Townhouse,4,3222,3,2
2333,John Smith,john.smith.lead2333@example.com,Google Ads,2025-08-20,Follow-up,0,Fort Worth,Townhouse,3,3319,0,0
2334,Daniel Davis,daniel.davis.lead2334@example.com,Website,2025-07-22,Interested,0,Plano,Villa,1,1265,7,3
2335,Robert Brown,robert.brown.lead2335@example.com,Realtor.com,2025-04-19,Follow-up,0,Arlington,Condo,3,917,6,2
2336,Amelia Miller,amelia.miller.lead2336@example.com,Walk-in,2025-05-10,Follow-up,0,Dallas,Single Family Home,1,3354,8,0
2337,Amelia Harris,amelia.harris.lead2337@example.com,Walk-in,2025-10-15,New,0,Irving,Townhouse,1,3375,5,2
2338,William Miller,william.miller.lead2338@example.com,Referral,2025-06-25,Site Visit Scheduled,0,San Antonio,Villa,4,2941,3,5
2339,Robert Miller,robert.miller.lead2339@example.com,Realtor.com,2025-03-18,Lost,0,Dallas,Apartment,3,3796,4,0
2340,Charlotte Wilson,charlotte.wilson.lead2340@example.com,Referral,2025-01-30,Converted,1,Houston,Condo,1,1179,6,3
2341,Joseph Harris,joseph.harris.lead2341@example.com,Zillow,2025-04-13,Follow-up,0,Houston,Single Family Home,2,4249,5,4
2342,Daniel Johnson,daniel.johnson.lead2342@example.com,Instagram,2026-01-10,New,0,San Antonio,Apartment,2,2871,6,2
2343,Robert White,robert.white.lead2343@example.com,Referral,2025-10-12,Converted,1,Irving,Condo,3,4410,6,3
2344,Emily Clark,emily.clark.lead2344@example.com,Referral,2025-04-25,Follow-up,0,Fort Worth,Apartment,2,2272,0,3
2345,John Davis,john.davis.lead2345@example.com,Zillow,2025-07-16,Contacted,0,Dallas,Single Family Home,4,3736,7,5
2346,Olivia Martin,olivia.martin.lead2346@example.com,Facebook,2025-12-14,Interested,0,Austin,Townhouse,4,2380,6,0
2347,Mia Smith,mia.smith.lead2347@example.com,Website,2025-09-22,Contacted,0,Houston,Single Family Home,4,1668,1,4
2348,Emily Moore,emily.moore.lead2348@example.com,Facebook,2025-10-14,Contacted,0,Dallas,Villa,4,4255,8,2
2349,Michael Miller,michael.miller.lead2349@example.com,Google Ads,2025-03-08,Interested,0,Fort Worth,Villa,2,3730,0,4
2350,John Anderson,john.anderson.lead2350@example.com,Zillow,2026-03-07,Contacted,0,Dallas,Single Family Home,3,1094,0,0
2351,Ava Johnson,ava.johnson.lead2351@example.com,Facebook,2025-01-01,Contacted,0,Plano,Townhouse,4,2672,8,3
2352,Sarah Johnson,sarah.johnson.lead2352@example.com,Website,2026-04-18,New,0,Plano,Townhouse,4,3400,3,3
2353,David Davis,david.davis.lead2353@example.com,Google Ads,2025-10-01,Follow-up,0,Houston,Condo,2,4047,6,4
2354,Emily Brown,emily.brown.lead2354@example.com,Instagram,2026-04-01,Contacted,0,Irving,Apartment,4,3769,7,2
2355,Olivia Martin,olivia.martin.lead2355@example.com,Referral,2026-01-29,Site Visit Scheduled,0,San Antonio,Townhouse,3,3657,8,5
2356,William Brown,william.brown.lead2356@example.com,Zillow,2025-09-22,Interested,0,San Antonio,Villa,4,1294,7,0
2357,Mia Johnson,mia.johnson.lead2357@example.com,Zillow,2025-02-11,Lost,0,Arlington,Condo,2,2283,4,2
2358,Amelia Brown,amelia.brown.lead2358@example.com,Website,2026-01-12,Follow-up,0,Irving,Apartment,2,2710,1,4
2359,Michael Clark,michael.clark.lead2359@example.com,Walk-in,2025-03-24,Lost,0,Dallas,Villa,1,2695,1,1
2360,Daniel Thomas,daniel.thomas.lead2360@example.com,Referral,2025-06-28,Lost,0,Houston,Townhouse,1,3161,4,3
2361,Olivia Thomas,olivia.thomas.lead2361@example.com,Zillow,2025-07-20,Follow-up,0,Arlington,Condo,2,3082,3,3
2362,Olivia Lewis,olivia.lewis.lead2362@example.com,Google Ads,2025-01-12,New,0,Houston,Townhouse,3,1852,4,2
2363,Robert Thomas,robert.thomas.lead2363@example.com,Website,2025-03-06,New,0,Houston,Single Family Home,3,4018,4,4
2364,Robert Martin,robert.martin.lead2364@example.com,Website,2025-07-12,Follow-up,0,Fort Worth,Condo,1,2895,1,5
2365,Joseph Anderson,joseph.anderson.lead2365@example.com,Website,2026-04-22,Follow-up,0,Irving,Single Family Home,3,2726,1,0
2366,Sarah Moore,sarah.moore.lead2366@example.com,Zillow,2025-06-16,Interested,0,Plano,Condo,4,2554,2,0
2367,Sarah Johnson,sarah.johnson.lead2367@example.com,Zillow,2026-04-10,New,0,Austin,Townhouse,1,3057,0,0
2368,Daniel Thomas,daniel.thomas.lead2368@example.com,Google Ads,2026-01-27,Contacted,0,San Antonio,Apartment,3,1201,7,1
2369,Charlotte White,charlotte.white.lead2369@example.com,Website,2025-07-11,Site Visit Scheduled,0,Irving,Villa,1,1533,7,2
2370,Amelia Wilson,amelia.wilson.lead2370@example.com,Google Ads,2025-11-25,Interested,0,Houston,Condo,1,3211,1,5
2371,Sophia Lewis,sophia.lewis.lead2371@example.com,Facebook,2026-04-13,Site Visit Scheduled,0,Irving,Apartment,2,3777,2,5
2372,Daniel Moore,daniel.moore.lead2372@example.com,Zillow,2026-05-09,Interested,0,Austin,Condo,4,1831,7,4
2373,Daniel Harris,daniel.harris.lead2373@example.com,Facebook,2025-07-29,Follow-up,0,Irving,Townhouse,1,4444,4,4
2374,Ava Miller,ava.miller.lead2374@example.com,Instagram,2025-02-06,Lost,0,Irving,Condo,3,3560,7,5
2375,Ava Martin,ava.martin.lead2375@example.com,Zillow,2026-03-26,Contacted,0,Plano,Condo,3,3069,5,0
2376,Olivia Anderson,olivia.anderson.lead2376@example.com,Realtor.com,2025-09-29,Interested,0,Austin,Single Family Home,2,2736,8,2
2377,David Harris,david.harris.lead2377@example.com,Google Ads,2026-05-18,Contacted,0,Plano,Townhouse,1,1491,1,4
2378,William Lewis,william.lewis.lead2378@example.com,Walk-in,2025-03-11,Contacted,0,Irving,Townhouse,4,1885,7,3
2379,Ava Clark,ava.clark.lead2379@example.com,Referral,2026-04-02,Contacted,0,Irving,Apartment,2,4084,1,4
2380,Amelia Clark,amelia.clark.lead2380@example.com,Website,2026-03-05,Follow-up,0,Austin,Condo,4,2936,7,5
2381,Ava Wilson,ava.wilson.lead2381@example.com,Zillow,2025-02-01,Interested,0,Dallas,Condo,3,2253,6,1
2382,Chris Brown,chris.brown.lead2382@example.com,Zillow,2026-02-21,Contacted,0,Irving,Apartment,4,1757,5,0
2383,Mia Taylor,mia.taylor.lead2383@example.com,Google Ads,2025-03-15,New,0,Fort Worth,Single Family Home,2,1443,8,5
2384,Charlotte Johnson,charlotte.johnson.lead2384@example.com,Referral,2025-11-19,Follow-up,0,Irving,Townhouse,4,3607,6,0
2385,Emma Lewis,emma.lewis.lead2385@example.com,Google Ads,2025-12-25,Site Visit Scheduled,0,Dallas,Single Family Home,4,4176,7,0
2386,Emma Jackson,emma.jackson.lead2386@example.com,Realtor.com,2025-07-08,Converted,1,Plano,Townhouse,1,3734,2,2
2387,Robert White,robert.white.lead2387@example.com,Instagram,2026-01-05,Interested,0,Plano,Single Family Home,4,1531,3,2
2388,Emma Harris,emma.harris.lead2388@example.com,Facebook,2025-07-04,New,0,Houston,Condo,1,1471,1,1
2389,David Johnson,david.johnson.lead2389@example.com,Website,2025-10-12,New,0,Dallas,Apartment,3,1486,7,5
2390,James Jackson,james.jackson.lead2390@example.com,Walk-in,2025-09-10,Interested,0,Plano,Villa,2,2729,8,1
2391,Sophia Brown,sophia.brown.lead2391@example.com,Google Ads,2025-03-09,Lost,0,Houston,Condo,4,1421,4,4
2392,Joseph Taylor,joseph.taylor.lead2392@example.com,Walk-in,2025-01-11,Follow-up,0,Plano,Condo,4,3306,3,1
2393,William Jackson,william.jackson.lead2393@example.com,Instagram,2025-05-26,Contacted,0,San Antonio,Apartment,2,4000,7,0
2394,Chris Anderson,chris.anderson.lead2394@example.com,Zillow,2025-10-11,Converted,1,San Antonio,Single Family Home,1,2507,0,3
2395,Robert Smith,robert.smith.lead2395@example.com,Realtor.com,2025-02-25,Follow-up,0,San Antonio,Villa,4,2814,4,3
2396,James Lewis,james.lewis.lead2396@example.com,Realtor.com,2025-11-04,Contacted,0,Austin,Villa,1,1996,2,5
2397,Joseph Anderson,joseph.anderson.lead2397@example.com,Instagram,2025-06-26,Lost,0,Austin,Townhouse,2,3715,0,4
2398,Joseph Brown,joseph.brown.lead2398@example.com,Referral,2025-07-06,New,0,Fort Worth,Townhouse,1,1486,2,5
2399,Joseph White,joseph.white.lead2399@example.com,Website,2025-10-13,Follow-up,0,Fort Worth,Townhouse,3,1761,1,5
2400,Robert Jackson,robert.jackson.lead2400@example.com,Instagram,2025-01-02,Follow-up,0,Austin,Condo,4,1841,5,0
2401,Sarah Johnson,sarah.johnson.lead2401@example.com,Website,2026-03-18,New,0,Houston,Condo,2,1620,4,3
2402,Joseph Thomas,joseph.thomas.lead2402@example.com,Walk-in,2025-09-20,Follow-up,0,Houston,Condo,3,1558,3,0
2403,Sarah Moore,sarah.moore.lead2403@example.com,Walk-in,2025-12-29,Lost,0,Austin,Villa,4,1794,6,3
2404,Sophia Johnson,sophia.johnson.lead2404@example.com,Referral,2025-06-28,Contacted,0,Plano,Single Family Home,4,3144,4,2
2405,Emily Miller,emily.miller.lead2405@example.com,Referral,2025-05-20,Contacted,0,Austin,Villa,3,2011,5,4
2406,Joseph Moore,joseph.moore.lead2406@example.com,Referral,2026-05-04,Contacted,0,Austin,Townhouse,1,3723,2,2
2407,William Smith,william.smith.lead2407@example.com,Instagram,2026-04-14,Converted,1,Irving,Single Family Home,2,2745,4,2
2408,James Thomas,james.thomas.lead2408@example.com,Referral,2026-03-25,Interested,0,Arlington,Apartment,2,2234,1,2
2409,Emily Lewis,emily.lewis.lead2409@example.com,Walk-in,2025-05-14,Interested,0,Houston,Villa,4,1379,4,2
2410,Emily Taylor,emily.taylor.lead2410@example.com,Google Ads,2026-01-16,Follow-up,0,San Antonio,Apartment,1,2650,0,1
2411,Mia White,mia.white.lead2411@example.com,Instagram,2025-07-11,Contacted,0,Arlington,Townhouse,1,1453,2,3
2412,David Miller,david.miller.lead2412@example.com,Facebook,2025-01-07,Contacted,0,Irving,Villa,4,2152,2,4
2413,Amelia Smith,amelia.smith.lead2413@example.com,Walk-in,2026-03-01,Follow-up,0,Arlington,Single Family Home,4,1921,0,3
2414,James Smith,james.smith.lead2414@example.com,Google Ads,2025-10-01,Site Visit Scheduled,0,Fort Worth,Villa,3,3206,6,1
2415,Michael Jackson,michael.jackson.lead2415@example.com,Referral,2025-03-21,New,0,Dallas,Single Family Home,4,1605,0,5
2416,Sarah Smith,sarah.smith.lead2416@example.com,Facebook,2025-07-03,Converted,1,Dallas,Apartment,3,3101,3,1
2417,Olivia Johnson,olivia.johnson.lead2417@example.com,Website,2026-01-28,Interested,0,Houston,Single Family Home,1,3258,4,3
2418,Robert Brown,robert.brown.lead2418@example.com,Referral,2025-01-16,Site Visit Scheduled,0,Arlington,Townhouse,4,1377,8,1
2419,Daniel Clark,daniel.clark.lead2419@example.com,Referral,2025-04-13,Interested,0,Plano,Condo,2,3215,0,3
2420,Emily Jackson,emily.jackson.lead2420@example.com,Zillow,2026-05-30,Follow-up,0,Dallas,Condo,4,3915,0,1
2421,William Moore,william.moore.lead2421@example.com,Website,2025-12-23,New,0,Fort Worth,Villa,3,2639,5,0
2422,Robert Moore,robert.moore.lead2422@example.com,Zillow,2025-03-04,Follow-up,0,Austin,Villa,3,3939,1,5
2423,Emily Anderson,emily.anderson.lead2423@example.com,Realtor.com,2026-01-26,Converted,1,Plano,Condo,4,2666,6,5
2424,Daniel Martin,daniel.martin.lead2424@example.com,Website,2025-11-09,New,0,Fort Worth,Apartment,1,2038,0,5
2425,Emma Moore,emma.moore.lead2425@example.com,Instagram,2025-10-05,Contacted,0,Arlington,Apartment,1,1977,7,1
2426,Joseph Wilson,joseph.wilson.lead2426@example.com,Google Ads,2025-08-17,New,0,Houston,Condo,4,1639,2,5
2427,Chris Moore,chris.moore.lead2427@example.com,Zillow,2025-04-29,Contacted,0,Houston,Townhouse,1,2000,7,3
2428,Robert White,robert.white.lead2428@example.com,Referral,2026-03-24,Lost,0,Arlington,Apartment,1,3107,0,0
2429,Mia Brown,mia.brown.lead2429@example.com,Walk-in,2025-06-16,Converted,1,Fort Worth,Condo,2,3069,3,5
2430,Michael Thomas,michael.thomas.lead2430@example.com,Realtor.com,2026-02-09,New,0,Fort Worth,Villa,1,2068,5,5
2431,Mia White,mia.white.lead2431@example.com,Zillow,2026-05-08,New,0,Dallas,Condo,3,3556,7,2
2432,Emma Moore,emma.moore.lead2432@example.com,Facebook,2025-08-17,Lost,0,Fort Worth,Villa,4,2984,0,5
2433,Amelia Anderson,amelia.anderson.lead2433@example.com,Website,2025-11-24,Follow-up,0,San Antonio,Apartment,2,1949,8,0
2434,Sophia White,sophia.white.lead2434@example.com,Facebook,2025-11-13,New,0,San Antonio,Single Family Home,2,4392,2,3
2435,Daniel Jackson,daniel.jackson.lead2435@example.com,Google Ads,2026-04-05,New,0,Arlington,Villa,4,1088,0,0
2436,Sarah Martin,sarah.martin.lead2436@example.com,Walk-in,2025-12-21,Follow-up,0,Plano,Single Family Home,4,1688,1,1
2437,Charlotte Taylor,charlotte.taylor.lead2437@example.com,Realtor.com,2025-06-09,New,0,Fort Worth,Villa,4,3468,7,2
2438,Emily Smith,emily.smith.lead2438@example.com,Realtor.com,2025-04-29,New,0,Irving,Single Family Home,4,3747,0,4
2439,Mia Harris,mia.harris.lead2439@example.com,Facebook,2025-03-28,Converted,1,Irving,Single Family Home,2,4438,1,5
2440,John Lewis,john.lewis.lead2440@example.com,Zillow,2025-08-13,Follow-up,0,Plano,Single Family Home,2,2958,0,4
2441,Charlotte Jackson,charlotte.jackson.lead2441@example.com,Referral,2025-07-22,Interested,0,Houston,Townhouse,2,1711,8,5
2442,Emily Davis,emily.davis.lead2442@example.com,Realtor.com,2025-11-24,Interested,0,Irving,Single Family Home,4,1391,3,2
2443,James Anderson,james.anderson.lead2443@example.com,Facebook,2025-06-23,Interested,0,Irving,Apartment,4,2045,2,2
2444,James Taylor,james.taylor.lead2444@example.com,Website,2025-12-25,Contacted,0,Dallas,Single Family Home,4,944,5,3
2445,Sophia Anderson,sophia.anderson.lead2445@example.com,Zillow,2025-02-10,New,0,San Antonio,Villa,3,3427,8,4
2446,Sophia Brown,sophia.brown.lead2446@example.com,Instagram,2025-06-17,Interested,0,Austin,Condo,2,2704,4,0
2447,Charlotte Moore,charlotte.moore.lead2447@example.com,Realtor.com,2025-04-02,New,0,Austin,Condo,1,2955,7,3
2448,Emma Davis,emma.davis.lead2448@example.com,Website,2025-06-28,Contacted,0,Dallas,Condo,2,1825,6,0
2449,Charlotte Thomas,charlotte.thomas.lead2449@example.com,Referral,2025-09-25,Site Visit Scheduled,0,Plano,Condo,1,2763,8,2
2450,Joseph Smith,joseph.smith.lead2450@example.com,Referral,2025-01-16,New,0,Dallas,Villa,2,4145,0,5
2451,Olivia Davis,olivia.davis.lead2451@example.com,Walk-in,2025-01-19,Follow-up,0,San Antonio,Apartment,1,4277,1,5
2452,Sophia Wilson,sophia.wilson.lead2452@example.com,Facebook,2025-03-21,Interested,0,Fort Worth,Condo,4,2355,2,2
2453,Ava Taylor,ava.taylor.lead2453@example.com,Zillow,2025-10-23,Follow-up,0,Arlington,Condo,1,3810,8,5
2454,Ava Martin,ava.martin.lead2454@example.com,Google Ads,2025-07-20,Converted,1,Fort Worth,Condo,3,2429,7,2
2455,Charlotte Johnson,charlotte.johnson.lead2455@example.com,Facebook,2025-05-02,Follow-up,0,Fort Worth,Single Family Home,1,2093,8,1
2456,Sophia Miller,sophia.miller.lead2456@example.com,Realtor.com,2026-04-27,Follow-up,0,Irving,Single Family Home,1,2323,2,3
2457,Robert Martin,robert.martin.lead2457@example.com,Instagram,2025-06-11,Interested,0,Fort Worth,Condo,1,2477,8,5
2458,Emily Harris,emily.harris.lead2458@example.com,Realtor.com,2025-10-31,Lost,0,Plano,Townhouse,4,2767,7,5
2459,James Clark,james.clark.lead2459@example.com,Website,2025-01-17,Follow-up,0,Arlington,Condo,3,2676,0,5
2460,Emily Miller,emily.miller.lead2460@example.com,Google Ads,2026-05-02,Interested,0,Houston,Villa,2,3585,4,3
2461,Ava Brown,ava.brown.lead2461@example.com,Realtor.com,2026-05-28,Follow-up,0,Austin,Townhouse,4,2677,0,3
2462,Sophia White,sophia.white.lead2462@example.com,Facebook,2026-01-04,Follow-up,0,San Antonio,Apartment,4,4341,3,1
2463,David Taylor,david.taylor.lead2463@example.com,Facebook,2026-03-26,Interested,0,Houston,Single Family Home,1,912,2,5
2464,Olivia White,olivia.white.lead2464@example.com,Realtor.com,2026-05-27,Site Visit Scheduled,0,Plano,Single Family Home,2,4083,0,4
2465,Joseph Moore,joseph.moore.lead2465@example.com,Referral,2026-03-26,Interested,0,Arlington,Single Family Home,1,4234,6,1
2466,Michael Brown,michael.brown.lead2466@example.com,Walk-in,2025-11-10,Contacted,0,Plano,Single Family Home,1,3934,7,2
2467,William Smith,william.smith.lead2467@example.com,Referral,2026-05-15,Site Visit Scheduled,0,San Antonio,Apartment,4,3116,2,2
2468,Joseph Jackson,joseph.jackson.lead2468@example.com,Zillow,2026-03-09,Contacted,0,Irving,Apartment,3,1881,1,3
2469,Chris Harris,chris.harris.lead2469@example.com,Facebook,2026-01-24,Contacted,0,Arlington,Single Family Home,4,1631,0,0
2470,Sophia Miller,sophia.miller.lead2470@example.com,Realtor.com,2026-02-12,Converted,1,Fort Worth,Condo,1,2424,1,5
2471,David Clark,david.clark.lead2471@example.com,Zillow,2025-10-02,New,0,Fort Worth,Single Family Home,2,2803,0,3
2472,David Smith,david.smith.lead2472@example.com,Realtor.com,2025-04-18,New,0,Austin,Apartment,3,1606,0,1
2473,Ava Harris,ava.harris.lead2473@example.com,Instagram,2025-04-03,Lost,0,Fort Worth,Villa,3,4455,1,3
2474,Daniel Brown,daniel.brown.lead2474@example.com,Zillow,2025-12-20,Site Visit Scheduled,0,San Antonio,Townhouse,3,2569,1,1
2475,Sophia Moore,sophia.moore.lead2475@example.com,Walk-in,2026-03-01,Interested,0,Plano,Single Family Home,1,2391,5,5
2476,Emily Harris,emily.harris.lead2476@example.com,Google Ads,2026-01-27,Interested,0,Houston,Villa,4,996,4,4
2477,Robert Jackson,robert.jackson.lead2477@example.com,Walk-in,2025-10-29,Follow-up,0,Dallas,Villa,3,1123,2,2
2478,John Brown,john.brown.lead2478@example.com,Walk-in,2026-02-12,Contacted,0,Fort Worth,Condo,1,2592,6,5
2479,Emily Martin,emily.martin.lead2479@example.com,Google Ads,2025-04-12,Follow-up,0,Arlington,Townhouse,1,2888,4,2
2480,Chris Anderson,chris.anderson.lead2480@example.com,Referral,2025-10-09,Lost,0,San Antonio,Townhouse,2,3142,5,0
2481,John Anderson,john.anderson.lead2481@example.com,Walk-in,2025-03-19,Interested,0,Houston,Apartment,4,2338,3,4
2482,Chris Anderson,chris.anderson.lead2482@example.com,Facebook,2025-07-29,New,0,Irving,Condo,1,2390,0,0
2483,Ava Davis,ava.davis.lead2483@example.com,Google Ads,2025-10-14,Site Visit Scheduled,0,Austin,Single Family Home,3,2658,7,5
2484,John Davis,john.davis.lead2484@example.com,Referral,2025-02-19,New,0,Austin,Condo,2,3550,3,4
2485,Chris Taylor,chris.taylor.lead2485@example.com,Facebook,2025-08-14,Contacted,0,Irving,Single Family Home,4,1420,5,3
2486,Emma Davis,emma.davis.lead2486@example.com,Facebook,2025-04-21,Contacted,0,Austin,Single Family Home,2,3801,0,0
2487,Emily Wilson,emily.wilson.lead2487@example.com,Facebook,2025-08-05,Follow-up,0,Houston,Townhouse,3,4005,1,3
2488,Charlotte Brown,charlotte.brown.lead2488@example.com,Website,2026-03-24,Follow-up,0,Arlington,Condo,1,2743,1,3
2489,Chris Miller,chris.miller.lead2489@example.com,Referral,2025-12-01,Lost,0,Houston,Villa,2,1835,5,1
2490,David White,david.white.lead2490@example.com,Facebook,2026-04-17,Follow-up,0,Houston,Townhouse,3,2342,0,2
2491,John Anderson,john.anderson.lead2491@example.com,Referral,2026-05-24,Site Visit Scheduled,0,Fort Worth,Condo,2,1991,8,5
2492,Amelia Wilson,amelia.wilson.lead2492@example.com,Walk-in,2025-10-25,Interested,0,Fort Worth,Condo,2,3096,1,3
2493,Michael Harris,michael.harris.lead2493@example.com,Realtor.com,2025-08-06,Follow-up,0,Austin,Townhouse,4,3348,3,1
2494,Olivia Moore,olivia.moore.lead2494@example.com,Google Ads,2026-03-20,Contacted,0,Austin,Condo,2,1465,6,4
2495,David Wilson,david.wilson.lead2495@example.com,Facebook,2025-12-17,New,0,Plano,Single Family Home,4,1929,8,2
2496,Charlotte White,charlotte.white.lead2496@example.com,Referral,2025-10-17,Contacted,0,Dallas,Condo,4,2036,4,1
2497,Daniel Anderson,daniel.anderson.lead2497@example.com,Website,2025-11-03,Contacted,0,Fort Worth,Condo,3,914,2,2
2498,Michael Wilson,michael.wilson.lead2498@example.com,Walk-in,2025-11-03,New,0,Houston,Single Family Home,2,3488,4,5
2499,Mia Davis,mia.davis.lead2499@example.com,Instagram,2026-04-06,Converted,1,Plano,Townhouse,3,2207,7,1
2500,Amelia Davis,amelia.davis.lead2500@example.com,Realtor.com,2026-03-15,Follow-up,0,Plano,Villa,3,3639,0,0
2501,Emily Wilson,emily.wilson.lead2501@example.com,Instagram,2026-04-05,Contacted,0,Austin,Apartment,3,1007,4,4
2502,Charlotte Wilson,charlotte.wilson.lead2502@example.com,Realtor.com,2025-05-13,Contacted,0,San Antonio,Apartment,3,3021,2,4
2503,Sophia Smith,sophia.smith.lead2503@example.com,Website,2025-05-17,Follow-up,0,Plano,Single Family Home,1,3978,8,1
2504,John Lewis,john.lewis.lead2504@example.com,Facebook,2025-07-06,Follow-up,0,Dallas,Apartment,2,3332,5,1
2505,Emma Smith,emma.smith.lead2505@example.com,Walk-in,2025-12-20,New,0,San Antonio,Condo,1,4042,3,0
2506,Olivia Lewis,olivia.lewis.lead2506@example.com,Facebook,2025-01-12,Converted,1,Austin,Townhouse,1,3306,0,0
2507,Olivia Wilson,olivia.wilson.lead2507@example.com,Zillow,2025-05-20,Interested,0,Arlington,Condo,2,3348,5,4
2508,Daniel Moore,daniel.moore.lead2508@example.com,Facebook,2025-08-26,Site Visit Scheduled,0,Austin,Villa,3,2666,0,4
2509,John Clark,john.clark.lead2509@example.com,Instagram,2025-08-27,New,0,Arlington,Single Family Home,1,3528,7,0
2510,Mia Johnson,mia.johnson.lead2510@example.com,Realtor.com,2025-10-28,Contacted,0,Irving,Apartment,3,3120,2,5
2511,Sarah Jackson,sarah.jackson.lead2511@example.com,Facebook,2025-07-11,New,0,Fort Worth,Single Family Home,4,2366,6,0
2512,John Clark,john.clark.lead2512@example.com,Referral,2025-04-23,Contacted,0,San Antonio,Condo,1,3266,5,4
2513,Sarah Taylor,sarah.taylor.lead2513@example.com,Instagram,2026-05-28,Site Visit Scheduled,0,Irving,Villa,4,2111,2,5
2514,Mia Smith,mia.smith.lead2514@example.com,Walk-in,2026-03-13,Contacted,0,Fort Worth,Single Family Home,2,1497,4,1
2515,Chris Clark,chris.clark.lead2515@example.com,Walk-in,2025-12-10,Follow-up,0,Irving,Villa,3,3475,5,3
2516,David Thomas,david.thomas.lead2516@example.com,Website,2026-05-24,Converted,1,Arlington,Apartment,4,3650,1,4
2517,David Johnson,david.johnson.lead2517@example.com,Google Ads,2026-02-16,Contacted,0,Houston,Townhouse,2,2401,1,5
2518,Charlotte Wilson,charlotte.wilson.lead2518@example.com,Referral,2025-12-13,New,0,Houston,Townhouse,3,1988,8,5
2519,Amelia Martin,amelia.martin.lead2519@example.com,Walk-in,2025-04-23,Site Visit Scheduled,0,Irving,Villa,4,1914,0,3
2520,Emma Brown,emma.brown.lead2520@example.com,Referral,2025-04-29,New,0,Plano,Single Family Home,3,2144,4,4
2521,Emma Miller,emma.miller.lead2521@example.com,Referral,2025-12-10,Interested,0,Irving,Condo,2,2232,3,3
2522,Robert Martin,robert.martin.lead2522@example.com,Referral,2025-08-17,New,0,San Antonio,Villa,4,3147,4,0
2523,John Brown,john.brown.lead2523@example.com,Realtor.com,2025-01-05,Site Visit Scheduled,0,Dallas,Villa,2,1379,2,2
2524,Daniel Taylor,daniel.taylor.lead2524@example.com,Zillow,2025-09-29,Contacted,0,Austin,Apartment,1,2474,7,4
2525,James Jackson,james.jackson.lead2525@example.com,Walk-in,2025-12-21,Interested,0,Fort Worth,Villa,4,2743,8,0
2526,Michael Anderson,michael.anderson.lead2526@example.com,Website,2025-07-29,Interested,0,Plano,Townhouse,3,3367,0,4
2527,Sarah Brown,sarah.brown.lead2527@example.com,Realtor.com,2025-11-30,Follow-up,0,Dallas,Single Family Home,1,923,8,5
2528,Michael Moore,michael.moore.lead2528@example.com,Realtor.com,2025-06-22,Follow-up,0,Houston,Condo,3,1251,0,5
2529,Sophia Johnson,sophia.johnson.lead2529@example.com,Realtor.com,2025-01-28,New,0,Arlington,Townhouse,1,2321,8,0
2530,Sarah Harris,sarah.harris.lead2530@example.com,Instagram,2025-04-18,New,0,Arlington,Single Family Home,4,1351,5,0
2531,John Jackson,john.jackson.lead2531@example.com,Zillow,2026-01-27,Site Visit Scheduled,0,Austin,Villa,4,4298,4,4
2532,Daniel White,daniel.white.lead2532@example.com,Referral,2025-07-12,Follow-up,0,Plano,Single Family Home,3,3819,6,3
2533,James Anderson,james.anderson.lead2533@example.com,Facebook,2025-04-19,Converted,1,Houston,Condo,1,1947,0,3
2534,Amelia Harris,amelia.harris.lead2534@example.com,Website,2026-04-21,New,0,Houston,Villa,1,1620,7,5
2535,Joseph Davis,joseph.davis.lead2535@example.com,Facebook,2025-09-13,Follow-up,0,Arlington,Townhouse,3,3925,8,4
2536,Emma Brown,emma.brown.lead2536@example.com,Realtor.com,2026-04-20,Interested,0,Fort Worth,Apartment,3,1577,1,4
2537,John Clark,john.clark.lead2537@example.com,Instagram,2026-02-03,New,0,San Antonio,Condo,1,2174,0,2
2538,Chris White,chris.white.lead2538@example.com,Facebook,2025-04-05,Contacted,0,Arlington,Townhouse,3,2584,4,2
2539,Amelia Thomas,amelia.thomas.lead2539@example.com,Referral,2025-12-28,Interested,0,Arlington,Single Family Home,4,3227,1,2
2540,John Brown,john.brown.lead2540@example.com,Zillow,2025-01-22,Interested,0,San Antonio,Townhouse,3,1014,4,4
2541,Emily Wilson,emily.wilson.lead2541@example.com,Zillow,2026-03-08,Site Visit Scheduled,0,Plano,Villa,4,1492,3,4
2542,Sarah Clark,sarah.clark.lead2542@example.com,Zillow,2026-05-13,Site Visit Scheduled,0,Irving,Villa,3,2498,4,1
2543,John Taylor,john.taylor.lead2543@example.com,Instagram,2025-11-25,Lost,0,Fort Worth,Single Family Home,4,4331,0,3
2544,Mia Brown,mia.brown.lead2544@example.com,Instagram,2025-03-01,Contacted,0,Fort Worth,Condo,2,1436,6,1
2545,James Johnson,james.johnson.lead2545@example.com,Facebook,2025-04-16,Follow-up,0,Irving,Villa,4,3910,1,3
2546,Emily Wilson,emily.wilson.lead2546@example.com,Zillow,2025-08-23,Converted,1,Houston,Villa,4,4408,0,0
2547,William Clark,william.clark.lead2547@example.com,Referral,2025-12-10,Follow-up,0,Austin,Villa,2,4419,6,0
2548,Michael Jackson,michael.jackson.lead2548@example.com,Referral,2025-01-06,Site Visit Scheduled,0,San Antonio,Single Family Home,2,1459,3,1
2549,Chris Johnson,chris.johnson.lead2549@example.com,Website,2025-08-17,Contacted,0,Dallas,Townhouse,4,1580,7,5
2550,Ava Smith,ava.smith.lead2550@example.com,Google Ads,2026-01-17,Follow-up,0,Arlington,Villa,1,1284,1,2
2551,Robert Thomas,robert.thomas.lead2551@example.com,Instagram,2025-07-01,Converted,1,Houston,Townhouse,2,2226,1,4
2552,Daniel Taylor,daniel.taylor.lead2552@example.com,Referral,2025-06-04,Contacted,0,Houston,Townhouse,2,2451,6,2
2553,Mia Clark,mia.clark.lead2553@example.com,Website,2025-08-03,Follow-up,0,Fort Worth,Villa,2,2449,2,0
2554,Emily Johnson,emily.johnson.lead2554@example.com,Referral,2025-06-09,New,0,Arlington,Townhouse,3,912,7,2
2555,David Miller,david.miller.lead2555@example.com,Google Ads,2025-07-15,New,0,Plano,Townhouse,1,1311,1,3
2556,David Thomas,david.thomas.lead2556@example.com,Instagram,2026-01-10,Interested,0,San Antonio,Condo,4,3756,6,1
2557,Mia Moore,mia.moore.lead2557@example.com,Instagram,2025-04-15,Site Visit Scheduled,0,Irving,Apartment,2,2748,0,1
2558,Ava White,ava.white.lead2558@example.com,Zillow,2026-04-01,Contacted,0,Arlington,Condo,3,3734,2,1
2559,John Johnson,john.johnson.lead2559@example.com,Facebook,2025-07-02,Contacted,0,Austin,Villa,4,1657,1,3
2560,Robert Thomas,robert.thomas.lead2560@example.com,Zillow,2025-07-17,Interested,0,Houston,Apartment,4,1789,2,0
2561,David Brown,david.brown.lead2561@example.com,Instagram,2025-06-15,Lost,0,Plano,Apartment,2,1446,0,3
2562,Charlotte Martin,charlotte.martin.lead2562@example.com,Referral,2025-04-30,New,0,San Antonio,Condo,2,1414,1,0
2563,David Johnson,david.johnson.lead2563@example.com,Realtor.com,2025-09-26,Lost,0,Fort Worth,Apartment,1,1026,5,1
2564,Sarah Thomas,sarah.thomas.lead2564@example.com,Realtor.com,2026-03-04,Follow-up,0,Plano,Townhouse,1,4291,0,1
2565,Amelia White,amelia.white.lead2565@example.com,Facebook,2025-07-05,Interested,0,Houston,Condo,2,2834,2,5
2566,John Wilson,john.wilson.lead2566@example.com,Walk-in,2025-11-11,Contacted,0,Plano,Single Family Home,1,4132,7,3
2567,Emily White,emily.white.lead2567@example.com,Walk-in,2025-11-19,Site Visit Scheduled,0,Arlington,Villa,3,2837,2,4
2568,Emma Anderson,emma.anderson.lead2568@example.com,Walk-in,2025-06-20,Site Visit Scheduled,0,Irving,Townhouse,2,1866,4,3
2569,Daniel Brown,daniel.brown.lead2569@example.com,Instagram,2025-09-29,New,0,Fort Worth,Single Family Home,1,2563,8,1
2570,Chris Wilson,chris.wilson.lead2570@example.com,Walk-in,2025-10-05,Interested,0,Houston,Townhouse,4,3533,4,4
2571,Ava White,ava.white.lead2571@example.com,Walk-in,2025-11-14,Interested,0,Irving,Townhouse,1,4087,4,1
2572,Emma White,emma.white.lead2572@example.com,Walk-in,2025-04-06,Interested,0,Arlington,Villa,4,1475,0,3
2573,David Taylor,david.taylor.lead2573@example.com,Google Ads,2025-10-04,Interested,0,Houston,Single Family Home,2,4132,7,3
2574,Ava Harris,ava.harris.lead2574@example.com,Zillow,2025-12-27,New,0,Fort Worth,Townhouse,3,4037,2,2
2575,Emma Moore,emma.moore.lead2575@example.com,Realtor.com,2025-01-11,Site Visit Scheduled,0,Arlington,Condo,4,1607,3,0
2576,William Smith,william.smith.lead2576@example.com,Walk-in,2025-08-07,Interested,0,Houston,Condo,4,4393,2,0
2577,Charlotte Jackson,charlotte.jackson.lead2577@example.com,Google Ads,2025-03-31,New,0,Houston,Single Family Home,2,3206,8,5
2578,David Moore,david.moore.lead2578@example.com,Walk-in,2026-05-28,Follow-up,0,Plano,Single Family Home,3,953,5,0
2579,Mia Johnson,mia.johnson.lead2579@example.com,Referral,2025-04-07,New,0,Irving,Townhouse,4,2986,2,3
2580,Joseph Jackson,joseph.jackson.lead2580@example.com,Facebook,2026-02-21,Lost,0,Irving,Apartment,4,4052,6,1
2581,William Wilson,william.wilson.lead2581@example.com,Walk-in,2025-05-07,Site Visit Scheduled,0,San Antonio,Townhouse,3,1842,6,2
2582,David Anderson,david.anderson.lead2582@example.com,Referral,2025-02-05,Contacted,0,Arlington,Townhouse,3,2304,6,5
2583,Michael Taylor,michael.taylor.lead2583@example.com,Website,2025-12-08,Contacted,0,San Antonio,Apartment,2,2216,2,1
2584,David Thomas,david.thomas.lead2584@example.com,Zillow,2025-02-24,New,0,Fort Worth,Single Family Home,2,1737,0,4
2585,Joseph Taylor,joseph.taylor.lead2585@example.com,Facebook,2025-07-09,Interested,0,Dallas,Apartment,2,3217,4,0
2586,Charlotte Martin,charlotte.martin.lead2586@example.com,Realtor.com,2025-02-16,Interested,0,Irving,Single Family Home,2,4105,8,1
2587,Amelia Wilson,amelia.wilson.lead2587@example.com,Website,2025-10-24,Follow-up,0,Irving,Apartment,1,3797,7,3
2588,Sophia Jackson,sophia.jackson.lead2588@example.com,Zillow,2025-07-09,Interested,0,San Antonio,Single Family Home,3,3277,0,5
2589,Emma Miller,emma.miller.lead2589@example.com,Website,2025-07-13,Contacted,0,Fort Worth,Apartment,2,1790,5,1
2590,Daniel Moore,daniel.moore.lead2590@example.com,Google Ads,2026-03-16,Contacted,0,Irving,Condo,1,3885,6,3
2591,James Martin,james.martin.lead2591@example.com,Walk-in,2025-03-30,New,0,San Antonio,Single Family Home,2,2089,2,0
2592,David Anderson,david.anderson.lead2592@example.com,Website,2025-07-04,Interested,0,Plano,Townhouse,3,3990,5,1
2593,Olivia Davis,olivia.davis.lead2593@example.com,Zillow,2025-11-29,Lost,0,Irving,Townhouse,1,4219,2,3
2594,Ava White,ava.white.lead2594@example.com,Realtor.com,2025-08-02,Lost,0,Dallas,Apartment,4,2344,2,1
2595,Amelia Thomas,amelia.thomas.lead2595@example.com,Realtor.com,2026-02-21,New,0,Houston,Single Family Home,1,3275,1,0
2596,Robert Jackson,robert.jackson.lead2596@example.com,Google Ads,2025-11-16,Contacted,0,Austin,Apartment,3,3071,2,5
2597,Michael Martin,michael.martin.lead2597@example.com,Realtor.com,2025-04-08,Converted,1,Fort Worth,Villa,4,1942,0,3
2598,Olivia Lewis,olivia.lewis.lead2598@example.com,Website,2025-01-30,New,0,San Antonio,Townhouse,1,3789,2,5
2599,Ava Smith,ava.smith.lead2599@example.com,Instagram,2025-08-21,Interested,0,Arlington,Condo,1,3235,0,2
2600,Joseph White,joseph.white.lead2600@example.com,Zillow,2025-01-26,Site Visit Scheduled,0,Fort Worth,Townhouse,2,2325,4,4
2601,William Thomas,william.thomas.lead2601@example.com,Instagram,2025-11-11,New,0,Dallas,Apartment,3,2162,0,5
2602,Joseph Clark,joseph.clark.lead2602@example.com,Referral,2025-12-24,Interested,0,Arlington,Townhouse,4,4237,2,1
2603,Emma Moore,emma.moore.lead2603@example.com,Referral,2025-02-04,Site Visit Scheduled,0,Arlington,Condo,3,3488,0,2
2604,Charlotte Harris,charlotte.harris.lead2604@example.com,Instagram,2025-11-14,New,0,Houston,Single Family Home,1,1841,4,0
2605,James Wilson,james.wilson.lead2605@example.com,Instagram,2026-01-25,Follow-up,0,San Antonio,Condo,3,1467,1,3
2606,James Taylor,james.taylor.lead2606@example.com,Instagram,2026-01-20,Converted,1,Arlington,Single Family Home,3,2046,6,1
2607,William Davis,william.davis.lead2607@example.com,Referral,2025-03-11,Contacted,0,Irving,Apartment,4,2114,8,2
2608,Mia Miller,mia.miller.lead2608@example.com,Realtor.com,2025-05-01,Converted,1,San Antonio,Single Family Home,4,1190,4,3
2609,Amelia Wilson,amelia.wilson.lead2609@example.com,Google Ads,2025-10-07,Interested,0,Plano,Villa,3,2566,1,0
2610,Emma Brown,emma.brown.lead2610@example.com,Referral,2025-07-27,Interested,0,Dallas,Townhouse,1,1578,4,0
2611,Sarah Brown,sarah.brown.lead2611@example.com,Instagram,2025-03-25,New,0,Fort Worth,Townhouse,4,3937,4,5
2612,Amelia Brown,amelia.brown.lead2612@example.com,Referral,2026-03-23,Follow-up,0,Plano,Single Family Home,3,3712,2,1
2613,Joseph Johnson,joseph.johnson.lead2613@example.com,Zillow,2025-09-21,New,0,Austin,Single Family Home,2,3926,4,3
2614,John Smith,john.smith.lead2614@example.com,Zillow,2026-04-18,Interested,0,Arlington,Condo,3,1076,3,3
2615,Ava Wilson,ava.wilson.lead2615@example.com,Instagram,2025-11-14,New,0,Plano,Apartment,2,2024,6,4
2616,Emma Jackson,emma.jackson.lead2616@example.com,Website,2025-05-15,Follow-up,0,San Antonio,Condo,2,2532,7,1
2617,Chris Taylor,chris.taylor.lead2617@example.com,Website,2026-03-25,Lost,0,Fort Worth,Single Family Home,4,3849,3,1
2618,Ava Anderson,ava.anderson.lead2618@example.com,Website,2026-01-04,Interested,0,Plano,Single Family Home,2,1844,0,5
2619,Michael Jackson,michael.jackson.lead2619@example.com,Website,2026-05-29,Converted,1,Irving,Villa,3,3769,4,0
2620,Chris Clark,chris.clark.lead2620@example.com,Walk-in,2026-01-23,Interested,0,Houston,Single Family Home,3,2619,1,5
2621,Ava Clark,ava.clark.lead2621@example.com,Referral,2025-12-01,Contacted,0,Dallas,Townhouse,2,1981,7,5
2622,Olivia Harris,olivia.harris.lead2622@example.com,Facebook,2025-01-22,Site Visit Scheduled,0,Dallas,Villa,2,4326,0,5
2623,John Smith,john.smith.lead2623@example.com,Realtor.com,2025-01-09,Follow-up,0,Austin,Condo,2,3333,4,3
2624,James Jackson,james.jackson.lead2624@example.com,Facebook,2025-06-02,Interested,0,Houston,Villa,1,919,2,4
2625,Amelia Davis,amelia.davis.lead2625@example.com,Google Ads,2025-11-24,New,0,Irving,Villa,2,3453,3,1
2626,Charlotte Miller,charlotte.miller.lead2626@example.com,Referral,2025-10-02,Contacted,0,Houston,Condo,1,2149,8,1
2627,Amelia Brown,amelia.brown.lead2627@example.com,Facebook,2025-10-05,Follow-up,0,San Antonio,Villa,2,4002,3,1
2628,Olivia Thomas,olivia.thomas.lead2628@example.com,Referral,2026-02-09,Converted,1,Irving,Single Family Home,4,3989,1,0
2629,Joseph Davis,joseph.davis.lead2629@example.com,Google Ads,2025-04-24,New,0,Irving,Villa,4,1706,5,5
2630,Olivia Brown,olivia.brown.lead2630@example.com,Walk-in,2025-11-06,Interested,0,San Antonio,Condo,2,2312,2,3
2631,John Johnson,john.johnson.lead2631@example.com,Walk-in,2026-05-20,Converted,1,San Antonio,Townhouse,2,3013,2,5
2632,James Clark,james.clark.lead2632@example.com,Zillow,2025-09-17,Contacted,0,Houston,Apartment,2,1030,7,2
2633,Sophia Miller,sophia.miller.lead2633@example.com,Realtor.com,2025-02-23,Converted,1,Dallas,Apartment,2,3979,0,5
2634,William Lewis,william.lewis.lead2634@example.com,Instagram,2026-01-26,Site Visit Scheduled,0,Houston,Townhouse,3,2680,8,3
2635,Charlotte Brown,charlotte.brown.lead2635@example.com,Google Ads,2025-08-20,Converted,1,Plano,Townhouse,2,2816,8,1
2636,Charlotte Johnson,charlotte.johnson.lead2636@example.com,Website,2025-10-26,Follow-up,0,Austin,Townhouse,4,1910,4,5
2637,William Harris,william.harris.lead2637@example.com,Facebook,2025-05-03,New,0,Fort Worth,Apartment,4,3406,6,1
2638,Daniel Johnson,daniel.johnson.lead2638@example.com,Instagram,2025-05-17,New,0,Plano,Townhouse,4,1548,1,3
2639,Sophia Clark,sophia.clark.lead2639@example.com,Referral,2025-01-24,New,0,Austin,Apartment,4,1122,5,5
2640,James Jackson,james.jackson.lead2640@example.com,Instagram,2025-10-29,Follow-up,0,Irving,Villa,3,2762,1,0
2641,Emily Clark,emily.clark.lead2641@example.com,Instagram,2025-02-13,Contacted,0,San Antonio,Apartment,4,4449,7,5
2642,Charlotte Johnson,charlotte.johnson.lead2642@example.com,Facebook,2025-10-21,Site Visit Scheduled,0,Houston,Villa,1,974,0,4
2643,Michael Taylor,michael.taylor.lead2643@example.com,Referral,2026-05-07,Converted,1,San Antonio,Townhouse,3,1394,0,1
2644,Michael Johnson,michael.johnson.lead2644@example.com,Google Ads,2025-01-11,Lost,0,Houston,Townhouse,3,2987,3,0
2645,Sophia Clark,sophia.clark.lead2645@example.com,Website,2026-01-14,New,0,Houston,Townhouse,1,1347,8,3
2646,Mia Clark,mia.clark.lead2646@example.com,Instagram,2025-05-17,Interested,0,Houston,Single Family Home,1,1465,2,4
2647,Sophia Harris,sophia.harris.lead2647@example.com,Realtor.com,2025-02-09,Interested,0,Houston,Villa,1,4480,4,3
2648,William Martin,william.martin.lead2648@example.com,Realtor.com,2025-03-07,Site Visit Scheduled,0,Houston,Single Family Home,1,1065,4,4
2649,Robert Lewis,robert.lewis.lead2649@example.com,Walk-in,2026-02-21,Interested,0,Dallas,Townhouse,3,2815,1,0
2650,Amelia White,amelia.white.lead2650@example.com,Facebook,2025-09-27,New,0,Fort Worth,Condo,2,1073,5,2
2651,William Taylor,william.taylor.lead2651@example.com,Instagram,2025-02-17,New,0,Dallas,Villa,3,3916,8,2
2652,Olivia Taylor,olivia.taylor.lead2652@example.com,Facebook,2026-05-02,New,0,Dallas,Condo,3,1437,2,0
2653,Mia Wilson,mia.wilson.lead2653@example.com,Google Ads,2025-05-31,Lost,0,Arlington,Apartment,1,4089,4,1
2654,Ava Brown,ava.brown.lead2654@example.com,Facebook,2025-08-28,Lost,0,Irving,Condo,4,2471,7,2
2655,William Miller,william.miller.lead2655@example.com,Realtor.com,2025-10-09,Follow-up,0,Arlington,Apartment,3,2705,3,5
2656,Ava Harris,ava.harris.lead2656@example.com,Website,2025-10-21,Converted,1,Plano,Single Family Home,4,3514,8,1
2657,Daniel Martin,daniel.martin.lead2657@example.com,Realtor.com,2025-10-25,Follow-up,0,Arlington,Villa,2,1284,1,3
2658,Charlotte Moore,charlotte.moore.lead2658@example.com,Website,2025-09-05,New,0,Irving,Single Family Home,1,4047,1,0
2659,John Johnson,john.johnson.lead2659@example.com,Referral,2025-08-31,Interested,0,Arlington,Single Family Home,2,4380,6,1
2660,Charlotte Anderson,charlotte.anderson.lead2660@example.com,Google Ads,2025-02-18,Follow-up,0,Fort Worth,Villa,2,3303,5,0
2661,Joseph Brown,joseph.brown.lead2661@example.com,Facebook,2025-06-03,Interested,0,Houston,Condo,3,1845,4,2
2662,Daniel White,daniel.white.lead2662@example.com,Facebook,2026-05-09,Contacted,0,San Antonio,Condo,4,4048,2,2
2663,Ava Clark,ava.clark.lead2663@example.com,Website,2025-11-16,New,0,Arlington,Condo,4,4240,8,3
2664,William Anderson,william.anderson.lead2664@example.com,Referral,2026-01-20,New,0,Austin,Villa,4,4452,6,4
2665,Amelia Wilson,amelia.wilson.lead2665@example.com,Zillow,2025-05-15,Contacted,0,Houston,Single Family Home,2,2754,0,4
2666,Charlotte Lewis,charlotte.lewis.lead2666@example.com,Referral,2026-05-28,New,0,Dallas,Villa,1,3358,2,3
2667,Michael Jackson,michael.jackson.lead2667@example.com,Website,2025-03-18,Follow-up,0,Fort Worth,Villa,4,2396,2,1
2668,James Davis,james.davis.lead2668@example.com,Walk-in,2025-05-14,Contacted,0,Houston,Townhouse,2,1686,7,5
2669,Olivia Wilson,olivia.wilson.lead2669@example.com,Facebook,2025-04-12,Interested,0,San Antonio,Townhouse,2,1014,0,0
2670,Daniel Taylor,daniel.taylor.lead2670@example.com,Facebook,2025-03-13,Interested,0,Austin,Single Family Home,1,1090,2,2
2671,Charlotte Harris,charlotte.harris.lead2671@example.com,Google Ads,2026-04-23,Converted,1,Irving,Apartment,2,2665,1,3
2672,Olivia Anderson,olivia.anderson.lead2672@example.com,Zillow,2026-05-02,Interested,0,Dallas,Apartment,2,3419,7,3
2673,Amelia Anderson,amelia.anderson.lead2673@example.com,Realtor.com,2025-04-15,Interested,0,Fort Worth,Condo,1,2141,8,2
2674,James Brown,james.brown.lead2674@example.com,Realtor.com,2025-10-06,Follow-up,0,Austin,Townhouse,2,911,8,2
2675,David Anderson,david.anderson.lead2675@example.com,Zillow,2025-10-24,Lost,0,Dallas,Single Family Home,2,2428,4,0
2676,Emma Johnson,emma.johnson.lead2676@example.com,Instagram,2026-04-09,Converted,1,Arlington,Villa,2,2389,5,3
2677,James Johnson,james.johnson.lead2677@example.com,Referral,2025-09-12,Contacted,0,Austin,Villa,2,1615,7,1
2678,Mia Anderson,mia.anderson.lead2678@example.com,Zillow,2026-01-10,Site Visit Scheduled,0,San Antonio,Apartment,2,3674,0,3
2679,James Miller,james.miller.lead2679@example.com,Instagram,2026-04-26,Site Visit Scheduled,0,Plano,Villa,2,1929,6,3
2680,Charlotte Moore,charlotte.moore.lead2680@example.com,Realtor.com,2025-03-24,Contacted,0,Dallas,Villa,1,2717,6,3
2681,Olivia Harris,olivia.harris.lead2681@example.com,Website,2025-01-14,Lost,0,Arlington,Condo,2,3445,7,5
2682,Chris Wilson,chris.wilson.lead2682@example.com,Google Ads,2025-01-16,Follow-up,0,Fort Worth,Condo,1,2946,4,5
2683,Mia Thomas,mia.thomas.lead2683@example.com,Referral,2025-07-06,Interested,0,San Antonio,Single Family Home,3,1003,6,2
2684,John Jackson,john.jackson.lead2684@example.com,Facebook,2025-10-05,Contacted,0,San Antonio,Villa,2,3195,5,5
2685,Robert Johnson,robert.johnson.lead2685@example.com,Zillow,2025-08-28,Site Visit Scheduled,0,Austin,Apartment,1,1452,7,2
2686,Joseph Harris,joseph.harris.lead2686@example.com,Zillow,2025-02-17,Interested,0,Houston,Single Family Home,3,2601,6,0
2687,Charlotte Smith,charlotte.smith.lead2687@example.com,Instagram,2025-04-18,Contacted,0,San Antonio,Townhouse,2,1837,1,3
2688,Olivia Martin,olivia.martin.lead2688@example.com,Zillow,2025-09-27,Follow-up,0,Fort Worth,Condo,2,1036,1,2
2689,William Harris,william.harris.lead2689@example.com,Website,2025-12-10,New,0,Fort Worth,Single Family Home,4,4039,5,2
2690,Joseph Jackson,joseph.jackson.lead2690@example.com,Referral,2026-05-04,Interested,0,Houston,Condo,4,2836,8,5
2691,Sarah Harris,sarah.harris.lead2691@example.com,Walk-in,2026-04-02,New,0,Plano,Townhouse,4,1219,3,1
2692,David Lewis,david.lewis.lead2692@example.com,Zillow,2025-10-28,Site Visit Scheduled,0,Arlington,Condo,3,2984,7,5
2693,William Smith,william.smith.lead2693@example.com,Zillow,2025-12-17,Follow-up,0,Irving,Single Family Home,2,1062,4,4
2694,Mia Martin,mia.martin.lead2694@example.com,Facebook,2025-08-26,Lost,0,San Antonio,Condo,3,3983,4,0
2695,David Jackson,david.jackson.lead2695@example.com,Website,2026-04-10,New,0,Irving,Apartment,3,2390,6,1
2696,Robert Harris,robert.harris.lead2696@example.com,Facebook,2026-01-12,New,0,Fort Worth,Condo,2,3111,0,0
2697,Amelia Jackson,amelia.jackson.lead2697@example.com,Realtor.com,2025-04-15,Contacted,0,San Antonio,Townhouse,4,2530,0,3
2698,Robert Thomas,robert.thomas.lead2698@example.com,Zillow,2026-05-12,New,0,Houston,Townhouse,2,4431,8,4
2699,Michael Taylor,michael.taylor.lead2699@example.com,Facebook,2025-09-12,New,0,Houston,Townhouse,3,3578,8,2
2700,Olivia Wilson,olivia.wilson.lead2700@example.com,Zillow,2026-03-22,Follow-up,0,Dallas,Villa,3,4204,7,4
2701,William Brown,william.brown.lead2701@example.com,Referral,2025-06-05,New,0,Dallas,Apartment,1,3224,0,1
2702,Olivia Martin,olivia.martin.lead2702@example.com,Website,2026-04-23,Converted,1,Irving,Single Family Home,4,2576,4,2
2703,David Harris,david.harris.lead2703@example.com,Zillow,2026-02-28,Interested,0,Austin,Apartment,2,2924,4,1
2704,Mia Johnson,mia.johnson.lead2704@example.com,Zillow,2025-04-30,New,0,Fort Worth,Villa,3,1531,3,3
2705,James Wilson,james.wilson.lead2705@example.com,Realtor.com,2026-04-21,Lost,0,Arlington,Condo,1,1199,6,1
2706,Ava Miller,ava.miller.lead2706@example.com,Website,2025-04-23,Follow-up,0,Houston,Condo,1,1770,1,3
2707,William Thomas,william.thomas.lead2707@example.com,Walk-in,2025-08-15,New,0,San Antonio,Single Family Home,4,2523,4,4
2708,Emma Lewis,emma.lewis.lead2708@example.com,Referral,2025-07-27,Follow-up,0,Plano,Villa,2,939,3,0
2709,James Taylor,james.taylor.lead2709@example.com,Referral,2025-06-27,Follow-up,0,San Antonio,Condo,3,3351,1,5
2710,John Taylor,john.taylor.lead2710@example.com,Realtor.com,2025-04-20,New,0,Arlington,Townhouse,4,2327,6,4
2711,Amelia Wilson,amelia.wilson.lead2711@example.com,Facebook,2025-07-17,Interested,0,Houston,Condo,4,3396,0,1
2712,Joseph Thomas,joseph.thomas.lead2712@example.com,Zillow,2026-01-11,Converted,1,Irving,Apartment,1,1782,2,0
2713,David Anderson,david.anderson.lead2713@example.com,Zillow,2025-12-11,Contacted,0,Plano,Villa,1,1429,1,4
2714,Robert White,robert.white.lead2714@example.com,Zillow,2025-03-01,Interested,0,San Antonio,Single Family Home,3,3231,4,2
2715,Emma Anderson,emma.anderson.lead2715@example.com,Website,2025-03-14,Site Visit Scheduled,0,Plano,Villa,1,1505,3,4
2716,Amelia Lewis,amelia.lewis.lead2716@example.com,Realtor.com,2025-09-10,Follow-up,0,Dallas,Apartment,3,3486,2,0
2717,Chris Davis,chris.davis.lead2717@example.com,Instagram,2026-05-12,Contacted,0,Dallas,Townhouse,2,1038,1,0
2718,Sarah Thomas,sarah.thomas.lead2718@example.com,Zillow,2025-12-22,Contacted,0,Irving,Condo,4,2184,2,1
2719,Olivia Johnson,olivia.johnson.lead2719@example.com,Instagram,2025-04-07,Contacted,0,Plano,Apartment,1,4204,5,3
2720,Charlotte Moore,charlotte.moore.lead2720@example.com,Website,2026-02-26,Contacted,0,Austin,Condo,1,3439,6,2
2721,Joseph Lewis,joseph.lewis.lead2721@example.com,Zillow,2025-07-12,Contacted,0,Austin,Apartment,4,3828,5,5
2722,Chris Johnson,chris.johnson.lead2722@example.com,Walk-in,2025-02-10,Follow-up,0,San Antonio,Single Family Home,2,2803,0,5
2723,William Harris,william.harris.lead2723@example.com,Zillow,2025-06-24,Converted,1,Austin,Townhouse,2,2792,8,1
2724,William Thomas,william.thomas.lead2724@example.com,Facebook,2026-02-09,Contacted,0,Houston,Villa,3,3187,0,3
2725,Michael Thomas,michael.thomas.lead2725@example.com,Google Ads,2025-05-21,Contacted,0,Houston,Apartment,1,2765,4,3
2726,Daniel Martin,daniel.martin.lead2726@example.com,Google Ads,2025-01-31,Lost,0,Arlington,Single Family Home,1,2388,5,5
2727,Ava Brown,ava.brown.lead2727@example.com,Instagram,2025-08-06,New,0,Plano,Apartment,1,3747,1,5
2728,John Anderson,john.anderson.lead2728@example.com,Website,2026-01-08,Contacted,0,San Antonio,Single Family Home,1,1786,3,2
2729,Sarah Martin,sarah.martin.lead2729@example.com,Realtor.com,2026-05-08,Interested,0,Dallas,Single Family Home,3,1124,8,3
2730,Mia Jackson,mia.jackson.lead2730@example.com,Instagram,2025-07-09,New,0,San Antonio,Condo,4,1536,8,2
2731,William Jackson,william.jackson.lead2731@example.com,Walk-in,2025-10-28,Follow-up,0,Plano,Villa,2,3739,7,3
2732,James Smith,james.smith.lead2732@example.com,Facebook,2026-01-04,Contacted,0,Fort Worth,Condo,4,3369,4,4
2733,Daniel Miller,daniel.miller.lead2733@example.com,Realtor.com,2025-04-03,Converted,1,Austin,Condo,1,4025,5,1
2734,Michael Davis,michael.davis.lead2734@example.com,Walk-in,2025-03-19,Follow-up,0,San Antonio,Villa,1,3394,3,5
2735,James Clark,james.clark.lead2735@example.com,Facebook,2025-05-04,Interested,0,Arlington,Townhouse,1,2740,4,4
2736,Sophia Harris,sophia.harris.lead2736@example.com,Referral,2025-08-23,New,0,Houston,Condo,3,2436,5,1
2737,Michael Clark,michael.clark.lead2737@example.com,Instagram,2026-05-10,Contacted,0,Houston,Condo,2,3487,0,5
2738,Emily Jackson,emily.jackson.lead2738@example.com,Zillow,2026-03-18,New,0,Plano,Townhouse,4,2986,1,2
2739,Amelia Lewis,amelia.lewis.lead2739@example.com,Instagram,2025-09-08,New,0,Houston,Single Family Home,3,3502,8,0
2740,Daniel Thomas,daniel.thomas.lead2740@example.com,Realtor.com,2025-07-24,Follow-up,0,Austin,Single Family Home,4,3221,6,0
2741,John Clark,john.clark.lead2741@example.com,Referral,2025-03-22,Contacted,0,Plano,Townhouse,3,996,5,0
2742,Sarah Lewis,sarah.lewis.lead2742@example.com,Realtor.com,2025-05-06,Interested,0,San Antonio,Single Family Home,4,4203,1,0
2743,Mia Smith,mia.smith.lead2743@example.com,Instagram,2026-05-30,New,0,Fort Worth,Villa,4,2898,0,0
2744,Olivia Martin,olivia.martin.lead2744@example.com,Facebook,2026-02-20,New,0,Houston,Townhouse,2,3528,0,3
2745,Sarah White,sarah.white.lead2745@example.com,Realtor.com,2026-05-09,New,0,Fort Worth,Single Family Home,1,4086,5,2
2746,Sophia Jackson,sophia.jackson.lead2746@example.com,Referral,2025-05-09,Follow-up,0,Austin,Single Family Home,3,4399,7,0
2747,John Miller,john.miller.lead2747@example.com,Website,2025-04-18,Follow-up,0,Houston,Condo,2,1609,2,2
2748,William White,william.white.lead2748@example.com,Website,2025-09-03,Lost,0,Austin,Villa,3,1393,8,4
2749,Sarah Jackson,sarah.jackson.lead2749@example.com,Referral,2025-07-29,Contacted,0,Irving,Condo,2,3819,1,5
2750,Sarah Anderson,sarah.anderson.lead2750@example.com,Referral,2025-03-10,Site Visit Scheduled,0,Irving,Single Family Home,4,1758,7,0
2751,David Lewis,david.lewis.lead2751@example.com,Walk-in,2025-11-24,New,0,Houston,Townhouse,3,2332,3,0
2752,Amelia Davis,amelia.davis.lead2752@example.com,Instagram,2025-10-27,New,0,Houston,Apartment,4,1289,3,2
2753,Emma Taylor,emma.taylor.lead2753@example.com,Zillow,2025-01-22,Converted,1,Plano,Townhouse,1,3567,7,3
2754,Daniel Lewis,daniel.lewis.lead2754@example.com,Facebook,2026-01-29,Follow-up,0,Fort Worth,Single Family Home,3,3561,3,3
2755,Amelia Davis,amelia.davis.lead2755@example.com,Google Ads,2025-12-08,Contacted,0,Houston,Single Family Home,3,1261,8,5
2756,John Clark,john.clark.lead2756@example.com,Walk-in,2026-03-28,New,0,Austin,Townhouse,3,4099,5,4
2757,Ava Johnson,ava.johnson.lead2757@example.com,Realtor.com,2026-05-11,New,0,Austin,Apartment,2,1441,1,4
2758,Sarah Martin,sarah.martin.lead2758@example.com,Facebook,2025-12-10,Follow-up,0,Irving,Condo,2,4480,4,2
2759,Daniel White,daniel.white.lead2759@example.com,Realtor.com,2025-02-09,Site Visit Scheduled,0,Fort Worth,Condo,4,3817,4,5
2760,Chris Brown,chris.brown.lead2760@example.com,Website,2025-07-16,Site Visit Scheduled,0,Dallas,Condo,2,4384,4,2
2761,Michael Lewis,michael.lewis.lead2761@example.com,Facebook,2025-09-20,Interested,0,Fort Worth,Townhouse,4,979,5,2
2762,Olivia Taylor,olivia.taylor.lead2762@example.com,Instagram,2025-09-22,Contacted,0,Arlington,Villa,3,1876,8,3
2763,Joseph Moore,joseph.moore.lead2763@example.com,Zillow,2025-08-15,Converted,1,Austin,Apartment,2,1560,2,3
2764,William Anderson,william.anderson.lead2764@example.com,Google Ads,2025-07-17,Interested,0,Irving,Single Family Home,3,3520,7,0
2765,Sophia Lewis,sophia.lewis.lead2765@example.com,Instagram,2026-05-21,Follow-up,0,Dallas,Townhouse,2,2290,2,1
2766,David Wilson,david.wilson.lead2766@example.com,Facebook,2025-01-13,Interested,0,Dallas,Villa,3,1037,2,0
2767,Michael Taylor,michael.taylor.lead2767@example.com,Zillow,2025-11-05,Contacted,0,Arlington,Villa,3,3523,0,0
2768,Chris Davis,chris.davis.lead2768@example.com,Google Ads,2025-09-03,Interested,0,Plano,Condo,4,3616,6,4
2769,Daniel Moore,daniel.moore.lead2769@example.com,Walk-in,2026-01-20,Contacted,0,Irving,Single Family Home,1,4469,7,4
2770,James Davis,james.davis.lead2770@example.com,Walk-in,2025-11-14,Interested,0,Houston,Townhouse,3,3807,3,5
2771,Olivia Harris,olivia.harris.lead2771@example.com,Walk-in,2025-11-19,Contacted,0,Arlington,Villa,2,2937,1,4
2772,Amelia Harris,amelia.harris.lead2772@example.com,Google Ads,2026-02-14,Lost,0,Fort Worth,Villa,3,2528,2,4
2773,Sarah Brown,sarah.brown.lead2773@example.com,Realtor.com,2025-04-26,Contacted,0,Fort Worth,Single Family Home,2,2289,4,4
2774,William Clark,william.clark.lead2774@example.com,Referral,2025-09-23,Contacted,0,Dallas,Apartment,3,3997,0,3
2775,Mia Anderson,mia.anderson.lead2775@example.com,Realtor.com,2025-07-05,Contacted,0,Arlington,Condo,3,2525,0,3
2776,Mia Taylor,mia.taylor.lead2776@example.com,Walk-in,2025-09-12,Contacted,0,Plano,Townhouse,4,1315,2,4
2777,Michael Taylor,michael.taylor.lead2777@example.com,Zillow,2026-03-09,Interested,0,San Antonio,Apartment,3,3630,8,1
2778,Chris Moore,chris.moore.lead2778@example.com,Instagram,2025-11-03,Site Visit Scheduled,0,Dallas,Condo,1,3332,5,4
2779,Emily Clark,emily.clark.lead2779@example.com,Referral,2026-03-20,Site Visit Scheduled,0,Irving,Villa,3,3929,8,5
2780,Michael Taylor,michael.taylor.lead2780@example.com,Instagram,2026-01-27,New,0,San Antonio,Single Family Home,4,1957,3,4
2781,Chris White,chris.white.lead2781@example.com,Google Ads,2025-10-21,Interested,0,Austin,Condo,2,4372,5,5
2782,Olivia Johnson,olivia.johnson.lead2782@example.com,Realtor.com,2025-03-24,Site Visit Scheduled,0,Houston,Single Family Home,4,1244,7,5
2783,Daniel Anderson,daniel.anderson.lead2783@example.com,Google Ads,2026-04-07,Lost,0,Arlington,Villa,1,3047,7,0
2784,Amelia Brown,amelia.brown.lead2784@example.com,Referral,2025-09-15,Interested,0,Fort Worth,Single Family Home,2,2554,6,4
2785,Charlotte Brown,charlotte.brown.lead2785@example.com,Zillow,2025-04-27,New,0,Arlington,Villa,4,3711,4,0
2786,Mia Anderson,mia.anderson.lead2786@example.com,Zillow,2025-11-03,New,0,Fort Worth,Apartment,1,3266,7,2
2787,Olivia Harris,olivia.harris.lead2787@example.com,Walk-in,2026-03-31,New,0,Fort Worth,Apartment,3,2175,5,0
2788,Olivia Wilson,olivia.wilson.lead2788@example.com,Google Ads,2026-05-29,Converted,1,Plano,Condo,1,4390,8,0
2789,Sarah Taylor,sarah.taylor.lead2789@example.com,Referral,2025-08-18,Interested,0,Plano,Single Family Home,1,2755,0,0
2790,Ava Wilson,ava.wilson.lead2790@example.com,Facebook,2025-05-04,New,0,San Antonio,Single Family Home,3,2546,4,5
2791,William Wilson,william.wilson.lead2791@example.com,Zillow,2025-04-13,Converted,1,Irving,Apartment,1,4073,0,4
2792,Emily Martin,emily.martin.lead2792@example.com,Zillow,2025-05-13,New,0,Arlington,Condo,1,4343,3,2
2793,Daniel Johnson,daniel.johnson.lead2793@example.com,Google Ads,2025-06-12,New,0,Irving,Townhouse,3,2009,8,4
2794,Charlotte Harris,charlotte.harris.lead2794@example.com,Walk-in,2026-03-05,Interested,0,Fort Worth,Single Family Home,3,3102,1,1
2795,David Miller,david.miller.lead2795@example.com,Zillow,2025-02-05,Interested,0,Houston,Single Family Home,2,2053,7,0
2796,Robert Miller,robert.miller.lead2796@example.com,Realtor.com,2025-05-23,Contacted,0,Arlington,Townhouse,2,1486,6,0
2797,Emma Taylor,emma.taylor.lead2797@example.com,Referral,2026-04-26,Interested,0,Arlington,Condo,2,1136,8,2
2798,Charlotte White,charlotte.white.lead2798@example.com,Website,2025-02-15,Follow-up,0,San Antonio,Single Family Home,4,2963,4,3
2799,Emma Anderson,emma.anderson.lead2799@example.com,Zillow,2025-09-08,Interested,0,Irving,Condo,1,3248,1,3
2800,Emily Jackson,emily.jackson.lead2800@example.com,Zillow,2026-03-27,Lost,0,Irving,Villa,2,2761,4,4
2801,William Jackson,william.jackson.lead2801@example.com,Realtor.com,2025-08-21,Contacted,0,Houston,Apartment,2,3411,2,3
2802,John Taylor,john.taylor.lead2802@example.com,Walk-in,2026-03-25,Interested,0,Irving,Villa,2,1357,6,4
2803,Michael Clark,michael.clark.lead2803@example.com,Instagram,2025-03-23,Contacted,0,Dallas,Apartment,4,3662,5,4
2804,Amelia Smith,amelia.smith.lead2804@example.com,Facebook,2025-04-30,Lost,0,Arlington,Apartment,3,2066,6,2
2805,Ava Jackson,ava.jackson.lead2805@example.com,Realtor.com,2025-08-15,Follow-up,0,Irving,Villa,4,2200,3,5
2806,Amelia Davis,amelia.davis.lead2806@example.com,Facebook,2025-05-24,New,0,Houston,Villa,1,3435,4,1
2807,Emma Johnson,emma.johnson.lead2807@example.com,Website,2025-07-10,Interested,0,Houston,Townhouse,4,2915,3,3
2808,Sarah Brown,sarah.brown.lead2808@example.com,Google Ads,2026-04-04,Contacted,0,Austin,Condo,4,1849,5,4
2809,John Brown,john.brown.lead2809@example.com,Facebook,2025-05-13,New,0,Austin,Apartment,1,3359,3,1
2810,William Smith,william.smith.lead2810@example.com,Website,2025-10-01,Converted,1,San Antonio,Single Family Home,3,2215,0,5
2811,Charlotte Thomas,charlotte.thomas.lead2811@example.com,Facebook,2025-06-09,Lost,0,Fort Worth,Villa,4,1231,6,5
2812,Ava Taylor,ava.taylor.lead2812@example.com,Referral,2025-08-18,Follow-up,0,Austin,Villa,1,4066,0,5
2813,Michael Taylor,michael.taylor.lead2813@example.com,Instagram,2026-03-21,Contacted,0,Houston,Villa,4,4302,1,2
2814,Sarah Thomas,sarah.thomas.lead2814@example.com,Zillow,2025-10-23,Follow-up,0,Arlington,Condo,1,3657,5,4
2815,Emma Davis,emma.davis.lead2815@example.com,Facebook,2025-10-23,Follow-up,0,Fort Worth,Single Family Home,2,947,2,1
2816,David Lewis,david.lewis.lead2816@example.com,Facebook,2025-08-04,Interested,0,Plano,Apartment,1,3823,0,5
2817,Amelia Brown,amelia.brown.lead2817@example.com,Facebook,2025-06-01,New,0,Dallas,Condo,3,2869,7,4
2818,Sophia Johnson,sophia.johnson.lead2818@example.com,Walk-in,2025-11-13,Converted,1,Fort Worth,Apartment,1,3459,8,4
2819,Michael Thomas,michael.thomas.lead2819@example.com,Instagram,2025-09-12,New,0,San Antonio,Townhouse,2,1925,4,4
2820,Ava Brown,ava.brown.lead2820@example.com,Instagram,2025-09-27,Contacted,0,Arlington,Condo,1,2952,2,1
2821,Chris Moore,chris.moore.lead2821@example.com,Instagram,2026-01-19,Interested,0,Fort Worth,Apartment,1,1126,0,2
2822,Sophia Clark,sophia.clark.lead2822@example.com,Website,2025-04-03,Lost,0,Austin,Villa,3,1882,2,2
2823,Sarah Jackson,sarah.jackson.lead2823@example.com,Facebook,2026-01-21,New,0,Irving,Condo,3,1732,4,0
2824,Amelia Clark,amelia.clark.lead2824@example.com,Referral,2026-03-01,Follow-up,0,Arlington,Condo,4,4125,8,3
2825,Olivia Martin,olivia.martin.lead2825@example.com,Facebook,2025-11-05,Converted,1,Austin,Single Family Home,4,3865,5,5
2826,Amelia Brown,amelia.brown.lead2826@example.com,Referral,2025-11-13,Interested,0,Dallas,Apartment,1,1282,8,5
2827,Chris White,chris.white.lead2827@example.com,Referral,2025-12-19,New,0,Austin,Apartment,4,1766,6,4
2828,Olivia Jackson,olivia.jackson.lead2828@example.com,Website,2025-01-27,Converted,1,Fort Worth,Townhouse,4,2210,0,2
2829,Daniel Martin,daniel.martin.lead2829@example.com,Zillow,2025-11-04,Converted,1,Dallas,Apartment,4,2429,0,2
2830,Chris Johnson,chris.johnson.lead2830@example.com,Instagram,2025-01-23,Contacted,0,San Antonio,Single Family Home,4,2863,5,1
2831,Robert Taylor,robert.taylor.lead2831@example.com,Walk-in,2025-09-18,Converted,1,Austin,Apartment,2,1577,3,5
2832,Michael Jackson,michael.jackson.lead2832@example.com,Website,2025-03-17,New,0,Dallas,Villa,4,4429,7,0
2833,John Miller,john.miller.lead2833@example.com,Google Ads,2025-05-23,Contacted,0,Houston,Townhouse,1,4280,6,1
2834,William Thomas,william.thomas.lead2834@example.com,Instagram,2026-01-14,Site Visit Scheduled,0,Fort Worth,Apartment,2,3937,2,4
2835,Robert Johnson,robert.johnson.lead2835@example.com,Google Ads,2025-11-16,Follow-up,0,San Antonio,Townhouse,3,1292,3,5
2836,Ava Davis,ava.davis.lead2836@example.com,Zillow,2025-12-21,Contacted,0,Austin,Condo,3,4343,6,5
2837,Ava Taylor,ava.taylor.lead2837@example.com,Google Ads,2025-01-17,New,0,Houston,Apartment,3,1844,8,0
2838,Joseph Davis,joseph.davis.lead2838@example.com,Google Ads,2025-12-25,Follow-up,0,Plano,Townhouse,1,3614,6,1
2839,Chris White,chris.white.lead2839@example.com,Referral,2025-10-10,Site Visit Scheduled,0,Dallas,Single Family Home,3,3905,3,3
2840,Michael Taylor,michael.taylor.lead2840@example.com,Realtor.com,2025-07-29,New,0,Houston,Townhouse,3,1175,6,4
2841,James Johnson,james.johnson.lead2841@example.com,Zillow,2025-01-19,New,0,Austin,Villa,3,1460,7,5
2842,Chris Clark,chris.clark.lead2842@example.com,Walk-in,2025-07-08,Contacted,0,Plano,Condo,3,1167,1,4
2843,Michael White,michael.white.lead2843@example.com,Website,2025-06-21,Follow-up,0,Fort Worth,Apartment,3,1944,0,5
2844,William Taylor,william.taylor.lead2844@example.com,Referral,2026-04-01,New,0,San Antonio,Condo,1,974,1,5
2845,John Taylor,john.taylor.lead2845@example.com,Walk-in,2025-09-05,Lost,0,Fort Worth,Single Family Home,4,4399,3,1
2846,Emma White,emma.white.lead2846@example.com,Instagram,2025-09-04,Interested,0,Plano,Townhouse,2,1807,1,3
2847,James Miller,james.miller.lead2847@example.com,Walk-in,2025-06-12,Site Visit Scheduled,0,Irving,Apartment,1,1309,0,1
2848,James Moore,james.moore.lead2848@example.com,Google Ads,2025-03-27,Interested,0,Arlington,Townhouse,1,4337,0,1
2849,Chris Lewis,chris.lewis.lead2849@example.com,Zillow,2026-05-18,Lost,0,San Antonio,Condo,3,952,2,1
2850,Mia Brown,mia.brown.lead2850@example.com,Walk-in,2026-03-21,Site Visit Scheduled,0,Dallas,Villa,1,3798,4,4
2851,Chris Thomas,chris.thomas.lead2851@example.com,Walk-in,2025-10-13,Interested,0,Fort Worth,Condo,4,2487,2,3
2852,Emily Moore,emily.moore.lead2852@example.com,Zillow,2025-03-24,Contacted,0,Austin,Condo,1,923,4,2
2853,Michael Taylor,michael.taylor.lead2853@example.com,Referral,2025-10-06,Contacted,0,Dallas,Townhouse,2,2085,6,4
2854,Charlotte Thomas,charlotte.thomas.lead2854@example.com,Google Ads,2026-05-20,Contacted,0,San Antonio,Apartment,3,1803,0,1
2855,John Taylor,john.taylor.lead2855@example.com,Google Ads,2025-01-08,Follow-up,0,Dallas,Single Family Home,1,1107,1,0
2856,Ava Smith,ava.smith.lead2856@example.com,Realtor.com,2026-04-25,Contacted,0,Arlington,Villa,1,2310,6,1
2857,Daniel Thomas,daniel.thomas.lead2857@example.com,Google Ads,2025-12-08,Lost,0,San Antonio,Townhouse,3,1859,7,2
2858,Mia Smith,mia.smith.lead2858@example.com,Realtor.com,2025-04-10,Follow-up,0,Austin,Apartment,2,1838,7,5
2859,David Jackson,david.jackson.lead2859@example.com,Instagram,2025-05-27,Contacted,0,Dallas,Apartment,3,2909,6,1
2860,Mia Jackson,mia.jackson.lead2860@example.com,Realtor.com,2026-03-22,Follow-up,0,San Antonio,Villa,4,1483,2,0
2861,Michael Wilson,michael.wilson.lead2861@example.com,Facebook,2025-06-08,Contacted,0,Houston,Condo,1,3051,4,4
2862,Daniel Taylor,daniel.taylor.lead2862@example.com,Website,2025-10-27,Lost,0,Austin,Villa,4,2853,5,2
2863,Amelia Jackson,amelia.jackson.lead2863@example.com,Facebook,2025-02-21,Contacted,0,Austin,Villa,2,1974,1,0
2864,Joseph Davis,joseph.davis.lead2864@example.com,Zillow,2025-01-25,Contacted,0,Plano,Apartment,3,3553,3,5
2865,Joseph Wilson,joseph.wilson.lead2865@example.com,Website,2025-09-30,Follow-up,0,Arlington,Single Family Home,3,1823,4,3
2866,David Brown,david.brown.lead2866@example.com,Website,2025-10-31,Converted,1,Houston,Condo,2,4286,1,5
2867,Ava Martin,ava.martin.lead2867@example.com,Instagram,2025-09-24,Contacted,0,Fort Worth,Villa,2,1851,7,0
2868,Olivia Jackson,olivia.jackson.lead2868@example.com,Google Ads,2026-02-05,Site Visit Scheduled,0,Plano,Townhouse,1,2321,4,0
2869,Mia Clark,mia.clark.lead2869@example.com,Instagram,2025-02-27,New,0,Arlington,Townhouse,2,3620,2,5
2870,Michael Martin,michael.martin.lead2870@example.com,Referral,2026-01-10,New,0,Irving,Townhouse,1,2377,0,4
2871,Olivia Clark,olivia.clark.lead2871@example.com,Zillow,2025-10-09,Interested,0,San Antonio,Condo,3,2198,2,2
2872,John Lewis,john.lewis.lead2872@example.com,Instagram,2025-08-21,Contacted,0,Irving,Villa,4,4466,4,1
2873,Mia Taylor,mia.taylor.lead2873@example.com,Realtor.com,2025-10-27,Contacted,0,Arlington,Villa,1,1359,7,0
2874,Sarah Jackson,sarah.jackson.lead2874@example.com,Realtor.com,2025-06-25,New,0,Houston,Villa,2,4200,3,0
2875,Sarah Wilson,sarah.wilson.lead2875@example.com,Walk-in,2026-05-25,Interested,0,Irving,Condo,3,2370,4,4
2876,Michael Harris,michael.harris.lead2876@example.com,Referral,2025-05-28,Contacted,0,Irving,Condo,1,2909,8,1
2877,Ava Johnson,ava.johnson.lead2877@example.com,Walk-in,2026-04-13,Follow-up,0,Austin,Apartment,2,4312,3,2
2878,Robert Anderson,robert.anderson.lead2878@example.com,Zillow,2025-07-21,Site Visit Scheduled,0,Arlington,Villa,3,4197,6,1
2879,Emma Jackson,emma.jackson.lead2879@example.com,Facebook,2026-03-03,Interested,0,San Antonio,Condo,4,1512,1,4
2880,Amelia Wilson,amelia.wilson.lead2880@example.com,Google Ads,2025-04-02,Follow-up,0,Irving,Condo,1,3908,1,3
2881,Robert Clark,robert.clark.lead2881@example.com,Instagram,2025-05-04,Site Visit Scheduled,0,Houston,Condo,3,1663,4,0
2882,Ava Anderson,ava.anderson.lead2882@example.com,Walk-in,2025-01-25,Interested,0,Arlington,Townhouse,2,2862,3,3
2883,Robert Clark,robert.clark.lead2883@example.com,Realtor.com,2026-04-17,Follow-up,0,Fort Worth,Villa,3,3750,3,4
2884,Emily Johnson,emily.johnson.lead2884@example.com,Facebook,2026-04-22,New,0,Irving,Villa,2,1804,8,4
2885,David Lewis,david.lewis.lead2885@example.com,Realtor.com,2026-01-09,Contacted,0,Arlington,Villa,2,3991,1,0
2886,Joseph Clark,joseph.clark.lead2886@example.com,Instagram,2026-01-28,Follow-up,0,Fort Worth,Condo,2,3938,5,5
2887,Emma Johnson,emma.johnson.lead2887@example.com,Google Ads,2026-04-19,Interested,0,Plano,Townhouse,3,4360,6,4
2888,James Smith,james.smith.lead2888@example.com,Instagram,2025-09-25,Contacted,0,Dallas,Single Family Home,2,3440,3,5
2889,Robert Davis,robert.davis.lead2889@example.com,Website,2025-06-07,Follow-up,0,Irving,Single Family Home,4,4402,2,4
2890,Robert Harris,robert.harris.lead2890@example.com,Instagram,2026-03-14,Site Visit Scheduled,0,Houston,Condo,4,3551,3,4
2891,Robert Harris,robert.harris.lead2891@example.com,Google Ads,2026-05-02,Contacted,0,Houston,Condo,1,4437,0,3
2892,Mia White,mia.white.lead2892@example.com,Referral,2025-10-10,New,0,Dallas,Villa,2,1951,8,4
2893,Sarah Davis,sarah.davis.lead2893@example.com,Facebook,2025-06-02,Contacted,0,Fort Worth,Apartment,4,2781,0,3
2894,Charlotte Harris,charlotte.harris.lead2894@example.com,Referral,2026-03-01,New,0,Fort Worth,Condo,4,3015,4,0
2895,Olivia Smith,olivia.smith.lead2895@example.com,Facebook,2025-06-24,New,0,Austin,Townhouse,3,3197,6,3
2896,David Martin,david.martin.lead2896@example.com,Realtor.com,2026-01-04,Follow-up,0,Plano,Condo,4,1278,2,3
2897,Mia Lewis,mia.lewis.lead2897@example.com,Google Ads,2025-07-25,Converted,1,Dallas,Single Family Home,2,2123,3,5
2898,Joseph Anderson,joseph.anderson.lead2898@example.com,Facebook,2025-05-02,Interested,0,Dallas,Condo,1,3450,7,3
2899,Daniel White,daniel.white.lead2899@example.com,Facebook,2025-10-31,Lost,0,Arlington,Condo,2,2720,5,4
2900,Amelia Anderson,amelia.anderson.lead2900@example.com,Website,2026-04-13,Interested,0,Dallas,Townhouse,3,3681,7,1
2901,Sarah Miller,sarah.miller.lead2901@example.com,Zillow,2026-02-02,Converted,1,Irving,Villa,4,1997,7,5
2902,Daniel Lewis,daniel.lewis.lead2902@example.com,Realtor.com,2025-03-21,Interested,0,Fort Worth,Condo,1,2952,7,1
2903,Emma Johnson,emma.johnson.lead2903@example.com,Instagram,2026-04-28,Converted,1,Dallas,Condo,4,1224,0,0
2904,Olivia Wilson,olivia.wilson.lead2904@example.com,Realtor.com,2025-09-13,Interested,0,Dallas,Townhouse,2,1001,3,4
2905,Olivia Miller,olivia.miller.lead2905@example.com,Website,2025-05-25,Contacted,0,Houston,Single Family Home,3,2307,1,1
2906,Daniel Jackson,daniel.jackson.lead2906@example.com,Facebook,2025-04-22,Interested,0,Irving,Apartment,2,1661,5,2
2907,John Anderson,john.anderson.lead2907@example.com,Zillow,2026-02-17,Converted,1,Fort Worth,Townhouse,3,1226,2,2
2908,James Davis,james.davis.lead2908@example.com,Google Ads,2026-03-02,Follow-up,0,Arlington,Condo,3,4080,5,0
2909,Olivia Martin,olivia.martin.lead2909@example.com,Zillow,2026-05-09,Lost,0,Austin,Condo,2,2994,0,5
2910,Michael Davis,michael.davis.lead2910@example.com,Realtor.com,2025-01-11,Contacted,0,San Antonio,Apartment,3,3736,3,1
2911,Joseph White,joseph.white.lead2911@example.com,Realtor.com,2025-01-22,New,0,San Antonio,Single Family Home,1,2754,8,4
2912,Chris Taylor,chris.taylor.lead2912@example.com,Website,2025-11-07,New,0,Arlington,Condo,1,1192,1,1
2913,Emily Anderson,emily.anderson.lead2913@example.com,Realtor.com,2025-02-25,Lost,0,Irving,Single Family Home,4,3113,8,2
2914,Amelia Smith,amelia.smith.lead2914@example.com,Instagram,2026-04-17,New,0,Houston,Single Family Home,1,3352,5,1
2915,Amelia Lewis,amelia.lewis.lead2915@example.com,Google Ads,2025-12-16,Interested,0,Plano,Townhouse,2,1210,7,5
2916,Sarah Taylor,sarah.taylor.lead2916@example.com,Google Ads,2026-05-21,Site Visit Scheduled,0,Arlington,Villa,1,3898,0,2
2917,David Anderson,david.anderson.lead2917@example.com,Walk-in,2026-03-04,Interested,0,Houston,Townhouse,1,1575,0,2
2918,Chris Moore,chris.moore.lead2918@example.com,Zillow,2026-02-01,New,0,Austin,Single Family Home,4,957,2,5
2919,Michael Taylor,michael.taylor.lead2919@example.com,Google Ads,2025-03-10,Follow-up,0,San Antonio,Townhouse,2,3201,1,0
2920,Ava Clark,ava.clark.lead2920@example.com,Google Ads,2026-05-14,Follow-up,0,San Antonio,Villa,3,2525,1,5
2921,Daniel Davis,daniel.davis.lead2921@example.com,Referral,2025-07-14,New,0,Plano,Villa,3,2619,3,1
2922,Emma Clark,emma.clark.lead2922@example.com,Referral,2026-02-13,Lost,0,Austin,Condo,3,1935,0,1
2923,James Moore,james.moore.lead2923@example.com,Walk-in,2026-01-28,Site Visit Scheduled,0,Dallas,Apartment,4,1060,2,3
2924,Michael Anderson,michael.anderson.lead2924@example.com,Zillow,2026-05-18,Interested,0,Dallas,Townhouse,1,2501,3,1
2925,Robert Moore,robert.moore.lead2925@example.com,Zillow,2025-04-16,Converted,1,Dallas,Apartment,2,4397,2,4
2926,Joseph Moore,joseph.moore.lead2926@example.com,Google Ads,2025-03-19,New,0,Dallas,Villa,4,3318,0,2
2927,James Johnson,james.johnson.lead2927@example.com,Website,2026-02-24,Lost,0,Houston,Condo,2,3555,4,1
2928,Sarah Martin,sarah.martin.lead2928@example.com,Zillow,2025-10-08,Follow-up,0,Austin,Apartment,2,2963,5,0
2929,William Miller,william.miller.lead2929@example.com,Google Ads,2026-05-27,Follow-up,0,Plano,Apartment,4,2264,0,5
2930,Chris Lewis,chris.lewis.lead2930@example.com,Instagram,2025-10-31,Lost,0,Irving,Condo,3,1703,6,5
2931,Emma Miller,emma.miller.lead2931@example.com,Zillow,2025-12-23,Interested,0,Dallas,Villa,1,2572,1,0
2932,James Moore,james.moore.lead2932@example.com,Realtor.com,2025-12-09,Converted,1,Fort Worth,Condo,4,2529,8,5
2933,James Clark,james.clark.lead2933@example.com,Facebook,2025-04-27,Contacted,0,Fort Worth,Single Family Home,2,1764,8,5
2934,Joseph Brown,joseph.brown.lead2934@example.com,Zillow,2025-08-06,New,0,Dallas,Villa,3,2006,7,4
2935,Robert Jackson,robert.jackson.lead2935@example.com,Zillow,2025-02-14,Lost,0,Plano,Townhouse,3,2087,8,4
2936,James Johnson,james.johnson.lead2936@example.com,Instagram,2025-09-04,New,0,Irving,Single Family Home,3,3250,8,2
2937,Daniel Smith,daniel.smith.lead2937@example.com,Website,2026-02-02,New,0,Irving,Single Family Home,3,1058,4,0
2938,Mia Miller,mia.miller.lead2938@example.com,Facebook,2025-01-19,Follow-up,0,Fort Worth,Apartment,4,3217,7,3
2939,Michael Johnson,michael.johnson.lead2939@example.com,Google Ads,2025-06-16,Contacted,0,Fort Worth,Villa,2,2250,6,3
2940,William Johnson,william.johnson.lead2940@example.com,Zillow,2025-05-20,Interested,0,Plano,Villa,3,1477,1,5
2941,Chris Clark,chris.clark.lead2941@example.com,Google Ads,2026-01-18,Contacted,0,Fort Worth,Villa,2,4125,5,4
2942,Amelia Anderson,amelia.anderson.lead2942@example.com,Facebook,2026-03-09,Site Visit Scheduled,0,Dallas,Condo,3,2144,2,1
2943,Emma Miller,emma.miller.lead2943@example.com,Walk-in,2025-11-30,Site Visit Scheduled,0,Fort Worth,Townhouse,3,1261,8,2
2944,John Miller,john.miller.lead2944@example.com,Website,2025-03-16,Follow-up,0,San Antonio,Apartment,4,3998,8,0
2945,John Lewis,john.lewis.lead2945@example.com,Instagram,2026-05-12,Converted,1,Fort Worth,Villa,1,1910,5,0
2946,Ava Harris,ava.harris.lead2946@example.com,Facebook,2026-05-21,Contacted,0,Dallas,Apartment,3,2730,0,1
2947,Olivia Thomas,olivia.thomas.lead2947@example.com,Referral,2025-01-21,Contacted,0,Dallas,Villa,1,2062,7,4
2948,James Martin,james.martin.lead2948@example.com,Realtor.com,2025-07-24,Site Visit Scheduled,0,Houston,Apartment,3,3586,5,2
2949,Sarah Brown,sarah.brown.lead2949@example.com,Referral,2025-09-02,New,0,Austin,Villa,4,3357,8,3
2950,Emily Clark,emily.clark.lead2950@example.com,Google Ads,2026-02-13,Follow-up,0,Arlington,Condo,2,2314,3,1
2951,Sarah Thomas,sarah.thomas.lead2951@example.com,Google Ads,2025-12-30,Follow-up,0,Fort Worth,Apartment,1,2564,8,3
2952,Sarah Brown,sarah.brown.lead2952@example.com,Website,2026-04-26,New,0,San Antonio,Villa,4,2458,3,4
2953,Chris Anderson,chris.anderson.lead2953@example.com,Referral,2025-08-25,Follow-up,0,Irving,Townhouse,4,2790,4,1
2954,James Smith,james.smith.lead2954@example.com,Google Ads,2025-09-29,New,0,Austin,Single Family Home,4,1873,6,5
2955,Ava Clark,ava.clark.lead2955@example.com,Instagram,2025-09-13,Lost,0,Arlington,Villa,3,1772,2,4
2956,Olivia Brown,olivia.brown.lead2956@example.com,Realtor.com,2025-01-06,New,0,Houston,Apartment,4,1844,4,3
2957,John White,john.white.lead2957@example.com,Instagram,2025-06-03,Site Visit Scheduled,0,Irving,Townhouse,3,3310,0,2
2958,Emily White,emily.white.lead2958@example.com,Referral,2026-03-16,New,0,Austin,Villa,3,2466,3,5
2959,Joseph Brown,joseph.brown.lead2959@example.com,Facebook,2025-02-18,Contacted,0,Austin,Townhouse,4,4032,2,0
2960,William Anderson,william.anderson.lead2960@example.com,Website,2025-11-01,New,0,Arlington,Townhouse,2,2685,4,0
2961,Ava Miller,ava.miller.lead2961@example.com,Referral,2026-03-09,Contacted,0,Irving,Condo,1,2190,4,3
2962,Ava Taylor,ava.taylor.lead2962@example.com,Facebook,2026-03-26,Interested,0,Dallas,Townhouse,4,4499,6,3
2963,John White,john.white.lead2963@example.com,Google Ads,2026-05-08,Converted,1,Houston,Condo,3,1193,7,3
2964,Robert Taylor,robert.taylor.lead2964@example.com,Walk-in,2025-07-09,Interested,0,Arlington,Villa,3,2834,2,3
2965,Joseph Thomas,joseph.thomas.lead2965@example.com,Realtor.com,2026-05-19,Converted,1,Fort Worth,Apartment,2,1621,8,1
2966,Emily Davis,emily.davis.lead2966@example.com,Instagram,2026-04-18,Site Visit Scheduled,0,Austin,Single Family Home,3,2045,8,0
2967,Ava Johnson,ava.johnson.lead2967@example.com,Instagram,2025-07-01,Follow-up,0,Irving,Townhouse,4,3795,1,5
2968,John Thomas,john.thomas.lead2968@example.com,Facebook,2025-07-12,Follow-up,0,Dallas,Townhouse,4,3189,8,2
2969,Joseph Brown,joseph.brown.lead2969@example.com,Instagram,2025-10-10,Converted,1,Dallas,Apartment,4,2450,5,3
2970,Michael Martin,michael.martin.lead2970@example.com,Zillow,2025-01-27,Lost,0,Plano,Townhouse,1,1184,5,1
2971,Joseph Smith,joseph.smith.lead2971@example.com,Instagram,2025-11-03,Follow-up,0,Arlington,Condo,1,2952,1,3
2972,Robert Miller,robert.miller.lead2972@example.com,Google Ads,2025-09-03,New,0,Dallas,Condo,2,3951,7,0
2973,Robert White,robert.white.lead2973@example.com,Instagram,2025-08-02,Follow-up,0,Houston,Single Family Home,3,3659,6,5
2974,Chris Moore,chris.moore.lead2974@example.com,Referral,2026-01-10,Converted,1,Plano,Villa,1,2106,4,2
2975,Amelia Martin,amelia.martin.lead2975@example.com,Facebook,2026-01-08,Follow-up,0,Houston,Townhouse,1,3799,5,0
2976,Sarah Anderson,sarah.anderson.lead2976@example.com,Realtor.com,2025-01-23,New,0,Plano,Condo,4,4131,0,2
2977,Amelia Johnson,amelia.johnson.lead2977@example.com,Google Ads,2025-09-25,New,0,Plano,Single Family Home,1,3229,5,4
2978,Joseph Taylor,joseph.taylor.lead2978@example.com,Website,2026-05-16,Lost,0,Austin,Villa,1,1535,1,3
2979,Amelia Harris,amelia.harris.lead2979@example.com,Facebook,2025-06-14,Site Visit Scheduled,0,Irving,Single Family Home,1,3621,4,4
2980,Joseph Harris,joseph.harris.lead2980@example.com,Instagram,2025-04-07,Converted,1,Plano,Single Family Home,1,2679,5,2
2981,Amelia Moore,amelia.moore.lead2981@example.com,Zillow,2025-03-12,New,0,Irving,Villa,2,4189,3,3
2982,Robert Thomas,robert.thomas.lead2982@example.com,Walk-in,2026-04-23,Contacted,0,San Antonio,Villa,1,3317,3,2
2983,Chris Martin,chris.martin.lead2983@example.com,Zillow,2025-10-02,Site Visit Scheduled,0,Arlington,Condo,4,3141,1,0
2984,James White,james.white.lead2984@example.com,Website,2026-02-23,Interested,0,Irving,Single Family Home,4,3203,4,5
2985,Sarah White,sarah.white.lead2985@example.com,Realtor.com,2026-03-15,Follow-up,0,Arlington,Apartment,1,2994,7,4
2986,Olivia Harris,olivia.harris.lead2986@example.com,Google Ads,2026-04-28,Converted,1,Fort Worth,Apartment,4,4446,4,4
2987,John Miller,john.miller.lead2987@example.com,Instagram,2025-05-18,Follow-up,0,Arlington,Villa,1,3351,1,4
2988,Emily Thomas,emily.thomas.lead2988@example.com,Referral,2025-06-06,Contacted,0,Irving,Condo,3,4340,5,5
2989,Robert Jackson,robert.jackson.lead2989@example.com,Walk-in,2026-03-10,Site Visit Scheduled,0,San Antonio,Townhouse,2,1700,8,0
2990,Robert Anderson,robert.anderson.lead2990@example.com,Zillow,2026-04-23,Contacted,0,Fort Worth,Townhouse,4,4280,3,4
2991,David Jackson,david.jackson.lead2991@example.com,Facebook,2026-04-26,Follow-up,0,Irving,Single Family Home,1,3837,5,3
2992,David Moore,david.moore.lead2992@example.com,Facebook,2025-08-21,Lost,0,Dallas,Condo,4,1412,3,4
2993,David Harris,david.harris.lead2993@example.com,Instagram,2025-07-31,Interested,0,San Antonio,Condo,4,4089,6,2
2994,Emily Thomas,emily.thomas.lead2994@example.com,Instagram,2025-03-24,Follow-up,0,Arlington,Townhouse,2,1347,4,0
2995,Emily Davis,emily.davis.lead2995@example.com,Referral,2025-12-19,Interested,0,Arlington,Apartment,4,4062,5,3
2996,Michael Thomas,michael.thomas.lead2996@example.com,Referral,2025-06-06,Follow-up,0,San Antonio,Apartment,1,1139,6,1
2997,Emily Martin,emily.martin.lead2997@example.com,Google Ads,2026-04-11,New,0,Irving,Villa,2,2867,2,3
2998,Michael Lewis,michael.lewis.lead2998@example.com,Walk-in,2025-06-28,Interested,0,Houston,Villa,4,1166,8,0
2999,Chris Johnson,chris.johnson.lead2999@example.com,Facebook,2026-04-05,Follow-up,0,Dallas,Condo,4,2663,1,2
3000,Emily Brown,emily.brown.lead3000@example.com,Referral,2025-01-16,Interested,0,San Antonio,Villa,2,3866,4,5
