payment_id,tenant_id,lease_id,property_id,due_date,paid_date,amount_due,amount_paid,status,days_late
1,424,1,3,2024-09-01,2024-09-01,3422,3422,PAID,0
2,424,1,3,2024-10-01,2024-10-03,3422,3422,PAID,0
3,424,1,3,2024-11-01,2024-11-03,3422,3422,PAID,0
4,424,1,3,2024-12-01,2024-12-07,3422,3422,PAID,0
5,424,1,3,2025-01-01,2025-01-02,3422,3422,PAID,0
6,424,1,3,2025-02-01,2025-02-05,3422,3422,PAID,0
7,424,1,3,2025-03-01,,3422,0,OVERDUE,454
8,1807,2,4,2025-03-01,2025-03-01,4116,4116,PAID,0
9,1807,2,4,2025-04-01,2025-04-07,4116,4116,PAID,0
10,1807,2,4,2025-05-01,2025-05-06,4116,4116,PAID,0
11,1807,2,4,2025-06-01,2025-06-05,4116,4116,PAID,0
12,1807,2,4,2025-07-01,2025-07-01,4116,4116,PAID,0
13,1807,2,4,2025-08-01,2025-08-10,4116,2519,PARTIAL,0
14,1807,2,4,2025-09-01,,4116,0,OVERDUE,270
15,1807,2,4,2025-10-01,2025-10-12,4116,3066,PARTIAL,0
16,1807,2,4,2025-11-01,,4116,0,PENDING,209
17,1807,2,4,2025-12-01,2025-12-01,4116,4116,PAID,0
18,1807,2,4,2026-01-01,2026-01-02,4116,4116,PAID,0
19,1807,2,4,2026-02-01,2026-02-01,4116,4116,PAID,0
20,1787,3,6,2025-04-01,2025-04-04,1820,1820,PAID,0
21,1787,3,6,2025-05-01,2025-05-10,1820,995,PARTIAL,0
22,1787,3,6,2025-06-01,2025-06-04,1820,1820,PAID,0
23,1787,3,6,2025-07-01,2025-07-07,1820,1820,PAID,0
24,1787,3,6,2025-08-01,2025-08-07,1820,1820,PAID,0
25,1787,3,6,2025-09-01,2025-09-03,1820,1820,PAID,0
26,1787,3,6,2025-10-01,,1820,0,OVERDUE,240
27,1787,3,6,2025-11-01,2025-11-03,1820,1820,PAID,0
28,1787,3,6,2025-12-01,,1820,0,PENDING,179
29,1787,3,6,2026-01-01,2026-01-03,1820,1820,PAID,0
30,1787,3,6,2026-02-01,2026-02-01,1820,1820,PAID,0
31,1787,3,6,2026-03-01,2026-03-07,1820,1820,PAID,0
32,1028,4,8,2024-01-01,2024-01-07,1406,1406,PAID,0
33,1028,4,8,2024-02-01,,1406,0,OVERDUE,848
34,1028,4,8,2024-03-01,,1406,0,OVERDUE,819
35,1028,4,8,2024-04-01,,1406,0,PENDING,788
36,1028,4,8,2024-05-01,,1406,0,OVERDUE,758
37,1028,4,8,2024-06-01,,1406,0,PENDING,727
38,1028,4,8,2024-07-01,2024-07-02,1406,1406,PAID,0
39,1028,4,8,2024-08-01,,1406,0,OVERDUE,666
40,1028,4,8,2024-09-01,2024-09-08,1406,1406,PAID,0
41,1028,4,8,2024-10-01,,1406,0,OVERDUE,605
42,1028,4,8,2024-11-01,2024-11-08,1406,1406,PAID,0
43,1028,4,8,2024-12-01,2024-12-05,1406,1406,PAID,0
44,1249,5,9,2024-12-01,,3403,0,PENDING,544
45,1249,5,9,2025-01-01,2025-01-08,3403,3403,PAID,0
46,1249,5,9,2025-02-01,,3403,0,PENDING,482
47,1249,5,9,2025-03-01,2025-03-01,3403,3403,PAID,0
48,1249,5,9,2025-04-01,2025-04-06,3403,3403,PAID,0
49,1249,5,9,2025-05-01,2025-05-07,3403,3403,PAID,0
50,1249,5,9,2025-06-01,2025-06-07,3403,2288,PARTIAL,0
51,1249,5,9,2025-07-01,2025-07-08,3403,3403,PAID,0
52,1249,5,9,2025-08-01,2025-08-08,3403,1361,PARTIAL,0
53,1249,5,9,2025-09-01,2025-09-05,3403,3403,PAID,0
54,1249,5,9,2025-10-01,,3403,0,PENDING,240
55,1249,5,9,2025-11-01,2025-11-05,3403,3403,PAID,0
56,1249,5,9,2025-12-01,2025-12-07,3403,3403,PAID,0
57,1249,5,9,2026-01-01,2026-01-02,3403,3403,PAID,0
58,1249,5,9,2026-02-01,2026-02-06,3403,3403,PAID,0
59,1249,5,9,2026-03-01,,3403,0,PENDING,89
60,1249,5,9,2026-04-01,2026-04-05,3403,3403,PAID,0
61,1249,5,9,2026-05-01,2026-05-06,3403,3403,PAID,0
62,1829,6,10,2025-08-01,2025-08-05,3652,3652,PAID,0
63,1829,6,10,2025-09-01,2025-09-03,3652,3652,PAID,0
64,1829,6,10,2025-10-01,2025-10-07,3652,3652,PAID,0
65,1829,6,10,2025-11-01,2025-11-05,3652,3652,PAID,0
66,1829,6,10,2025-12-01,,3652,0,PENDING,179
67,1829,6,10,2026-01-01,2026-01-02,3652,3652,PAID,0
68,1829,6,10,2026-02-01,2026-02-02,3652,3652,PAID,0
69,1829,6,10,2026-03-01,2026-03-08,3652,3652,PAID,0
70,1829,6,10,2026-04-01,2026-04-02,3652,3652,PAID,0
71,1829,6,10,2026-05-01,2026-05-08,3652,3652,PAID,0
72,790,7,14,2024-07-01,2024-07-07,3621,3621,PAID,0
73,790,7,14,2024-08-01,2024-08-04,3621,3621,PAID,0
74,790,7,14,2024-09-01,2024-09-05,3621,3621,PAID,0
75,790,7,14,2024-10-01,2024-10-03,3621,3621,PAID,0
76,790,7,14,2024-11-01,2024-11-05,3621,3621,PAID,0
77,790,7,14,2024-12-01,2024-12-07,3621,3621,PAID,0
78,790,7,14,2025-01-01,2025-01-07,3621,3621,PAID,0
79,1379,8,15,2024-10-01,2024-10-01,2118,2118,PAID,0
80,1379,8,15,2024-11-01,2024-11-02,2118,2118,PAID,0
81,1379,8,15,2024-12-01,,2118,0,PENDING,544
82,1379,8,15,2025-01-01,2025-01-08,2118,818,PARTIAL,0
83,1379,8,15,2025-02-01,,2118,0,PENDING,482
84,1379,8,15,2025-03-01,2025-03-04,2118,2118,PAID,0
85,1379,8,15,2025-04-01,2025-04-05,2118,2118,PAID,0
86,1618,9,17,2025-08-01,2025-08-03,3265,3265,PAID,0
87,1618,9,17,2025-09-01,2025-09-01,3265,3265,PAID,0
88,1618,9,17,2025-10-01,2025-10-07,3265,3265,PAID,0
89,1618,9,17,2025-11-01,2025-11-07,3265,3265,PAID,0
90,1618,9,17,2025-12-01,2025-12-04,3265,3265,PAID,0
91,1618,9,17,2026-01-01,2026-01-02,3265,3265,PAID,0
92,1618,9,17,2026-02-01,2026-02-07,3265,3265,PAID,0
93,1618,9,17,2026-03-01,2026-03-01,3265,3265,PAID,0
94,1618,9,17,2026-04-01,2026-04-01,3265,3265,PAID,0
95,1618,9,17,2026-05-01,2026-05-09,3265,1279,PARTIAL,0
96,1808,10,20,2025-11-01,2025-11-01,3548,3548,PAID,0
97,1808,10,20,2025-12-01,2025-12-05,3548,3548,PAID,0
98,1808,10,20,2026-01-01,2026-01-01,3548,3548,PAID,0
99,1808,10,20,2026-02-01,2026-02-08,3548,3548,PAID,0
100,1808,10,20,2026-03-01,,3548,0,PENDING,89
101,1808,10,20,2026-04-01,2026-04-08,3548,3548,PAID,0
102,1808,10,20,2026-05-01,2026-05-08,3548,3548,PAID,0
103,1966,11,21,2025-08-01,2025-08-07,1258,1258,PAID,0
104,1966,11,21,2025-09-01,2025-09-02,1258,1258,PAID,0
105,1966,11,21,2025-10-01,,1258,0,OVERDUE,240
106,1966,11,21,2025-11-01,2025-11-03,1258,1258,PAID,0
107,1966,11,21,2025-12-01,2025-12-06,1258,1258,PAID,0
108,1966,11,21,2026-01-01,2026-01-01,1258,1258,PAID,0
109,1966,11,21,2026-02-01,2026-02-05,1258,1258,PAID,0
110,418,12,24,2024-01-01,2024-01-05,2388,2388,PAID,0
111,418,12,24,2024-02-01,,2388,0,PENDING,848
112,418,12,24,2024-03-01,2024-03-06,2388,2388,PAID,0
113,418,12,24,2024-04-01,,2388,0,PENDING,788
114,418,12,24,2024-05-01,,2388,0,OVERDUE,758
115,418,12,24,2024-06-01,2024-06-02,2388,2388,PAID,0
116,418,12,24,2024-07-01,2024-07-08,2388,2388,PAID,0
117,440,13,26,2024-06-01,2024-06-06,3502,3502,PAID,0
118,440,13,26,2024-07-01,2024-07-02,3502,3502,PAID,0
119,440,13,26,2024-08-01,2024-08-03,3502,3502,PAID,0
120,440,13,26,2024-09-01,2024-09-08,3502,3502,PAID,0
121,440,13,26,2024-10-01,2024-10-01,3502,3502,PAID,0
122,440,13,26,2024-11-01,2024-11-08,3502,3502,PAID,0
123,440,13,26,2024-12-01,2024-12-01,3502,3502,PAID,0
124,440,13,26,2025-01-01,2025-01-08,3502,3502,PAID,0
125,440,13,26,2025-02-01,2025-02-07,3502,3502,PAID,0
126,440,13,26,2025-03-01,2025-03-01,3502,3502,PAID,0
127,440,13,26,2025-04-01,2025-04-02,3502,3502,PAID,0
128,440,13,26,2025-05-01,2025-05-08,3502,3502,PAID,0
129,440,13,26,2025-06-01,2025-06-08,3502,1407,PARTIAL,0
130,440,13,26,2025-07-01,2025-07-07,3502,3502,PAID,0
131,440,13,26,2025-08-01,2025-08-08,3502,3502,PAID,0
132,440,13,26,2025-09-01,2025-09-04,3502,3502,PAID,0
133,440,13,26,2025-10-01,2025-10-04,3502,3502,PAID,0
134,440,13,26,2025-11-01,2025-11-07,3502,3502,PAID,0
135,440,13,26,2025-12-01,2025-12-02,3502,3502,PAID,0
136,1669,14,27,2024-04-01,,3724,0,OVERDUE,788
137,1669,14,27,2024-05-01,2024-05-05,3724,3724,PAID,0
138,1669,14,27,2024-06-01,2024-06-06,3724,3724,PAID,0
139,1669,14,27,2024-07-01,,3724,0,PENDING,697
140,1669,14,27,2024-08-01,2024-08-01,3724,3724,PAID,0
141,1669,14,27,2024-09-01,2024-09-05,3724,3724,PAID,0
142,1669,14,27,2024-10-01,2024-10-05,3724,3724,PAID,0
143,1669,14,27,2024-11-01,2024-11-03,3724,3724,PAID,0
144,1669,14,27,2024-12-01,2024-12-07,3724,3724,PAID,0
145,1669,14,27,2025-01-01,2025-01-08,3724,2748,PARTIAL,0
146,1669,14,27,2025-02-01,2025-02-01,3724,3724,PAID,0
147,1669,14,27,2025-03-01,,3724,0,PENDING,454
148,1669,14,27,2025-04-01,2025-04-07,3724,3724,PAID,0
149,991,15,28,2024-05-01,2024-05-08,3043,3043,PAID,0
150,991,15,28,2024-06-01,2024-06-08,3043,3043,PAID,0
151,991,15,28,2024-07-01,2024-07-08,3043,3043,PAID,0
152,991,15,28,2024-08-01,2024-08-06,3043,3043,PAID,0
153,991,15,28,2024-09-01,2024-09-02,3043,3043,PAID,0
154,991,15,28,2024-10-01,2024-10-06,3043,3043,PAID,0
155,991,15,28,2024-11-01,2024-11-03,3043,3043,PAID,0
156,835,16,29,2024-10-01,2024-10-01,1952,1952,PAID,0
157,835,16,29,2024-11-01,2024-11-07,1952,1952,PAID,0
158,835,16,29,2024-12-01,,1952,0,OVERDUE,544
159,835,16,29,2025-01-01,,1952,0,PENDING,513
160,835,16,29,2025-02-01,2025-02-01,1952,1952,PAID,0
161,835,16,29,2025-03-01,2025-03-01,1952,1952,PAID,0
162,835,16,29,2025-04-01,2025-04-06,1952,1952,PAID,0
163,835,16,29,2025-05-01,2025-05-05,1952,1952,PAID,0
164,835,16,29,2025-06-01,,1952,0,OVERDUE,362
165,835,16,29,2025-07-01,2025-07-04,1952,1952,PAID,0
166,835,16,29,2025-08-01,2025-08-02,1952,1952,PAID,0
167,835,16,29,2025-09-01,2025-09-04,1952,1952,PAID,0
168,835,16,29,2025-10-01,2025-10-05,1952,1952,PAID,0
169,1844,17,30,2025-09-01,2025-09-05,1670,1670,PAID,0
170,1844,17,30,2025-10-01,2025-10-04,1670,1670,PAID,0
171,1844,17,30,2025-11-01,2025-11-05,1670,1670,PAID,0
172,1844,17,30,2025-12-01,,1670,0,OVERDUE,179
173,1844,17,30,2026-01-01,2026-01-02,1670,1670,PAID,0
174,1844,17,30,2026-02-01,,1670,0,PENDING,117
175,1844,17,30,2026-03-01,2026-03-04,1670,1670,PAID,0
176,1844,17,30,2026-04-01,2026-04-02,1670,1670,PAID,0
177,1844,17,30,2026-05-01,2026-05-02,1670,1670,PAID,0
178,1530,18,31,2025-05-01,2025-05-06,2697,2697,PAID,0
179,1530,18,31,2025-06-01,2025-06-07,2697,2697,PAID,0
180,1530,18,31,2025-07-01,2025-07-07,2697,2697,PAID,0
181,1530,18,31,2025-08-01,2025-08-04,2697,2697,PAID,0
182,1530,18,31,2025-09-01,2025-09-06,2697,2697,PAID,0
183,1530,18,31,2025-10-01,2025-10-02,2697,2697,PAID,0
184,1530,18,31,2025-11-01,2025-11-06,2697,2697,PAID,0
185,1530,18,31,2025-12-01,2025-12-02,2697,2697,PAID,0
186,1530,18,31,2026-01-01,,2697,0,OVERDUE,148
187,1530,18,31,2026-02-01,2026-02-08,2697,2697,PAID,0
188,1530,18,31,2026-03-01,2026-03-03,2697,2697,PAID,0
189,1530,18,31,2026-04-01,2026-04-07,2697,2697,PAID,0
190,1530,18,31,2026-05-01,,2697,0,PENDING,28
191,171,19,35,2025-07-01,2025-07-08,1155,1155,PAID,0
192,171,19,35,2025-08-01,2025-08-06,1155,1155,PAID,0
193,171,19,35,2025-09-01,2025-09-02,1155,1155,PAID,0
194,171,19,35,2025-10-01,2025-10-02,1155,1155,PAID,0
195,171,19,35,2025-11-01,,1155,0,OVERDUE,209
196,171,19,35,2025-12-01,,1155,0,OVERDUE,179
197,171,19,35,2026-01-01,2026-01-02,1155,1155,PAID,0
198,171,19,35,2026-02-01,2026-02-06,1155,1155,PAID,0
199,171,19,35,2026-03-01,2026-03-08,1155,1155,PAID,0
200,171,19,35,2026-04-01,2026-04-06,1155,1155,PAID,0
201,171,19,35,2026-05-01,2026-05-03,1155,1155,PAID,0
202,1036,20,37,2024-11-01,2024-11-01,3815,3815,PAID,0
203,1036,20,37,2024-12-01,2024-12-08,3815,3815,PAID,0
204,1036,20,37,2025-01-01,2025-01-07,3815,3815,PAID,0
205,1036,20,37,2025-02-01,2025-02-05,3815,3815,PAID,0
206,1036,20,37,2025-03-01,,3815,0,PENDING,454
207,1036,20,37,2025-04-01,2025-04-06,3815,3815,PAID,0
208,1036,20,37,2025-05-01,2025-05-07,3815,3815,PAID,0
209,689,21,39,2024-05-01,2024-05-08,2433,2433,PAID,0
210,689,21,39,2024-06-01,2024-06-06,2433,2433,PAID,0
211,689,21,39,2024-07-01,2024-07-02,2433,2433,PAID,0
212,689,21,39,2024-08-01,2024-08-04,2433,2433,PAID,0
213,689,21,39,2024-09-01,2024-09-08,2433,2433,PAID,0
214,689,21,39,2024-10-01,2024-10-07,2433,2433,PAID,0
215,689,21,39,2024-11-01,,2433,0,PENDING,574
216,1301,22,40,2025-09-01,2025-09-08,4023,4023,PAID,0
217,1301,22,40,2025-10-01,2025-10-04,4023,4023,PAID,0
218,1301,22,40,2025-11-01,2025-11-01,4023,4023,PAID,0
219,1301,22,40,2025-12-01,2025-12-08,4023,4023,PAID,0
220,1301,22,40,2026-01-01,2026-01-04,4023,4023,PAID,0
221,1301,22,40,2026-02-01,2026-02-03,4023,4023,PAID,0
222,1301,22,40,2026-03-01,,4023,0,OVERDUE,89
223,1301,22,40,2026-04-01,2026-04-02,4023,4023,PAID,0
224,1301,22,40,2026-05-01,,4023,0,PENDING,28
225,234,23,42,2024-05-01,2024-05-06,2461,2461,PAID,0
226,234,23,42,2024-06-01,2024-06-03,2461,2461,PAID,0
227,234,23,42,2024-07-01,2024-07-03,2461,2461,PAID,0
228,234,23,42,2024-08-01,2024-08-06,2461,2461,PAID,0
229,234,23,42,2024-09-01,2024-09-07,2461,2461,PAID,0
230,234,23,42,2024-10-01,2024-10-07,2461,2461,PAID,0
231,234,23,42,2024-11-01,2024-11-13,2461,1044,PARTIAL,0
232,234,23,42,2024-12-01,2024-12-05,2461,2461,PAID,0
233,234,23,42,2025-01-01,2025-01-13,2461,1271,PARTIAL,0
234,234,23,42,2025-02-01,2025-02-01,2461,2461,PAID,0
235,234,23,42,2025-03-01,2025-03-07,2461,2461,PAID,0
236,234,23,42,2025-04-01,2025-04-03,2461,2461,PAID,0
237,234,23,42,2025-05-01,2025-05-02,2461,2461,PAID,0
238,1809,24,43,2024-07-01,,1734,0,PENDING,697
239,1809,24,43,2024-08-01,2024-08-06,1734,1734,PAID,0
240,1809,24,43,2024-09-01,2024-09-07,1734,1734,PAID,0
241,1809,24,43,2024-10-01,2024-10-03,1734,1734,PAID,0
242,1809,24,43,2024-11-01,2024-11-03,1734,1734,PAID,0
243,1809,24,43,2024-12-01,2024-12-07,1734,1734,PAID,0
244,1809,24,43,2025-01-01,2025-01-08,1734,1734,PAID,0
245,1809,24,43,2025-02-01,2025-02-07,1734,1734,PAID,0
246,1809,24,43,2025-03-01,,1734,0,OVERDUE,454
247,1809,24,43,2025-04-01,2025-04-05,1734,1734,PAID,0
248,1809,24,43,2025-05-01,2025-05-07,1734,1734,PAID,0
249,1809,24,43,2025-06-01,2025-06-04,1734,1734,PAID,0
250,1809,24,43,2025-07-01,2025-07-06,1734,1734,PAID,0
251,1293,25,44,2024-01-01,,2146,0,PENDING,879
252,1293,25,44,2024-02-01,2024-02-05,2146,2146,PAID,0
253,1293,25,44,2024-03-01,2024-03-01,2146,2146,PAID,0
254,1293,25,44,2024-04-01,2024-04-03,2146,2146,PAID,0
255,1293,25,44,2024-05-01,2024-05-07,2146,2146,PAID,0
256,1293,25,44,2024-06-01,2024-06-06,2146,2146,PAID,0
257,1293,25,44,2024-07-01,2024-07-08,2146,2146,PAID,0
258,1293,25,44,2024-08-01,2024-08-05,2146,2146,PAID,0
259,1293,25,44,2024-09-01,2024-09-06,2146,2146,PAID,0
260,1293,25,44,2024-10-01,2024-10-06,2146,2146,PAID,0
261,1293,25,44,2024-11-01,2024-11-01,2146,2146,PAID,0
262,1293,25,44,2024-12-01,2024-12-08,2146,2146,PAID,0
263,1293,25,44,2025-01-01,2025-01-06,2146,2146,PAID,0
264,1974,26,46,2025-10-01,2025-10-03,2706,2706,PAID,0
265,1974,26,46,2025-11-01,2025-11-02,2706,2706,PAID,0
266,1974,26,46,2025-12-01,2025-12-01,2706,2706,PAID,0
267,1974,26,46,2026-01-01,2026-01-05,2706,2706,PAID,0
268,1974,26,46,2026-02-01,2026-02-03,2706,2706,PAID,0
269,1974,26,46,2026-03-01,2026-03-07,2706,2706,PAID,0
270,1974,26,46,2026-04-01,2026-04-03,2706,2706,PAID,0
271,1974,26,46,2026-05-01,2026-05-04,2706,2706,PAID,0
272,1111,27,47,2024-09-01,2024-09-03,2795,2795,PAID,0
273,1111,27,47,2024-10-01,2024-10-03,2795,2795,PAID,0
274,1111,27,47,2024-11-01,2024-11-02,2795,2795,PAID,0
275,1111,27,47,2024-12-01,2024-12-08,2795,2795,PAID,0
276,1111,27,47,2025-01-01,,2795,0,PENDING,513
277,1111,27,47,2025-02-01,2025-02-08,2795,2795,PAID,0
278,1111,27,47,2025-03-01,2025-03-02,2795,2795,PAID,0
279,1111,27,47,2025-04-01,2025-04-07,2795,1451,PARTIAL,0
280,1111,27,47,2025-05-01,2025-05-05,2795,2795,PAID,0
281,1111,27,47,2025-06-01,2025-06-06,2795,2795,PAID,0
282,1111,27,47,2025-07-01,2025-07-05,2795,2795,PAID,0
283,1111,27,47,2025-08-01,,2795,0,PENDING,301
284,1111,27,47,2025-09-01,2025-09-04,2795,2795,PAID,0
285,1111,27,47,2025-10-01,2025-10-03,2795,2795,PAID,0
286,1111,27,47,2025-11-01,,2795,0,OVERDUE,209
287,1111,27,47,2025-12-01,,2795,0,PENDING,179
288,1111,27,47,2026-01-01,,2795,0,OVERDUE,148
289,1111,27,47,2026-02-01,2026-02-03,2795,2795,PAID,0
290,1111,27,47,2026-03-01,2026-03-03,2795,2795,PAID,0
291,1870,28,49,2025-02-01,2025-02-01,2065,2065,PAID,0
292,1870,28,49,2025-03-01,2025-03-05,2065,2065,PAID,0
293,1870,28,49,2025-04-01,2025-04-07,2065,2065,PAID,0
294,1870,28,49,2025-05-01,2025-05-02,2065,2065,PAID,0
295,1870,28,49,2025-06-01,2025-06-01,2065,2065,PAID,0
296,1870,28,49,2025-07-01,,2065,0,PENDING,332
297,1870,28,49,2025-08-01,2025-08-01,2065,2065,PAID,0
298,1870,28,49,2025-09-01,,2065,0,OVERDUE,270
299,1870,28,49,2025-10-01,,2065,0,PENDING,240
300,1870,28,49,2025-11-01,2025-11-04,2065,2065,PAID,0
301,1870,28,49,2025-12-01,2025-12-01,2065,2065,PAID,0
302,1870,28,49,2026-01-01,,2065,0,OVERDUE,148
303,1662,29,50,2024-11-01,2024-11-01,4075,4075,PAID,0
304,1662,29,50,2024-12-01,2024-12-04,4075,4075,PAID,0
305,1662,29,50,2025-01-01,2025-01-07,4075,4075,PAID,0
306,1662,29,50,2025-02-01,,4075,0,PENDING,482
307,1662,29,50,2025-03-01,2025-03-05,4075,4075,PAID,0
308,1662,29,50,2025-04-01,2025-04-04,4075,4075,PAID,0
309,1662,29,50,2025-05-01,,4075,0,PENDING,393
310,1662,29,50,2025-06-01,,4075,0,PENDING,362
311,1662,29,50,2025-07-01,2025-07-05,4075,4075,PAID,0
312,1662,29,50,2025-08-01,,4075,0,PENDING,301
313,1662,29,50,2025-09-01,2025-09-04,4075,4075,PAID,0
314,1662,29,50,2025-10-01,,4075,0,OVERDUE,240
315,1662,29,50,2025-11-01,2025-11-04,4075,4075,PAID,0
316,1537,30,51,2025-09-01,,2130,0,OVERDUE,270
317,1537,30,51,2025-10-01,2025-10-07,2130,2130,PAID,0
318,1537,30,51,2025-11-01,2025-11-06,2130,2130,PAID,0
319,1537,30,51,2025-12-01,2025-12-03,2130,2130,PAID,0
320,1537,30,51,2026-01-01,,2130,0,OVERDUE,148
321,1537,30,51,2026-02-01,2026-02-06,2130,2130,PAID,0
322,1537,30,51,2026-03-01,2026-03-04,2130,2130,PAID,0
323,1537,30,51,2026-04-01,2026-04-04,2130,2130,PAID,0
324,1537,30,51,2026-05-01,2026-05-03,2130,2130,PAID,0
325,1695,31,52,2024-04-01,2024-04-13,3073,1297,PARTIAL,0
326,1695,31,52,2024-05-01,,3073,0,PENDING,758
327,1695,31,52,2024-06-01,2024-06-02,3073,3073,PAID,0
328,1695,31,52,2024-07-01,,3073,0,PENDING,697
329,1695,31,52,2024-08-01,2024-08-01,3073,3073,PAID,0
330,1695,31,52,2024-09-01,2024-09-07,3073,3073,PAID,0
331,1695,31,52,2024-10-01,2024-10-07,3073,3073,PAID,0
332,1695,31,52,2024-11-01,2024-11-08,3073,3073,PAID,0
333,1695,31,52,2024-12-01,2024-12-06,3073,3073,PAID,0
334,1695,31,52,2025-01-01,,3073,0,PENDING,513
335,1695,31,52,2025-02-01,2025-02-03,3073,3073,PAID,0
336,1695,31,52,2025-03-01,2025-03-05,3073,3073,PAID,0
337,1695,31,52,2025-04-01,2025-04-04,3073,3073,PAID,0
338,1573,32,53,2024-11-01,2024-11-05,1006,1006,PAID,0
339,1573,32,53,2024-12-01,2024-12-06,1006,1006,PAID,0
340,1573,32,53,2025-01-01,2025-01-01,1006,1006,PAID,0
341,1573,32,53,2025-02-01,2025-02-07,1006,1006,PAID,0
342,1573,32,53,2025-03-01,2025-03-01,1006,1006,PAID,0
343,1573,32,53,2025-04-01,2025-04-08,1006,1006,PAID,0
344,1573,32,53,2025-05-01,2025-05-18,1006,518,PARTIAL,0
345,825,33,54,2024-05-01,,1948,0,PENDING,758
346,825,33,54,2024-06-01,2024-06-01,1948,1948,PAID,0
347,825,33,54,2024-07-01,2024-07-02,1948,1948,PAID,0
348,825,33,54,2024-08-01,2024-08-03,1948,1948,PAID,0
349,825,33,54,2024-09-01,2024-09-03,1948,1948,PAID,0
350,825,33,54,2024-10-01,2024-10-02,1948,1948,PAID,0
351,825,33,54,2024-11-01,,1948,0,OVERDUE,574
352,825,33,54,2024-12-01,2024-12-05,1948,1948,PAID,0
353,825,33,54,2025-01-01,,1948,0,OVERDUE,513
354,825,33,54,2025-02-01,2025-02-01,1948,1948,PAID,0
355,825,33,54,2025-03-01,2025-03-01,1948,1948,PAID,0
356,825,33,54,2025-04-01,2025-04-03,1948,1948,PAID,0
357,825,33,54,2025-05-01,,1948,0,OVERDUE,393
358,363,34,55,2024-12-01,2024-12-04,3354,3354,PAID,0
359,363,34,55,2025-01-01,2025-01-03,3354,3354,PAID,0
360,363,34,55,2025-02-01,2025-02-03,3354,3354,PAID,0
361,363,34,55,2025-03-01,2025-03-02,3354,3354,PAID,0
362,363,34,55,2025-04-01,2025-04-06,3354,3354,PAID,0
363,363,34,55,2025-05-01,,3354,0,OVERDUE,393
364,363,34,55,2025-06-01,,3354,0,PENDING,362
365,363,34,55,2025-07-01,2025-07-01,3354,3354,PAID,0
366,363,34,55,2025-08-01,2025-08-04,3354,3354,PAID,0
367,363,34,55,2025-09-01,2025-09-10,3354,1614,PARTIAL,0
368,363,34,55,2025-10-01,2025-10-01,3354,3354,PAID,0
369,363,34,55,2025-11-01,2025-11-07,3354,3354,PAID,0
370,363,34,55,2025-12-01,2025-12-05,3354,3354,PAID,0
371,815,35,58,2025-09-01,2025-09-04,3535,3535,PAID,0
372,815,35,58,2025-10-01,2025-10-04,3535,3535,PAID,0
373,815,35,58,2025-11-01,2025-11-03,3535,3535,PAID,0
374,815,35,58,2025-12-01,2025-12-04,3535,3535,PAID,0
375,815,35,58,2026-01-01,2026-01-03,3535,3535,PAID,0
376,815,35,58,2026-02-01,2026-02-03,3535,3535,PAID,0
377,815,35,58,2026-03-01,2026-03-01,3535,3535,PAID,0
378,932,36,60,2024-09-01,2024-09-04,2832,2832,PAID,0
379,932,36,60,2024-10-01,2024-10-05,2832,2832,PAID,0
380,932,36,60,2024-11-01,2024-11-02,2832,2832,PAID,0
381,932,36,60,2024-12-01,2024-12-01,2832,2832,PAID,0
382,932,36,60,2025-01-01,2025-01-06,2832,2832,PAID,0
383,932,36,60,2025-02-01,2025-02-07,2832,2832,PAID,0
384,932,36,60,2025-03-01,2025-03-03,2832,2832,PAID,0
385,932,36,60,2025-04-01,,2832,0,OVERDUE,423
386,932,36,60,2025-05-01,2025-05-04,2832,2832,PAID,0
387,932,36,60,2025-06-01,2025-06-12,2832,1215,PARTIAL,0
388,932,36,60,2025-07-01,2025-07-05,2832,2832,PAID,0
389,932,36,60,2025-08-01,2025-08-05,2832,2832,PAID,0
390,932,36,60,2025-09-01,2025-09-01,2832,2832,PAID,0
391,932,36,60,2025-10-01,2025-10-05,2832,2832,PAID,0
392,932,36,60,2025-11-01,2025-11-04,2832,2832,PAID,0
393,932,36,60,2025-12-01,,2832,0,OVERDUE,179
394,932,36,60,2026-01-01,2026-01-02,2832,2832,PAID,0
395,932,36,60,2026-02-01,2026-02-03,2832,2832,PAID,0
396,932,36,60,2026-03-01,2026-03-02,2832,2832,PAID,0
397,215,37,61,2024-07-01,2024-07-02,1386,1386,PAID,0
398,215,37,61,2024-08-01,2024-08-04,1386,1386,PAID,0
399,215,37,61,2024-09-01,2024-09-03,1386,1386,PAID,0
400,215,37,61,2024-10-01,,1386,0,OVERDUE,605
401,215,37,61,2024-11-01,,1386,0,PENDING,574
402,215,37,61,2024-12-01,2024-12-06,1386,1386,PAID,0
403,215,37,61,2025-01-01,2025-01-07,1386,1386,PAID,0
404,508,38,62,2025-04-01,2025-04-02,2393,2393,PAID,0
405,508,38,62,2025-05-01,,2393,0,OVERDUE,393
406,508,38,62,2025-06-01,2025-06-01,2393,2393,PAID,0
407,508,38,62,2025-07-01,,2393,0,OVERDUE,332
408,508,38,62,2025-08-01,2025-08-08,2393,2393,PAID,0
409,508,38,62,2025-09-01,,2393,0,PENDING,270
410,508,38,62,2025-10-01,2025-10-01,2393,2393,PAID,0
411,508,38,62,2025-11-01,2025-11-03,2393,2393,PAID,0
412,508,38,62,2025-12-01,2025-12-05,2393,2393,PAID,0
413,508,38,62,2026-01-01,2026-01-03,2393,2393,PAID,0
414,508,38,62,2026-02-01,2026-02-04,2393,2393,PAID,0
415,508,38,62,2026-03-01,2026-03-02,2393,2393,PAID,0
416,508,38,62,2026-04-01,2026-04-04,2393,2393,PAID,0
417,889,39,65,2025-04-01,,2881,0,PENDING,423
418,889,39,65,2025-05-01,2025-05-06,2881,2881,PAID,0
419,889,39,65,2025-06-01,2025-06-04,2881,2881,PAID,0
420,889,39,65,2025-07-01,2025-07-03,2881,2881,PAID,0
421,889,39,65,2025-08-01,2025-08-02,2881,2881,PAID,0
422,889,39,65,2025-09-01,2025-09-01,2881,2881,PAID,0
423,889,39,65,2025-10-01,2025-10-08,2881,2881,PAID,0
424,889,39,65,2025-11-01,2025-11-08,2881,2881,PAID,0
425,889,39,65,2025-12-01,2025-12-05,2881,2881,PAID,0
426,889,39,65,2026-01-01,2026-01-03,2881,2881,PAID,0
427,889,39,65,2026-02-01,2026-02-05,2881,2881,PAID,0
428,889,39,65,2026-03-01,,2881,0,PENDING,89
429,889,39,65,2026-04-01,2026-04-02,2881,2881,PAID,0
430,889,39,65,2026-05-01,2026-05-04,2881,2881,PAID,0
431,1131,40,67,2024-10-01,2024-10-05,2954,2954,PAID,0
432,1131,40,67,2024-11-01,2024-11-06,2954,2954,PAID,0
433,1131,40,67,2024-12-01,2024-12-02,2954,2954,PAID,0
434,1131,40,67,2025-01-01,2025-01-01,2954,2954,PAID,0
435,1131,40,67,2025-02-01,2025-02-08,2954,2954,PAID,0
436,1131,40,67,2025-03-01,2025-03-07,2954,2954,PAID,0
437,1131,40,67,2025-04-01,2025-04-07,2954,2954,PAID,0
438,1131,40,67,2025-05-01,,2954,0,PENDING,393
439,1131,40,67,2025-06-01,2025-06-04,2954,2954,PAID,0
440,1131,40,67,2025-07-01,,2954,0,OVERDUE,332
441,1131,40,67,2025-08-01,2025-08-07,2954,2954,PAID,0
442,1131,40,67,2025-09-01,2025-09-06,2954,2954,PAID,0
443,1131,40,67,2025-10-01,,2954,0,PENDING,240
444,1131,40,67,2025-11-01,,2954,0,OVERDUE,209
445,1131,40,67,2025-12-01,2025-12-08,2954,2954,PAID,0
446,1131,40,67,2026-01-01,2026-01-05,2954,2954,PAID,0
447,1131,40,67,2026-02-01,2026-02-10,2954,1101,PARTIAL,0
448,1131,40,67,2026-03-01,2026-03-06,2954,2954,PAID,0
449,1131,40,67,2026-04-01,2026-04-04,2954,2954,PAID,0
450,1131,40,67,2026-05-01,,2954,0,PENDING,28
451,625,41,68,2024-09-01,2024-09-06,1727,1727,PAID,0
452,625,41,68,2024-10-01,2024-10-08,1727,1727,PAID,0
453,625,41,68,2024-11-01,2024-11-03,1727,1727,PAID,0
454,625,41,68,2024-12-01,2024-12-05,1727,1727,PAID,0
455,625,41,68,2025-01-01,2025-01-03,1727,1727,PAID,0
456,625,41,68,2025-02-01,2025-02-03,1727,1727,PAID,0
457,625,41,68,2025-03-01,2025-03-04,1727,1727,PAID,0
458,625,41,68,2025-04-01,,1727,0,PENDING,423
459,625,41,68,2025-05-01,2025-05-06,1727,1727,PAID,0
460,625,41,68,2025-06-01,2025-06-02,1727,1727,PAID,0
461,625,41,68,2025-07-01,,1727,0,PENDING,332
462,625,41,68,2025-08-01,2025-08-03,1727,1727,PAID,0
463,625,41,68,2025-09-01,2025-09-06,1727,1727,PAID,0
464,625,41,68,2025-10-01,2025-10-02,1727,1727,PAID,0
465,625,41,68,2025-11-01,2025-11-06,1727,1727,PAID,0
466,625,41,68,2025-12-01,2025-12-07,1727,1727,PAID,0
467,625,41,68,2026-01-01,2026-01-05,1727,1727,PAID,0
468,625,41,68,2026-02-01,2026-02-07,1727,1727,PAID,0
469,625,41,68,2026-03-01,2026-03-05,1727,1727,PAID,0
470,625,41,68,2026-04-01,,1727,0,OVERDUE,58
471,625,41,68,2026-05-01,2026-05-02,1727,1727,PAID,0
472,1977,42,71,2024-11-01,,1199,0,PENDING,574
473,1977,42,71,2024-12-01,2024-12-03,1199,1199,PAID,0
474,1977,42,71,2025-01-01,2025-01-05,1199,1199,PAID,0
475,1977,42,71,2025-02-01,2025-02-03,1199,1199,PAID,0
476,1977,42,71,2025-03-01,2025-03-01,1199,1199,PAID,0
477,1977,42,71,2025-04-01,2025-04-07,1199,1199,PAID,0
478,1977,42,71,2025-05-01,2025-05-08,1199,1199,PAID,0
479,1977,42,71,2025-06-01,2025-06-07,1199,1199,PAID,0
480,1977,42,71,2025-07-01,2025-07-05,1199,1199,PAID,0
481,1977,42,71,2025-08-01,,1199,0,OVERDUE,301
482,1977,42,71,2025-09-01,,1199,0,OVERDUE,270
483,1977,42,71,2025-10-01,,1199,0,PENDING,240
484,1977,42,71,2025-11-01,2025-11-06,1199,1199,PAID,0
485,1592,43,72,2024-06-01,2024-06-03,2157,2157,PAID,0
486,1592,43,72,2024-07-01,2024-07-05,2157,2157,PAID,0
487,1592,43,72,2024-08-01,2024-08-01,2157,2157,PAID,0
488,1592,43,72,2024-09-01,2024-09-02,2157,2157,PAID,0
489,1592,43,72,2024-10-01,2024-10-02,2157,2157,PAID,0
490,1592,43,72,2024-11-01,2024-11-04,2157,2157,PAID,0
491,1592,43,72,2024-12-01,2024-12-04,2157,2157,PAID,0
492,1592,43,72,2025-01-01,2025-01-03,2157,2157,PAID,0
493,1592,43,72,2025-02-01,2025-02-05,2157,2157,PAID,0
494,1592,43,72,2025-03-01,,2157,0,PENDING,454
495,1592,43,72,2025-04-01,2025-04-04,2157,2157,PAID,0
496,1592,43,72,2025-05-01,2025-05-01,2157,2157,PAID,0
497,1592,43,72,2025-06-01,2025-06-07,2157,2157,PAID,0
498,223,44,73,2024-11-01,2024-11-14,2483,1011,PARTIAL,0
499,223,44,73,2024-12-01,2024-12-01,2483,2483,PAID,0
500,223,44,73,2025-01-01,2025-01-05,2483,2483,PAID,0
501,223,44,73,2025-02-01,2025-02-07,2483,2483,PAID,0
502,223,44,73,2025-03-01,,2483,0,PENDING,454
503,223,44,73,2025-04-01,2025-04-07,2483,2483,PAID,0
504,223,44,73,2025-05-01,,2483,0,PENDING,393
505,223,44,73,2025-06-01,2025-06-04,2483,2483,PAID,0
506,223,44,73,2025-07-01,2025-07-06,2483,2483,PAID,0
507,223,44,73,2025-08-01,2025-08-06,2483,2483,PAID,0
508,223,44,73,2025-09-01,2025-09-03,2483,2483,PAID,0
509,223,44,73,2025-10-01,2025-10-07,2483,2483,PAID,0
510,223,44,73,2025-11-01,2025-11-07,2483,2483,PAID,0
511,2,45,75,2024-11-01,2024-11-04,1420,1420,PAID,0
512,2,45,75,2024-12-01,2024-12-04,1420,1420,PAID,0
513,2,45,75,2025-01-01,2025-01-09,1420,943,PARTIAL,0
514,2,45,75,2025-02-01,2025-02-05,1420,1420,PAID,0
515,2,45,75,2025-03-01,2025-03-02,1420,1420,PAID,0
516,2,45,75,2025-04-01,2025-04-10,1420,574,PARTIAL,0
517,2,45,75,2025-05-01,2025-05-02,1420,1420,PAID,0
518,1994,46,78,2025-05-01,2025-05-05,2110,2110,PAID,0
519,1994,46,78,2025-06-01,,2110,0,OVERDUE,362
520,1994,46,78,2025-07-01,2025-07-04,2110,2110,PAID,0
521,1994,46,78,2025-08-01,2025-08-08,2110,2110,PAID,0
522,1994,46,78,2025-09-01,2025-09-07,2110,2110,PAID,0
523,1994,46,78,2025-10-01,2025-10-08,2110,2110,PAID,0
524,1994,46,78,2025-11-01,,2110,0,OVERDUE,209
525,1994,46,78,2025-12-01,,2110,0,OVERDUE,179
526,1994,46,78,2026-01-01,2026-01-07,2110,2110,PAID,0
527,1994,46,78,2026-02-01,,2110,0,PENDING,117
528,1994,46,78,2026-03-01,2026-03-05,2110,2110,PAID,0
529,1994,46,78,2026-04-01,2026-04-03,2110,2110,PAID,0
530,1994,46,78,2026-05-01,2026-05-01,2110,2110,PAID,0
531,153,47,79,2025-09-01,,981,0,PENDING,270
532,153,47,79,2025-10-01,,981,0,PENDING,240
533,153,47,79,2025-11-01,,981,0,PENDING,209
534,153,47,79,2025-12-01,2025-12-06,981,981,PAID,0
535,153,47,79,2026-01-01,2026-01-08,981,981,PAID,0
536,153,47,79,2026-02-01,2026-02-02,981,981,PAID,0
537,153,47,79,2026-03-01,,981,0,PENDING,89
538,389,48,80,2024-02-01,2024-02-04,1268,1268,PAID,0
539,389,48,80,2024-03-01,2024-03-03,1268,1268,PAID,0
540,389,48,80,2024-04-01,2024-04-03,1268,1268,PAID,0
541,389,48,80,2024-05-01,2024-05-04,1268,1268,PAID,0
542,389,48,80,2024-06-01,2024-06-05,1268,1268,PAID,0
543,389,48,80,2024-07-01,2024-07-02,1268,1268,PAID,0
544,389,48,80,2024-08-01,2024-08-03,1268,1268,PAID,0
545,389,48,80,2024-09-01,2024-09-06,1268,1268,PAID,0
546,389,48,80,2024-10-01,2024-10-06,1268,1268,PAID,0
547,389,48,80,2024-11-01,,1268,0,PENDING,574
548,389,48,80,2024-12-01,2024-12-07,1268,1268,PAID,0
549,389,48,80,2025-01-01,2025-01-08,1268,1268,PAID,0
550,389,48,80,2025-02-01,2025-02-01,1268,1268,PAID,0
551,318,49,81,2025-10-01,2025-10-05,3362,3362,PAID,0
552,318,49,81,2025-11-01,2025-11-06,3362,3362,PAID,0
553,318,49,81,2025-12-01,2025-12-07,3362,3362,PAID,0
554,318,49,81,2026-01-01,,3362,0,PENDING,148
555,318,49,81,2026-02-01,2026-02-01,3362,3362,PAID,0
556,318,49,81,2026-03-01,2026-03-08,3362,3362,PAID,0
557,318,49,81,2026-04-01,2026-04-07,3362,3362,PAID,0
558,1360,50,83,2025-09-01,2025-09-05,1229,1229,PAID,0
559,1360,50,83,2025-10-01,2025-10-01,1229,1229,PAID,0
560,1360,50,83,2025-11-01,2025-11-06,1229,722,PARTIAL,0
561,1360,50,83,2025-12-01,2025-12-06,1229,1229,PAID,0
562,1360,50,83,2026-01-01,2026-01-06,1229,1229,PAID,0
563,1360,50,83,2026-02-01,2026-02-05,1229,1229,PAID,0
564,1360,50,83,2026-03-01,2026-03-07,1229,1229,PAID,0
565,1621,51,84,2025-04-01,2025-04-04,2524,2524,PAID,0
566,1621,51,84,2025-05-01,2025-05-01,2524,2524,PAID,0
567,1621,51,84,2025-06-01,,2524,0,PENDING,362
568,1621,51,84,2025-07-01,2025-07-04,2524,2524,PAID,0
569,1621,51,84,2025-08-01,2025-08-02,2524,2524,PAID,0
570,1621,51,84,2025-09-01,2025-09-07,2524,2524,PAID,0
571,1621,51,84,2025-10-01,2025-10-08,2524,2524,PAID,0
572,1621,51,84,2025-11-01,,2524,0,PENDING,209
573,1621,51,84,2025-12-01,2025-12-02,2524,2524,PAID,0
574,1621,51,84,2026-01-01,2026-01-08,2524,2524,PAID,0
575,1621,51,84,2026-02-01,2026-02-05,2524,2524,PAID,0
576,1621,51,84,2026-03-01,2026-03-08,2524,2524,PAID,0
577,1621,51,84,2026-04-01,2026-04-07,2524,2524,PAID,0
578,322,52,85,2024-08-01,2024-08-08,1110,1110,PAID,0
579,322,52,85,2024-09-01,,1110,0,PENDING,635
580,322,52,85,2024-10-01,2024-10-11,1110,778,PARTIAL,0
581,322,52,85,2024-11-01,2024-11-07,1110,1110,PAID,0
582,322,52,85,2024-12-01,,1110,0,PENDING,544
583,322,52,85,2025-01-01,2025-01-07,1110,1110,PAID,0
584,322,52,85,2025-02-01,2025-02-07,1110,1110,PAID,0
585,322,52,85,2025-03-01,2025-03-02,1110,1110,PAID,0
586,322,52,85,2025-04-01,2025-04-05,1110,1110,PAID,0
587,322,52,85,2025-05-01,,1110,0,OVERDUE,393
588,322,52,85,2025-06-01,2025-06-06,1110,1110,PAID,0
589,322,52,85,2025-07-01,,1110,0,PENDING,332
590,322,52,85,2025-08-01,2025-08-01,1110,1110,PAID,0
591,412,53,87,2024-05-01,,3585,0,OVERDUE,758
592,412,53,87,2024-06-01,2024-06-08,3585,3585,PAID,0
593,412,53,87,2024-07-01,,3585,0,OVERDUE,697
594,412,53,87,2024-08-01,2024-08-02,3585,3585,PAID,0
595,412,53,87,2024-09-01,2024-09-05,3585,3585,PAID,0
596,412,53,87,2024-10-01,2024-10-08,3585,3585,PAID,0
597,412,53,87,2024-11-01,2024-11-07,3585,3585,PAID,0
598,412,53,87,2024-12-01,2024-12-04,3585,3585,PAID,0
599,412,53,87,2025-01-01,2025-01-07,3585,3585,PAID,0
600,412,53,87,2025-02-01,2025-02-01,3585,3585,PAID,0
601,412,53,87,2025-03-01,2025-03-04,3585,3585,PAID,0
602,412,53,87,2025-04-01,2025-04-07,3585,3585,PAID,0
603,412,53,87,2025-05-01,2025-05-04,3585,3585,PAID,0
604,463,54,88,2024-10-01,2024-10-07,2161,2161,PAID,0
605,463,54,88,2024-11-01,2024-11-08,2161,2161,PAID,0
606,463,54,88,2024-12-01,2024-12-01,2161,2161,PAID,0
607,463,54,88,2025-01-01,,2161,0,PENDING,513
608,463,54,88,2025-02-01,2025-02-02,2161,2161,PAID,0
609,463,54,88,2025-03-01,2025-03-03,2161,2161,PAID,0
610,463,54,88,2025-04-01,2025-04-03,2161,2161,PAID,0
611,1469,55,89,2024-12-01,2024-12-08,2442,2442,PAID,0
612,1469,55,89,2025-01-01,,2442,0,OVERDUE,513
613,1469,55,89,2025-02-01,2025-02-02,2442,2442,PAID,0
614,1469,55,89,2025-03-01,2025-03-08,2442,2442,PAID,0
615,1469,55,89,2025-04-01,2025-04-07,2442,2442,PAID,0
616,1469,55,89,2025-05-01,2025-05-06,2442,2442,PAID,0
617,1469,55,89,2025-06-01,2025-06-01,2442,2442,PAID,0
618,1469,55,89,2025-07-01,2025-07-04,2442,2442,PAID,0
619,1469,55,89,2025-08-01,2025-08-04,2442,2442,PAID,0
620,1469,55,89,2025-09-01,2025-09-03,2442,2442,PAID,0
621,1469,55,89,2025-10-01,2025-10-08,2442,2442,PAID,0
622,1469,55,89,2025-11-01,2025-11-06,2442,1579,PARTIAL,0
623,1469,55,89,2025-12-01,2025-12-06,2442,2442,PAID,0
624,1469,55,89,2026-01-01,,2442,0,PENDING,148
625,1469,55,89,2026-02-01,,2442,0,PENDING,117
626,1469,55,89,2026-03-01,2026-03-03,2442,2442,PAID,0
627,1469,55,89,2026-04-01,2026-04-02,2442,2442,PAID,0
628,1469,55,89,2026-05-01,2026-05-01,2442,2442,PAID,0
629,1247,56,90,2025-08-01,2025-08-07,2664,2664,PAID,0
630,1247,56,90,2025-09-01,2025-09-02,2664,2664,PAID,0
631,1247,56,90,2025-10-01,2025-10-07,2664,2664,PAID,0
632,1247,56,90,2025-11-01,2025-11-08,2664,2664,PAID,0
633,1247,56,90,2025-12-01,2025-12-07,2664,2664,PAID,0
634,1247,56,90,2026-01-01,2026-01-01,2664,2664,PAID,0
635,1247,56,90,2026-02-01,2026-02-07,2664,2664,PAID,0
636,1247,56,90,2026-03-01,2026-03-01,2664,2664,PAID,0
637,1247,56,90,2026-04-01,2026-04-03,2664,2664,PAID,0
638,1247,56,90,2026-05-01,2026-05-02,2664,2664,PAID,0
639,313,57,92,2024-10-01,2024-10-03,3877,3877,PAID,0
640,313,57,92,2024-11-01,2024-11-03,3877,3877,PAID,0
641,313,57,92,2024-12-01,2024-12-06,3877,3877,PAID,0
642,313,57,92,2025-01-01,2025-01-18,3877,1673,PARTIAL,0
643,313,57,92,2025-02-01,,3877,0,PENDING,482
644,313,57,92,2025-03-01,2025-03-08,3877,3877,PAID,0
645,313,57,92,2025-04-01,2025-04-01,3877,3877,PAID,0
646,313,57,92,2025-05-01,2025-05-05,3877,3877,PAID,0
647,313,57,92,2025-06-01,2025-06-03,3877,3877,PAID,0
648,313,57,92,2025-07-01,2025-07-05,3877,3877,PAID,0
649,313,57,92,2025-08-01,2025-08-04,3877,3877,PAID,0
650,313,57,92,2025-09-01,2025-09-04,3877,3877,PAID,0
651,313,57,92,2025-10-01,2025-10-07,3877,2403,PARTIAL,0
652,313,57,92,2025-11-01,2025-11-06,3877,3877,PAID,0
653,313,57,92,2025-12-01,2025-12-01,3877,3877,PAID,0
654,313,57,92,2026-01-01,2026-01-06,3877,3877,PAID,0
655,313,57,92,2026-02-01,2026-02-07,3877,3877,PAID,0
656,313,57,92,2026-03-01,2026-03-07,3877,3877,PAID,0
657,313,57,92,2026-04-01,2026-04-02,3877,3877,PAID,0
658,313,57,92,2026-05-01,2026-05-08,3877,3877,PAID,0
659,204,58,93,2024-12-01,2024-12-06,1562,1562,PAID,0
660,204,58,93,2025-01-01,2025-01-03,1562,1562,PAID,0
661,204,58,93,2025-02-01,,1562,0,OVERDUE,482
662,204,58,93,2025-03-01,2025-03-05,1562,1562,PAID,0
663,204,58,93,2025-04-01,2025-04-04,1562,1562,PAID,0
664,204,58,93,2025-05-01,,1562,0,PENDING,393
665,204,58,93,2025-06-01,2025-06-02,1562,1562,PAID,0
666,204,58,93,2025-07-01,2025-07-02,1562,1562,PAID,0
667,204,58,93,2025-08-01,2025-08-01,1562,1562,PAID,0
668,204,58,93,2025-09-01,2025-09-07,1562,1562,PAID,0
669,204,58,93,2025-10-01,,1562,0,OVERDUE,240
670,204,58,93,2025-11-01,2025-11-04,1562,1562,PAID,0
671,204,58,93,2025-12-01,2025-12-06,1562,1562,PAID,0
672,1108,59,94,2025-07-01,,3538,0,OVERDUE,332
673,1108,59,94,2025-08-01,2025-08-01,3538,3538,PAID,0
674,1108,59,94,2025-09-01,2025-09-05,3538,3538,PAID,0
675,1108,59,94,2025-10-01,,3538,0,OVERDUE,240
676,1108,59,94,2025-11-01,2025-11-03,3538,3538,PAID,0
677,1108,59,94,2025-12-01,,3538,0,OVERDUE,179
678,1740,60,95,2024-05-01,2024-05-02,3028,3028,PAID,0
679,1740,60,95,2024-06-01,2024-06-04,3028,3028,PAID,0
680,1740,60,95,2024-07-01,,3028,0,OVERDUE,697
681,1740,60,95,2024-08-01,2024-08-02,3028,3028,PAID,0
682,1740,60,95,2024-09-01,2024-09-03,3028,3028,PAID,0
683,1740,60,95,2024-10-01,2024-10-05,3028,3028,PAID,0
684,1740,60,95,2024-11-01,2024-11-01,3028,3028,PAID,0
685,1740,60,95,2024-12-01,2024-12-01,3028,3028,PAID,0
686,1740,60,95,2025-01-01,2025-01-02,3028,3028,PAID,0
687,1740,60,95,2025-02-01,2025-02-07,3028,3028,PAID,0
688,1740,60,95,2025-03-01,2025-03-03,3028,3028,PAID,0
689,1740,60,95,2025-04-01,2025-04-07,3028,3028,PAID,0
690,1740,60,95,2025-05-01,2025-05-05,3028,3028,PAID,0
691,1740,60,95,2025-06-01,,3028,0,PENDING,362
692,1740,60,95,2025-07-01,,3028,0,PENDING,332
693,1740,60,95,2025-08-01,2025-08-01,3028,3028,PAID,0
694,1740,60,95,2025-09-01,2025-09-01,3028,3028,PAID,0
695,1740,60,95,2025-10-01,2025-10-06,3028,3028,PAID,0
696,1740,60,95,2025-11-01,,3028,0,OVERDUE,209
697,1740,60,95,2025-12-01,2025-12-08,3028,3028,PAID,0
698,1740,60,95,2026-01-01,2026-01-02,3028,3028,PAID,0
699,1740,60,95,2026-02-01,2026-02-01,3028,3028,PAID,0
700,1740,60,95,2026-03-01,2026-03-02,3028,3028,PAID,0
701,1740,60,95,2026-04-01,2026-04-07,3028,3028,PAID,0
702,1041,61,96,2024-03-01,,3186,0,PENDING,819
703,1041,61,96,2024-04-01,2024-04-08,3186,3186,PAID,0
704,1041,61,96,2024-05-01,2024-05-03,3186,3186,PAID,0
705,1041,61,96,2024-06-01,2024-06-01,3186,3186,PAID,0
706,1041,61,96,2024-07-01,2024-07-01,3186,3186,PAID,0
707,1041,61,96,2024-08-01,2024-08-02,3186,3186,PAID,0
708,1041,61,96,2024-09-01,2024-09-03,3186,3186,PAID,0
709,1498,62,97,2025-10-01,2025-10-12,2220,949,PARTIAL,0
710,1498,62,97,2025-11-01,,2220,0,OVERDUE,209
711,1498,62,97,2025-12-01,2025-12-05,2220,2220,PAID,0
712,1498,62,97,2026-01-01,2026-01-07,2220,2220,PAID,0
713,1498,62,97,2026-02-01,2026-02-03,2220,2220,PAID,0
714,1498,62,97,2026-03-01,2026-03-06,2220,2220,PAID,0
715,1498,62,97,2026-04-01,2026-04-16,2220,1506,PARTIAL,0
716,1498,62,97,2026-05-01,2026-05-01,2220,2220,PAID,0
717,1989,63,98,2025-03-01,2025-03-01,1715,1715,PAID,0
718,1989,63,98,2025-04-01,2025-04-05,1715,1715,PAID,0
719,1989,63,98,2025-05-01,,1715,0,PENDING,393
720,1989,63,98,2025-06-01,,1715,0,OVERDUE,362
721,1989,63,98,2025-07-01,2025-07-03,1715,1715,PAID,0
722,1989,63,98,2025-08-01,2025-08-06,1715,1715,PAID,0
723,1989,63,98,2025-09-01,2025-09-01,1715,1715,PAID,0
724,459,64,99,2025-06-01,2025-06-03,3657,3657,PAID,0
725,459,64,99,2025-07-01,,3657,0,OVERDUE,332
726,459,64,99,2025-08-01,2025-08-04,3657,3657,PAID,0
727,459,64,99,2025-09-01,2025-09-05,3657,3657,PAID,0
728,459,64,99,2025-10-01,2025-10-07,3657,3657,PAID,0
729,459,64,99,2025-11-01,,3657,0,PENDING,209
730,459,64,99,2025-12-01,,3657,0,OVERDUE,179
731,459,64,99,2026-01-01,2026-01-07,3657,3657,PAID,0
732,459,64,99,2026-02-01,2026-02-08,3657,3657,PAID,0
733,459,64,99,2026-03-01,2026-03-05,3657,3657,PAID,0
734,459,64,99,2026-04-01,2026-04-06,3657,3657,PAID,0
735,459,64,99,2026-05-01,2026-05-05,3657,3657,PAID,0
736,716,65,100,2024-03-01,2024-03-06,1077,1077,PAID,0
737,716,65,100,2024-04-01,2024-04-07,1077,1077,PAID,0
738,716,65,100,2024-05-01,2024-05-02,1077,1077,PAID,0
739,716,65,100,2024-06-01,2024-06-08,1077,1077,PAID,0
740,716,65,100,2024-07-01,,1077,0,PENDING,697
741,716,65,100,2024-08-01,2024-08-05,1077,1077,PAID,0
742,716,65,100,2024-09-01,2024-09-04,1077,1077,PAID,0
743,716,65,100,2024-10-01,,1077,0,PENDING,605
744,716,65,100,2024-11-01,,1077,0,PENDING,574
745,716,65,100,2024-12-01,2024-12-03,1077,1077,PAID,0
746,716,65,100,2025-01-01,2025-01-08,1077,1077,PAID,0
747,716,65,100,2025-02-01,2025-02-09,1077,600,PARTIAL,0
748,716,65,100,2025-03-01,2025-03-07,1077,1077,PAID,0
749,1839,66,101,2025-07-01,2025-07-04,4075,4075,PAID,0
750,1839,66,101,2025-08-01,2025-08-09,4075,2123,PARTIAL,0
751,1839,66,101,2025-09-01,2025-09-08,4075,4075,PAID,0
752,1839,66,101,2025-10-01,2025-10-07,4075,4075,PAID,0
753,1839,66,101,2025-11-01,2025-11-02,4075,4075,PAID,0
754,1839,66,101,2025-12-01,2025-12-05,4075,4075,PAID,0
755,1839,66,101,2026-01-01,2026-01-08,4075,4075,PAID,0
756,1839,66,101,2026-02-01,2026-02-19,4075,2872,PARTIAL,0
757,1839,66,101,2026-03-01,,4075,0,OVERDUE,89
758,1839,66,101,2026-04-01,2026-04-01,4075,4075,PAID,0
759,1839,66,101,2026-05-01,,4075,0,OVERDUE,28
760,383,67,105,2024-10-01,2024-10-07,2793,2793,PAID,0
761,383,67,105,2024-11-01,2024-11-07,2793,2793,PAID,0
762,383,67,105,2024-12-01,2024-12-03,2793,2793,PAID,0
763,383,67,105,2025-01-01,2025-01-07,2793,2793,PAID,0
764,383,67,105,2025-02-01,2025-02-08,2793,2793,PAID,0
765,383,67,105,2025-03-01,,2793,0,OVERDUE,454
766,383,67,105,2025-04-01,2025-04-07,2793,2793,PAID,0
767,383,67,105,2025-05-01,2025-05-06,2793,2793,PAID,0
768,383,67,105,2025-06-01,2025-06-03,2793,2793,PAID,0
769,383,67,105,2025-07-01,2025-07-04,2793,2793,PAID,0
770,383,67,105,2025-08-01,2025-08-08,2793,2793,PAID,0
771,383,67,105,2025-09-01,,2793,0,PENDING,270
772,383,67,105,2025-10-01,2025-10-08,2793,2793,PAID,0
773,383,67,105,2025-11-01,2025-11-08,2793,2793,PAID,0
774,383,67,105,2025-12-01,2025-12-06,2793,2793,PAID,0
775,383,67,105,2026-01-01,,2793,0,OVERDUE,148
776,383,67,105,2026-02-01,2026-02-05,2793,2793,PAID,0
777,383,67,105,2026-03-01,2026-03-05,2793,2793,PAID,0
778,383,67,105,2026-04-01,2026-04-01,2793,2793,PAID,0
779,383,67,105,2026-05-01,2026-05-05,2793,2793,PAID,0
780,945,68,106,2024-11-01,,2271,0,OVERDUE,574
781,945,68,106,2024-12-01,,2271,0,PENDING,544
782,945,68,106,2025-01-01,2025-01-04,2271,2271,PAID,0
783,945,68,106,2025-02-01,2025-02-04,2271,2271,PAID,0
784,945,68,106,2025-03-01,2025-03-15,2271,871,PARTIAL,0
785,945,68,106,2025-04-01,2025-04-12,2271,803,PARTIAL,0
786,945,68,106,2025-05-01,2025-05-02,2271,2271,PAID,0
787,1510,69,107,2024-05-01,2024-05-01,1651,1651,PAID,0
788,1510,69,107,2024-06-01,2024-06-08,1651,1651,PAID,0
789,1510,69,107,2024-07-01,,1651,0,OVERDUE,697
790,1510,69,107,2024-08-01,2024-08-02,1651,1651,PAID,0
791,1510,69,107,2024-09-01,,1651,0,OVERDUE,635
792,1510,69,107,2024-10-01,2024-10-04,1651,1651,PAID,0
793,1510,69,107,2024-11-01,,1651,0,PENDING,574
794,1510,69,107,2024-12-01,,1651,0,PENDING,544
795,1510,69,107,2025-01-01,2025-01-02,1651,1651,PAID,0
796,1510,69,107,2025-02-01,2025-02-02,1651,1651,PAID,0
797,1510,69,107,2025-03-01,2025-03-08,1651,1651,PAID,0
798,1510,69,107,2025-04-01,2025-04-08,1651,1651,PAID,0
799,1510,69,107,2025-05-01,2025-05-07,1651,1651,PAID,0
800,1510,69,107,2025-06-01,2025-06-07,1651,1651,PAID,0
801,1510,69,107,2025-07-01,2025-07-03,1651,1651,PAID,0
802,1510,69,107,2025-08-01,2025-08-01,1651,1651,PAID,0
803,1510,69,107,2025-09-01,2025-09-03,1651,1651,PAID,0
804,1510,69,107,2025-10-01,2025-10-03,1651,1651,PAID,0
805,1229,70,109,2024-11-01,2024-11-04,2230,2230,PAID,0
806,1229,70,109,2024-12-01,2024-12-08,2230,2230,PAID,0
807,1229,70,109,2025-01-01,2025-01-12,2230,1323,PARTIAL,0
808,1229,70,109,2025-02-01,,2230,0,PENDING,482
809,1229,70,109,2025-03-01,2025-03-05,2230,2230,PAID,0
810,1229,70,109,2025-04-01,2025-04-07,2230,2230,PAID,0
811,1229,70,109,2025-05-01,2025-05-01,2230,2230,PAID,0
812,1229,70,109,2025-06-01,2025-06-06,2230,2230,PAID,0
813,1229,70,109,2025-07-01,2025-07-03,2230,2230,PAID,0
814,1229,70,109,2025-08-01,,2230,0,PENDING,301
815,1229,70,109,2025-09-01,2025-09-06,2230,2230,PAID,0
816,1229,70,109,2025-10-01,2025-10-01,2230,2230,PAID,0
817,1229,70,109,2025-11-01,2025-11-07,2230,2230,PAID,0
818,1492,71,110,2024-08-01,2024-08-07,2523,2523,PAID,0
819,1492,71,110,2024-09-01,2024-09-08,2523,2523,PAID,0
820,1492,71,110,2024-10-01,2024-10-05,2523,2523,PAID,0
821,1492,71,110,2024-11-01,,2523,0,PENDING,574
822,1492,71,110,2024-12-01,2024-12-04,2523,2523,PAID,0
823,1492,71,110,2025-01-01,,2523,0,PENDING,513
824,1492,71,110,2025-02-01,2025-02-05,2523,2523,PAID,0
825,1492,71,110,2025-03-01,2025-03-03,2523,2523,PAID,0
826,1492,71,110,2025-04-01,2025-04-02,2523,2523,PAID,0
827,1492,71,110,2025-05-01,2025-05-08,2523,2523,PAID,0
828,1492,71,110,2025-06-01,2025-06-06,2523,2523,PAID,0
829,1492,71,110,2025-07-01,,2523,0,PENDING,332
830,1492,71,110,2025-08-01,2025-08-01,2523,2523,PAID,0
831,1492,71,110,2025-09-01,2025-09-08,2523,2523,PAID,0
832,1492,71,110,2025-10-01,2025-10-03,2523,2523,PAID,0
833,1492,71,110,2025-11-01,2025-11-06,2523,2523,PAID,0
834,1492,71,110,2025-12-01,2025-12-07,2523,2523,PAID,0
835,1492,71,110,2026-01-01,2026-01-03,2523,2523,PAID,0
836,1492,71,110,2026-02-01,2026-02-08,2523,1584,PARTIAL,0
837,1754,72,112,2024-04-01,,3929,0,PENDING,788
838,1754,72,112,2024-05-01,2024-05-02,3929,3929,PAID,0
839,1754,72,112,2024-06-01,2024-06-08,3929,3929,PAID,0
840,1754,72,112,2024-07-01,2024-07-08,3929,3929,PAID,0
841,1754,72,112,2024-08-01,2024-08-05,3929,3929,PAID,0
842,1754,72,112,2024-09-01,2024-09-05,3929,3929,PAID,0
843,1754,72,112,2024-10-01,,3929,0,PENDING,605
844,1754,72,112,2024-11-01,2024-11-08,3929,3929,PAID,0
845,1754,72,112,2024-12-01,2024-12-01,3929,3929,PAID,0
846,1754,72,112,2025-01-01,2025-01-08,3929,3929,PAID,0
847,1754,72,112,2025-02-01,2025-02-08,3929,3929,PAID,0
848,1754,72,112,2025-03-01,2025-03-07,3929,3929,PAID,0
849,1754,72,112,2025-04-01,,3929,0,PENDING,423
850,1754,72,112,2025-05-01,2025-05-06,3929,3929,PAID,0
851,1754,72,112,2025-06-01,2025-06-06,3929,2462,PARTIAL,0
852,1754,72,112,2025-07-01,2025-07-06,3929,3929,PAID,0
853,1754,72,112,2025-08-01,2025-08-02,3929,3929,PAID,0
854,1754,72,112,2025-09-01,,3929,0,PENDING,270
855,1754,72,112,2025-10-01,2025-10-06,3929,3929,PAID,0
856,1754,72,112,2025-11-01,2025-11-04,3929,3929,PAID,0
857,1754,72,112,2025-12-01,2025-12-08,3929,2732,PARTIAL,0
858,1754,72,112,2026-01-01,2026-01-02,3929,3929,PAID,0
859,1754,72,112,2026-02-01,2026-02-07,3929,3929,PAID,0
860,1754,72,112,2026-03-01,2026-03-05,3929,3929,PAID,0
861,1754,72,112,2026-04-01,2026-04-02,3929,3929,PAID,0
862,130,73,113,2024-12-01,2024-12-06,1436,1436,PAID,0
863,130,73,113,2025-01-01,2025-01-06,1436,1436,PAID,0
864,130,73,113,2025-02-01,2025-02-02,1436,1436,PAID,0
865,130,73,113,2025-03-01,2025-03-02,1436,1436,PAID,0
866,130,73,113,2025-04-01,2025-04-08,1436,1436,PAID,0
867,130,73,113,2025-05-01,2025-05-07,1436,1436,PAID,0
868,130,73,113,2025-06-01,2025-06-04,1436,1436,PAID,0
869,130,73,113,2025-07-01,2025-07-02,1436,1436,PAID,0
870,130,73,113,2025-08-01,,1436,0,OVERDUE,301
871,130,73,113,2025-09-01,2025-09-08,1436,1436,PAID,0
872,130,73,113,2025-10-01,,1436,0,PENDING,240
873,130,73,113,2025-11-01,2025-11-05,1436,1436,PAID,0
874,130,73,113,2025-12-01,2025-12-04,1436,1436,PAID,0
875,130,73,113,2026-01-01,,1436,0,OVERDUE,148
876,130,73,113,2026-02-01,,1436,0,PENDING,117
877,130,73,113,2026-03-01,2026-03-06,1436,1436,PAID,0
878,130,73,113,2026-04-01,,1436,0,OVERDUE,58
879,130,73,113,2026-05-01,2026-05-05,1436,1436,PAID,0
880,1083,74,115,2024-10-01,2024-10-18,1018,457,PARTIAL,0
881,1083,74,115,2024-11-01,,1018,0,OVERDUE,574
882,1083,74,115,2024-12-01,2024-12-03,1018,1018,PAID,0
883,1083,74,115,2025-01-01,2025-01-01,1018,1018,PAID,0
884,1083,74,115,2025-02-01,2025-02-07,1018,1018,PAID,0
885,1083,74,115,2025-03-01,2025-03-03,1018,1018,PAID,0
886,1083,74,115,2025-04-01,2025-04-01,1018,1018,PAID,0
887,1083,74,115,2025-05-01,2025-05-06,1018,1018,PAID,0
888,1083,74,115,2025-06-01,,1018,0,OVERDUE,362
889,1083,74,115,2025-07-01,2025-07-07,1018,1018,PAID,0
890,1083,74,115,2025-08-01,2025-08-05,1018,1018,PAID,0
891,1083,74,115,2025-09-01,2025-09-01,1018,1018,PAID,0
892,1083,74,115,2025-10-01,2025-10-01,1018,1018,PAID,0
893,977,75,116,2024-03-01,2024-03-06,1648,1648,PAID,0
894,977,75,116,2024-04-01,2024-04-06,1648,1648,PAID,0
895,977,75,116,2024-05-01,2024-05-07,1648,1648,PAID,0
896,977,75,116,2024-06-01,2024-06-07,1648,1648,PAID,0
897,977,75,116,2024-07-01,2024-07-04,1648,1648,PAID,0
898,977,75,116,2024-08-01,,1648,0,PENDING,666
899,977,75,116,2024-09-01,2024-09-06,1648,1648,PAID,0
900,977,75,116,2024-10-01,2024-10-03,1648,1648,PAID,0
901,977,75,116,2024-11-01,2024-11-04,1648,1648,PAID,0
902,977,75,116,2024-12-01,2024-12-08,1648,1648,PAID,0
903,977,75,116,2025-01-01,2025-01-01,1648,1648,PAID,0
904,977,75,116,2025-02-01,2025-02-01,1648,1648,PAID,0
905,977,75,116,2025-03-01,2025-03-07,1648,1648,PAID,0
906,977,75,116,2025-04-01,2025-04-08,1648,1648,PAID,0
907,977,75,116,2025-05-01,2025-05-06,1648,970,PARTIAL,0
908,977,75,116,2025-06-01,2025-06-02,1648,1648,PAID,0
909,977,75,116,2025-07-01,2025-07-02,1648,1648,PAID,0
910,977,75,116,2025-08-01,2025-08-05,1648,1648,PAID,0
911,977,75,116,2025-09-01,,1648,0,PENDING,270
912,667,76,117,2025-01-01,2025-01-04,2881,2881,PAID,0
913,667,76,117,2025-02-01,2025-02-03,2881,2881,PAID,0
914,667,76,117,2025-03-01,,2881,0,PENDING,454
915,667,76,117,2025-04-01,2025-04-02,2881,2881,PAID,0
916,667,76,117,2025-05-01,2025-05-05,2881,2881,PAID,0
917,667,76,117,2025-06-01,2025-06-01,2881,2881,PAID,0
918,667,76,117,2025-07-01,2025-07-07,2881,2881,PAID,0
919,667,76,117,2025-08-01,2025-08-02,2881,2881,PAID,0
920,667,76,117,2025-09-01,2025-09-07,2881,2881,PAID,0
921,667,76,117,2025-10-01,2025-10-08,2881,2881,PAID,0
922,667,76,117,2025-11-01,,2881,0,PENDING,209
923,667,76,117,2025-12-01,2025-12-03,2881,2881,PAID,0
924,667,76,117,2026-01-01,2026-01-06,2881,2881,PAID,0
925,1451,77,119,2025-08-01,2025-08-08,3721,3721,PAID,0
926,1451,77,119,2025-09-01,2025-09-08,3721,3721,PAID,0
927,1451,77,119,2025-10-01,2025-10-05,3721,3721,PAID,0
928,1451,77,119,2025-11-01,2025-11-05,3721,3721,PAID,0
929,1451,77,119,2025-12-01,2025-12-01,3721,3721,PAID,0
930,1451,77,119,2026-01-01,,3721,0,PENDING,148
931,1451,77,119,2026-02-01,2026-02-03,3721,3721,PAID,0
932,1921,78,121,2024-08-01,,2616,0,OVERDUE,666
933,1921,78,121,2024-09-01,,2616,0,OVERDUE,635
934,1921,78,121,2024-10-01,2024-10-02,2616,2616,PAID,0
935,1921,78,121,2024-11-01,2024-11-02,2616,2616,PAID,0
936,1921,78,121,2024-12-01,,2616,0,PENDING,544
937,1921,78,121,2025-01-01,2025-01-04,2616,2616,PAID,0
938,1921,78,121,2025-02-01,2025-02-07,2616,2616,PAID,0
939,1921,78,121,2025-03-01,,2616,0,PENDING,454
940,1921,78,121,2025-04-01,2025-04-07,2616,2616,PAID,0
941,1921,78,121,2025-05-01,2025-05-08,2616,1828,PARTIAL,0
942,1921,78,121,2025-06-01,2025-06-06,2616,2616,PAID,0
943,1921,78,121,2025-07-01,2025-07-07,2616,2616,PAID,0
944,1921,78,121,2025-08-01,,2616,0,OVERDUE,301
945,1921,78,121,2025-09-01,2025-09-01,2616,2616,PAID,0
946,1921,78,121,2025-10-01,2025-10-07,2616,2616,PAID,0
947,1921,78,121,2025-11-01,2025-11-05,2616,2616,PAID,0
948,1921,78,121,2025-12-01,2025-12-06,2616,2616,PAID,0
949,1921,78,121,2026-01-01,2026-01-08,2616,2616,PAID,0
950,1566,79,122,2025-09-01,2025-09-07,1098,1098,PAID,0
951,1566,79,122,2025-10-01,2025-10-01,1098,1098,PAID,0
952,1566,79,122,2025-11-01,2025-11-01,1098,1098,PAID,0
953,1566,79,122,2025-12-01,2025-12-01,1098,1098,PAID,0
954,1566,79,122,2026-01-01,2026-01-04,1098,1098,PAID,0
955,1566,79,122,2026-02-01,2026-02-01,1098,1098,PAID,0
956,1566,79,122,2026-03-01,2026-03-03,1098,1098,PAID,0
957,1566,79,122,2026-04-01,2026-04-02,1098,1098,PAID,0
958,1566,79,122,2026-05-01,2026-05-07,1098,1098,PAID,0
959,1508,80,123,2025-10-01,2025-10-01,2067,2067,PAID,0
960,1508,80,123,2025-11-01,2025-11-02,2067,2067,PAID,0
961,1508,80,123,2025-12-01,2025-12-04,2067,2067,PAID,0
962,1508,80,123,2026-01-01,2026-01-02,2067,2067,PAID,0
963,1508,80,123,2026-02-01,2026-02-06,2067,1389,PARTIAL,0
964,1508,80,123,2026-03-01,2026-03-01,2067,2067,PAID,0
965,1508,80,123,2026-04-01,2026-04-03,2067,2067,PAID,0
966,1508,80,123,2026-05-01,2026-05-05,2067,2067,PAID,0
967,1928,81,124,2024-02-01,2024-02-04,1305,1305,PAID,0
968,1928,81,124,2024-03-01,2024-03-08,1305,1305,PAID,0
969,1928,81,124,2024-04-01,2024-04-08,1305,1305,PAID,0
970,1928,81,124,2024-05-01,2024-05-06,1305,1305,PAID,0
971,1928,81,124,2024-06-01,2024-06-02,1305,1305,PAID,0
972,1928,81,124,2024-07-01,2024-07-03,1305,1305,PAID,0
973,1928,81,124,2024-08-01,2024-08-06,1305,482,PARTIAL,0
974,1928,81,124,2024-09-01,2024-09-07,1305,1305,PAID,0
975,1928,81,124,2024-10-01,2024-10-08,1305,1305,PAID,0
976,1928,81,124,2024-11-01,2024-11-08,1305,1305,PAID,0
977,1928,81,124,2024-12-01,,1305,0,OVERDUE,544
978,1928,81,124,2025-01-01,2025-01-05,1305,1305,PAID,0
979,1928,81,124,2025-02-01,,1305,0,PENDING,482
980,1928,81,124,2025-03-01,2025-03-15,1305,953,PARTIAL,0
981,1928,81,124,2025-04-01,2025-04-05,1305,1305,PAID,0
982,1928,81,124,2025-05-01,2025-05-05,1305,1305,PAID,0
983,1928,81,124,2025-06-01,2025-06-06,1305,1305,PAID,0
984,1928,81,124,2025-07-01,2025-07-02,1305,1305,PAID,0
985,1928,81,124,2025-08-01,2025-08-01,1305,1305,PAID,0
986,1928,81,124,2025-09-01,2025-09-02,1305,1305,PAID,0
987,1928,81,124,2025-10-01,2025-10-07,1305,1305,PAID,0
988,1928,81,124,2025-11-01,2025-11-06,1305,1305,PAID,0
989,1928,81,124,2025-12-01,2025-12-05,1305,1305,PAID,0
990,1928,81,124,2026-01-01,,1305,0,OVERDUE,148
991,1928,81,124,2026-02-01,,1305,0,PENDING,117
992,1435,82,125,2025-08-01,2025-08-07,996,996,PAID,0
993,1435,82,125,2025-09-01,2025-09-08,996,693,PARTIAL,0
994,1435,82,125,2025-10-01,2025-10-06,996,996,PAID,0
995,1435,82,125,2025-11-01,2025-11-08,996,996,PAID,0
996,1435,82,125,2025-12-01,2025-12-01,996,996,PAID,0
997,1435,82,125,2026-01-01,2026-01-07,996,996,PAID,0
998,1435,82,125,2026-02-01,2026-02-04,996,996,PAID,0
999,41,83,126,2024-02-01,2024-02-12,1854,724,PARTIAL,0
1000,41,83,126,2024-03-01,2024-03-03,1854,1854,PAID,0
1001,41,83,126,2024-04-01,2024-04-07,1854,1854,PAID,0
1002,41,83,126,2024-05-01,2024-05-01,1854,1854,PAID,0
1003,41,83,126,2024-06-01,2024-06-03,1854,1854,PAID,0
1004,41,83,126,2024-07-01,2024-07-07,1854,1854,PAID,0
1005,41,83,126,2024-08-01,2024-08-04,1854,1854,PAID,0
1006,41,83,126,2024-09-01,2024-09-02,1854,1854,PAID,0
1007,41,83,126,2024-10-01,2024-10-06,1854,1854,PAID,0
1008,41,83,126,2024-11-01,2024-11-06,1854,1854,PAID,0
1009,41,83,126,2024-12-01,,1854,0,OVERDUE,544
1010,41,83,126,2025-01-01,2025-01-02,1854,1854,PAID,0
1011,41,83,126,2025-02-01,2025-02-02,1854,1854,PAID,0
1012,41,83,126,2025-03-01,2025-03-02,1854,1854,PAID,0
1013,41,83,126,2025-04-01,2025-04-01,1854,1854,PAID,0
1014,41,83,126,2025-05-01,2025-05-08,1854,1854,PAID,0
1015,41,83,126,2025-06-01,2025-06-06,1854,1854,PAID,0
1016,41,83,126,2025-07-01,2025-07-05,1854,1854,PAID,0
1017,41,83,126,2025-08-01,2025-08-04,1854,1854,PAID,0
1018,41,83,126,2025-09-01,2025-09-06,1854,1854,PAID,0
1019,41,83,126,2025-10-01,2025-10-05,1854,1854,PAID,0
1020,41,83,126,2025-11-01,2025-11-07,1854,1854,PAID,0
1021,41,83,126,2025-12-01,2025-12-17,1854,1201,PARTIAL,0
1022,41,83,126,2026-01-01,2026-01-06,1854,1854,PAID,0
1023,41,83,126,2026-02-01,2026-02-08,1854,1854,PAID,0
1024,832,84,127,2024-12-01,2024-12-06,2779,2779,PAID,0
1025,832,84,127,2025-01-01,2025-01-02,2779,2779,PAID,0
1026,832,84,127,2025-02-01,2025-02-02,2779,2779,PAID,0
1027,832,84,127,2025-03-01,2025-03-07,2779,2779,PAID,0
1028,832,84,127,2025-04-01,2025-04-05,2779,2779,PAID,0
1029,832,84,127,2025-05-01,,2779,0,PENDING,393
1030,832,84,127,2025-06-01,2025-06-04,2779,2779,PAID,0
1031,832,84,127,2025-07-01,2025-07-07,2779,2779,PAID,0
1032,832,84,127,2025-08-01,,2779,0,OVERDUE,301
1033,832,84,127,2025-09-01,2025-09-04,2779,2779,PAID,0
1034,832,84,127,2025-10-01,,2779,0,OVERDUE,240
1035,832,84,127,2025-11-01,2025-11-08,2779,2779,PAID,0
1036,832,84,127,2025-12-01,2025-12-08,2779,2779,PAID,0
1037,832,84,127,2026-01-01,2026-01-01,2779,2779,PAID,0
1038,832,84,127,2026-02-01,2026-02-08,2779,2779,PAID,0
1039,832,84,127,2026-03-01,2026-03-03,2779,2779,PAID,0
1040,832,84,127,2026-04-01,2026-04-17,2779,1744,PARTIAL,0
1041,832,84,127,2026-05-01,,2779,0,PENDING,28
1042,1952,85,128,2024-01-01,,1426,0,PENDING,879
1043,1952,85,128,2024-02-01,2024-02-05,1426,1426,PAID,0
1044,1952,85,128,2024-03-01,2024-03-01,1426,1426,PAID,0
1045,1952,85,128,2024-04-01,,1426,0,PENDING,788
1046,1952,85,128,2024-05-01,2024-05-03,1426,1426,PAID,0
1047,1952,85,128,2024-06-01,2024-06-06,1426,1426,PAID,0
1048,1952,85,128,2024-07-01,2024-07-04,1426,1426,PAID,0
1049,1952,85,128,2024-08-01,2024-08-03,1426,1426,PAID,0
1050,1952,85,128,2024-09-01,2024-09-08,1426,1426,PAID,0
1051,1952,85,128,2024-10-01,2024-10-03,1426,1426,PAID,0
1052,1952,85,128,2024-11-01,2024-11-07,1426,1426,PAID,0
1053,1952,85,128,2024-12-01,2024-12-01,1426,1426,PAID,0
1054,1952,85,128,2025-01-01,2025-01-03,1426,1426,PAID,0
1055,1952,85,128,2025-02-01,2025-02-03,1426,1426,PAID,0
1056,1952,85,128,2025-03-01,,1426,0,PENDING,454
1057,1952,85,128,2025-04-01,,1426,0,OVERDUE,423
1058,1952,85,128,2025-05-01,,1426,0,OVERDUE,393
1059,1952,85,128,2025-06-01,2025-06-03,1426,1426,PAID,0
1060,1952,85,128,2025-07-01,2025-07-08,1426,1426,PAID,0
1061,1952,85,128,2025-08-01,2025-08-04,1426,1426,PAID,0
1062,1952,85,128,2025-09-01,2025-09-03,1426,1426,PAID,0
1063,1952,85,128,2025-10-01,2025-10-06,1426,1426,PAID,0
1064,1952,85,128,2025-11-01,2025-11-01,1426,1426,PAID,0
1065,1952,85,128,2025-12-01,2025-12-03,1426,1426,PAID,0
1066,1952,85,128,2026-01-01,2026-01-02,1426,1426,PAID,0
1067,1835,86,129,2024-12-01,2024-12-01,962,962,PAID,0
1068,1835,86,129,2025-01-01,2025-01-04,962,962,PAID,0
1069,1835,86,129,2025-02-01,2025-02-03,962,962,PAID,0
1070,1835,86,129,2025-03-01,2025-03-05,962,962,PAID,0
1071,1835,86,129,2025-04-01,2025-04-05,962,962,PAID,0
1072,1835,86,129,2025-05-01,2025-05-02,962,962,PAID,0
1073,1835,86,129,2025-06-01,2025-06-03,962,962,PAID,0
1074,1835,86,129,2025-07-01,,962,0,OVERDUE,332
1075,1835,86,129,2025-08-01,2025-08-08,962,962,PAID,0
1076,1835,86,129,2025-09-01,2025-09-06,962,962,PAID,0
1077,1835,86,129,2025-10-01,,962,0,PENDING,240
1078,1835,86,129,2025-11-01,2025-11-05,962,962,PAID,0
1079,1835,86,129,2025-12-01,2025-12-03,962,962,PAID,0
1080,988,87,130,2024-03-01,,2483,0,OVERDUE,819
1081,988,87,130,2024-04-01,2024-04-08,2483,2483,PAID,0
1082,988,87,130,2024-05-01,2024-05-02,2483,2483,PAID,0
1083,988,87,130,2024-06-01,2024-06-04,2483,2483,PAID,0
1084,988,87,130,2024-07-01,2024-07-01,2483,2483,PAID,0
1085,988,87,130,2024-08-01,2024-08-07,2483,2483,PAID,0
1086,988,87,130,2024-09-01,,2483,0,PENDING,635
1087,988,87,130,2024-10-01,2024-10-09,2483,1537,PARTIAL,0
1088,988,87,130,2024-11-01,2024-11-07,2483,2483,PAID,0
1089,988,87,130,2024-12-01,2024-12-17,2483,1642,PARTIAL,0
1090,988,87,130,2025-01-01,,2483,0,OVERDUE,513
1091,988,87,130,2025-02-01,2025-02-08,2483,2483,PAID,0
1092,988,87,130,2025-03-01,2025-03-04,2483,2483,PAID,0
1093,988,87,130,2025-04-01,,2483,0,OVERDUE,423
1094,988,87,130,2025-05-01,2025-05-01,2483,2483,PAID,0
1095,988,87,130,2025-06-01,,2483,0,OVERDUE,362
1096,988,87,130,2025-07-01,2025-07-05,2483,2483,PAID,0
1097,988,87,130,2025-08-01,2025-08-01,2483,2483,PAID,0
1098,988,87,130,2025-09-01,,2483,0,OVERDUE,270
1099,988,87,130,2025-10-01,2025-10-04,2483,2483,PAID,0
1100,988,87,130,2025-11-01,2025-11-01,2483,2483,PAID,0
1101,988,87,130,2025-12-01,2025-12-01,2483,2483,PAID,0
1102,988,87,130,2026-01-01,2026-01-06,2483,2483,PAID,0
1103,988,87,130,2026-02-01,2026-02-05,2483,2483,PAID,0
1104,988,87,130,2026-03-01,2026-03-05,2483,2483,PAID,0
1105,1010,88,131,2025-11-01,2025-11-01,2687,2687,PAID,0
1106,1010,88,131,2025-12-01,2025-12-05,2687,2687,PAID,0
1107,1010,88,131,2026-01-01,2026-01-03,2687,2687,PAID,0
1108,1010,88,131,2026-02-01,,2687,0,OVERDUE,117
1109,1010,88,131,2026-03-01,2026-03-07,2687,2687,PAID,0
1110,1010,88,131,2026-04-01,2026-04-06,2687,2687,PAID,0
1111,1010,88,131,2026-05-01,2026-05-07,2687,2687,PAID,0
1112,195,89,133,2024-06-01,2024-06-03,1909,1909,PAID,0
1113,195,89,133,2024-07-01,2024-07-01,1909,1909,PAID,0
1114,195,89,133,2024-08-01,,1909,0,PENDING,666
1115,195,89,133,2024-09-01,2024-09-03,1909,1909,PAID,0
1116,195,89,133,2024-10-01,2024-10-01,1909,1909,PAID,0
1117,195,89,133,2024-11-01,2024-11-07,1909,1909,PAID,0
1118,195,89,133,2024-12-01,2024-12-06,1909,1909,PAID,0
1119,195,89,133,2025-01-01,2025-01-07,1909,1909,PAID,0
1120,195,89,133,2025-02-01,,1909,0,OVERDUE,482
1121,195,89,133,2025-03-01,,1909,0,PENDING,454
1122,195,89,133,2025-04-01,,1909,0,OVERDUE,423
1123,195,89,133,2025-05-01,2025-05-05,1909,1909,PAID,0
1124,195,89,133,2025-06-01,2025-06-05,1909,1909,PAID,0
1125,1333,90,134,2025-06-01,2025-06-08,1142,1142,PAID,0
1126,1333,90,134,2025-07-01,2025-07-04,1142,1142,PAID,0
1127,1333,90,134,2025-08-01,2025-08-04,1142,1142,PAID,0
1128,1333,90,134,2025-09-01,2025-09-17,1142,751,PARTIAL,0
1129,1333,90,134,2025-10-01,2025-10-05,1142,1142,PAID,0
1130,1333,90,134,2025-11-01,,1142,0,PENDING,209
1131,1333,90,134,2025-12-01,2025-12-02,1142,1142,PAID,0
1132,1333,90,134,2026-01-01,2026-01-07,1142,1142,PAID,0
1133,1333,90,134,2026-02-01,2026-02-06,1142,1142,PAID,0
1134,1333,90,134,2026-03-01,,1142,0,PENDING,89
1135,1333,90,134,2026-04-01,2026-04-05,1142,1142,PAID,0
1136,1333,90,134,2026-05-01,2026-05-04,1142,1142,PAID,0
1137,89,91,135,2025-11-01,2025-11-07,2640,2640,PAID,0
1138,89,91,135,2025-12-01,2025-12-07,2640,2640,PAID,0
1139,89,91,135,2026-01-01,2026-01-03,2640,2640,PAID,0
1140,89,91,135,2026-02-01,2026-02-04,2640,2640,PAID,0
1141,89,91,135,2026-03-01,2026-03-10,2640,1867,PARTIAL,0
1142,89,91,135,2026-04-01,2026-04-02,2640,2640,PAID,0
1143,89,91,135,2026-05-01,2026-05-02,2640,2640,PAID,0
1144,866,92,136,2025-01-01,2025-01-02,3709,3709,PAID,0
1145,866,92,136,2025-02-01,2025-02-05,3709,3709,PAID,0
1146,866,92,136,2025-03-01,2025-03-06,3709,3709,PAID,0
1147,866,92,136,2025-04-01,2025-04-01,3709,3709,PAID,0
1148,866,92,136,2025-05-01,2025-05-02,3709,3709,PAID,0
1149,866,92,136,2025-06-01,2025-06-08,3709,3709,PAID,0
1150,866,92,136,2025-07-01,2025-07-03,3709,3709,PAID,0
1151,866,92,136,2025-08-01,2025-08-04,3709,3709,PAID,0
1152,866,92,136,2025-09-01,,3709,0,PENDING,270
1153,866,92,136,2025-10-01,2025-10-17,3709,2656,PARTIAL,0
1154,866,92,136,2025-11-01,,3709,0,OVERDUE,209
1155,866,92,136,2025-12-01,2025-12-03,3709,3709,PAID,0
1156,866,92,136,2026-01-01,2026-01-08,3709,3709,PAID,0
1157,866,92,136,2026-02-01,2026-02-08,3709,3709,PAID,0
1158,866,92,136,2026-03-01,2026-03-03,3709,3709,PAID,0
1159,866,92,136,2026-04-01,,3709,0,OVERDUE,58
1160,866,92,136,2026-05-01,2026-05-08,3709,3709,PAID,0
1161,1548,93,137,2025-01-01,2025-01-08,1943,1943,PAID,0
1162,1548,93,137,2025-02-01,2025-02-05,1943,1943,PAID,0
1163,1548,93,137,2025-03-01,2025-03-01,1943,1943,PAID,0
1164,1548,93,137,2025-04-01,2025-04-02,1943,1943,PAID,0
1165,1548,93,137,2025-05-01,2025-05-09,1943,1222,PARTIAL,0
1166,1548,93,137,2025-06-01,2025-06-06,1943,1943,PAID,0
1167,1548,93,137,2025-07-01,2025-07-08,1943,1943,PAID,0
1168,1548,93,137,2025-08-01,2025-08-05,1943,1943,PAID,0
1169,1548,93,137,2025-09-01,2025-09-06,1943,1943,PAID,0
1170,1548,93,137,2025-10-01,2025-10-08,1943,1943,PAID,0
1171,1548,93,137,2025-11-01,2025-11-07,1943,1943,PAID,0
1172,1548,93,137,2025-12-01,2025-12-04,1943,1943,PAID,0
1173,1548,93,137,2026-01-01,2026-01-19,1943,1162,PARTIAL,0
1174,1548,93,137,2026-02-01,,1943,0,OVERDUE,117
1175,1548,93,137,2026-03-01,2026-03-07,1943,1943,PAID,0
1176,1548,93,137,2026-04-01,,1943,0,PENDING,58
1177,1548,93,137,2026-05-01,2026-05-01,1943,1943,PAID,0
1178,1289,94,139,2025-08-01,2025-08-03,2301,2301,PAID,0
1179,1289,94,139,2025-09-01,2025-09-07,2301,2301,PAID,0
1180,1289,94,139,2025-10-01,2025-10-01,2301,2301,PAID,0
1181,1289,94,139,2025-11-01,2025-11-06,2301,2301,PAID,0
1182,1289,94,139,2025-12-01,2025-12-06,2301,2301,PAID,0
1183,1289,94,139,2026-01-01,2026-01-07,2301,2301,PAID,0
1184,1289,94,139,2026-02-01,,2301,0,OVERDUE,117
1185,1289,94,139,2026-03-01,2026-03-07,2301,2301,PAID,0
1186,1289,94,139,2026-04-01,2026-04-06,2301,2301,PAID,0
1187,1289,94,139,2026-05-01,,2301,0,OVERDUE,28
1188,1482,95,140,2025-06-01,2025-06-03,3900,3900,PAID,0
1189,1482,95,140,2025-07-01,2025-07-07,3900,3900,PAID,0
1190,1482,95,140,2025-08-01,2025-08-01,3900,3900,PAID,0
1191,1482,95,140,2025-09-01,2025-09-08,3900,3900,PAID,0
1192,1482,95,140,2025-10-01,2025-10-07,3900,3900,PAID,0
1193,1482,95,140,2025-11-01,,3900,0,PENDING,209
1194,1482,95,140,2025-12-01,,3900,0,PENDING,179
1195,759,96,141,2024-07-01,2024-07-01,987,987,PAID,0
1196,759,96,141,2024-08-01,2024-08-07,987,987,PAID,0
1197,759,96,141,2024-09-01,2024-09-05,987,987,PAID,0
1198,759,96,141,2024-10-01,2024-10-03,987,987,PAID,0
1199,759,96,141,2024-11-01,2024-11-05,987,987,PAID,0
1200,759,96,141,2024-12-01,,987,0,PENDING,544
1201,759,96,141,2025-01-01,2025-01-08,987,987,PAID,0
1202,759,96,141,2025-02-01,,987,0,OVERDUE,482
1203,759,96,141,2025-03-01,2025-03-04,987,987,PAID,0
1204,759,96,141,2025-04-01,2025-04-07,987,987,PAID,0
1205,759,96,141,2025-05-01,,987,0,OVERDUE,393
1206,759,96,141,2025-06-01,2025-06-06,987,547,PARTIAL,0
1207,1691,97,144,2025-08-01,2025-08-06,1815,1815,PAID,0
1208,1691,97,144,2025-09-01,,1815,0,PENDING,270
1209,1691,97,144,2025-10-01,,1815,0,PENDING,240
1210,1691,97,144,2025-11-01,2025-11-08,1815,1815,PAID,0
1211,1691,97,144,2025-12-01,2025-12-04,1815,1815,PAID,0
1212,1691,97,144,2026-01-01,2026-01-01,1815,1815,PAID,0
1213,1691,97,144,2026-02-01,,1815,0,OVERDUE,117
1214,1691,97,144,2026-03-01,2026-03-05,1815,1815,PAID,0
1215,1691,97,144,2026-04-01,2026-04-04,1815,1815,PAID,0
1216,1691,97,144,2026-05-01,2026-05-07,1815,1815,PAID,0
1217,1192,98,145,2025-11-01,2025-11-01,3259,3259,PAID,0
1218,1192,98,145,2025-12-01,,3259,0,PENDING,179
1219,1192,98,145,2026-01-01,2026-01-01,3259,3259,PAID,0
1220,1192,98,145,2026-02-01,2026-02-04,3259,3259,PAID,0
1221,1192,98,145,2026-03-01,2026-03-05,3259,3259,PAID,0
1222,1192,98,145,2026-04-01,2026-04-04,3259,3259,PAID,0
1223,1192,98,145,2026-05-01,2026-05-01,3259,3259,PAID,0
1224,343,99,146,2025-06-01,2025-06-07,2345,2345,PAID,0
1225,343,99,146,2025-07-01,2025-07-08,2345,2345,PAID,0
1226,343,99,146,2025-08-01,2025-08-08,2345,2345,PAID,0
1227,343,99,146,2025-09-01,2025-09-05,2345,2345,PAID,0
1228,343,99,146,2025-10-01,2025-10-03,2345,2345,PAID,0
1229,343,99,146,2025-11-01,2025-11-02,2345,2345,PAID,0
1230,343,99,146,2025-12-01,2025-12-07,2345,2345,PAID,0
1231,343,99,146,2026-01-01,2026-01-01,2345,2345,PAID,0
1232,343,99,146,2026-02-01,2026-02-01,2345,2345,PAID,0
1233,343,99,146,2026-03-01,2026-03-06,2345,2345,PAID,0
1234,343,99,146,2026-04-01,2026-04-07,2345,2345,PAID,0
1235,343,99,146,2026-05-01,2026-05-08,2345,2345,PAID,0
1236,13,100,148,2025-09-01,2025-09-01,1717,1717,PAID,0
1237,13,100,148,2025-10-01,2025-10-08,1717,1717,PAID,0
1238,13,100,148,2025-11-01,2025-11-04,1717,1717,PAID,0
1239,13,100,148,2025-12-01,2025-12-01,1717,1717,PAID,0
1240,13,100,148,2026-01-01,,1717,0,OVERDUE,148
1241,13,100,148,2026-02-01,2026-02-01,1717,1717,PAID,0
1242,13,100,148,2026-03-01,2026-03-07,1717,1717,PAID,0
1243,13,100,148,2026-04-01,2026-04-05,1717,1717,PAID,0
1244,13,100,148,2026-05-01,2026-05-01,1717,1717,PAID,0
1245,1841,101,149,2024-01-01,,1944,0,PENDING,879
1246,1841,101,149,2024-02-01,2024-02-11,1944,1389,PARTIAL,0
1247,1841,101,149,2024-03-01,2024-03-03,1944,1944,PAID,0
1248,1841,101,149,2024-04-01,2024-04-05,1944,1944,PAID,0
1249,1841,101,149,2024-05-01,2024-05-01,1944,1944,PAID,0
1250,1841,101,149,2024-06-01,2024-06-05,1944,1944,PAID,0
1251,1841,101,149,2024-07-01,2024-07-04,1944,1944,PAID,0
1252,1841,101,149,2024-08-01,2024-08-08,1944,1944,PAID,0
1253,1841,101,149,2024-09-01,2024-09-08,1944,1944,PAID,0
1254,1841,101,149,2024-10-01,2024-10-07,1944,1944,PAID,0
1255,1841,101,149,2024-11-01,2024-11-06,1944,1944,PAID,0
1256,1841,101,149,2024-12-01,,1944,0,OVERDUE,544
1257,1841,101,149,2025-01-01,2025-01-05,1944,1944,PAID,0
1258,1914,102,150,2024-11-01,2024-11-07,3902,3902,PAID,0
1259,1914,102,150,2024-12-01,2024-12-03,3902,3902,PAID,0
1260,1914,102,150,2025-01-01,2025-01-03,3902,3902,PAID,0
1261,1914,102,150,2025-02-01,,3902,0,PENDING,482
1262,1914,102,150,2025-03-01,2025-03-07,3902,3902,PAID,0
1263,1914,102,150,2025-04-01,2025-04-05,3902,3902,PAID,0
1264,1914,102,150,2025-05-01,2025-05-07,3902,3902,PAID,0
1265,1914,102,150,2025-06-01,2025-06-04,3902,3902,PAID,0
1266,1914,102,150,2025-07-01,2025-07-07,3902,3902,PAID,0
1267,1914,102,150,2025-08-01,2025-08-06,3902,3902,PAID,0
1268,1914,102,150,2025-09-01,2025-09-07,3902,3902,PAID,0
1269,1914,102,150,2025-10-01,2025-10-05,3902,3902,PAID,0
1270,1103,103,152,2024-09-01,2024-09-07,4168,4168,PAID,0
1271,1103,103,152,2024-10-01,,4168,0,PENDING,605
1272,1103,103,152,2024-11-01,2024-11-04,4168,4168,PAID,0
1273,1103,103,152,2024-12-01,2024-12-08,4168,4168,PAID,0
1274,1103,103,152,2025-01-01,2025-01-01,4168,4168,PAID,0
1275,1103,103,152,2025-02-01,2025-02-03,4168,4168,PAID,0
1276,1103,103,152,2025-03-01,,4168,0,PENDING,454
1277,1103,103,152,2025-04-01,2025-04-02,4168,4168,PAID,0
1278,1103,103,152,2025-05-01,2025-05-02,4168,4168,PAID,0
1279,1103,103,152,2025-06-01,2025-06-03,4168,4168,PAID,0
1280,1103,103,152,2025-07-01,2025-07-03,4168,4168,PAID,0
1281,1103,103,152,2025-08-01,,4168,0,OVERDUE,301
1282,1103,103,152,2025-09-01,,4168,0,PENDING,270
1283,1071,104,154,2024-06-01,,3823,0,PENDING,727
1284,1071,104,154,2024-07-01,2024-07-07,3823,3823,PAID,0
1285,1071,104,154,2024-08-01,2024-08-01,3823,3823,PAID,0
1286,1071,104,154,2024-09-01,,3823,0,OVERDUE,635
1287,1071,104,154,2024-10-01,,3823,0,OVERDUE,605
1288,1071,104,154,2024-11-01,2024-11-08,3823,3823,PAID,0
1289,1071,104,154,2024-12-01,2024-12-04,3823,3823,PAID,0
1290,1071,104,154,2025-01-01,2025-01-02,3823,3823,PAID,0
1291,1071,104,154,2025-02-01,2025-02-01,3823,3823,PAID,0
1292,1071,104,154,2025-03-01,2025-03-08,3823,1686,PARTIAL,0
1293,1071,104,154,2025-04-01,2025-04-01,3823,3823,PAID,0
1294,1071,104,154,2025-05-01,2025-05-07,3823,3823,PAID,0
1295,1071,104,154,2025-06-01,2025-06-05,3823,3823,PAID,0
1296,1071,104,154,2025-07-01,,3823,0,PENDING,332
1297,1071,104,154,2025-08-01,2025-08-08,3823,3823,PAID,0
1298,1071,104,154,2025-09-01,2025-09-05,3823,3823,PAID,0
1299,1071,104,154,2025-10-01,,3823,0,PENDING,240
1300,1071,104,154,2025-11-01,2025-11-15,3823,1831,PARTIAL,0
1301,1071,104,154,2025-12-01,2025-12-08,3823,3823,PAID,0
1302,1071,104,154,2026-01-01,2026-01-06,3823,3823,PAID,0
1303,1071,104,154,2026-02-01,2026-02-02,3823,3823,PAID,0
1304,1071,104,154,2026-03-01,2026-03-19,3823,2170,PARTIAL,0
1305,1071,104,154,2026-04-01,2026-04-01,3823,3823,PAID,0
1306,1071,104,154,2026-05-01,,3823,0,PENDING,28
1307,206,105,156,2024-04-01,2024-04-08,1301,1301,PAID,0
1308,206,105,156,2024-05-01,2024-05-06,1301,1301,PAID,0
1309,206,105,156,2024-06-01,2024-06-06,1301,1301,PAID,0
1310,206,105,156,2024-07-01,2024-07-01,1301,1301,PAID,0
1311,206,105,156,2024-08-01,2024-08-05,1301,1301,PAID,0
1312,206,105,156,2024-09-01,2024-09-07,1301,1301,PAID,0
1313,206,105,156,2024-10-01,2024-10-04,1301,1301,PAID,0
1314,1340,106,158,2024-08-01,2024-08-08,2570,2570,PAID,0
1315,1340,106,158,2024-09-01,2024-09-01,2570,2570,PAID,0
1316,1340,106,158,2024-10-01,,2570,0,PENDING,605
1317,1340,106,158,2024-11-01,,2570,0,OVERDUE,574
1318,1340,106,158,2024-12-01,2024-12-07,2570,2570,PAID,0
1319,1340,106,158,2025-01-01,2025-01-04,2570,2570,PAID,0
1320,1340,106,158,2025-02-01,2025-02-02,2570,2570,PAID,0
1321,1666,107,159,2025-05-01,2025-05-01,2285,2285,PAID,0
1322,1666,107,159,2025-06-01,2025-06-06,2285,2285,PAID,0
1323,1666,107,159,2025-07-01,2025-07-02,2285,2285,PAID,0
1324,1666,107,159,2025-08-01,2025-08-07,2285,2285,PAID,0
1325,1666,107,159,2025-09-01,,2285,0,PENDING,270
1326,1666,107,159,2025-10-01,,2285,0,PENDING,240
1327,1666,107,159,2025-11-01,2025-11-03,2285,2285,PAID,0
1328,1666,107,159,2025-12-01,,2285,0,PENDING,179
1329,1666,107,159,2026-01-01,2026-01-08,2285,2285,PAID,0
1330,1666,107,159,2026-02-01,2026-02-07,2285,2285,PAID,0
1331,1666,107,159,2026-03-01,2026-03-01,2285,2285,PAID,0
1332,1666,107,159,2026-04-01,,2285,0,PENDING,58
1333,1666,107,159,2026-05-01,2026-05-03,2285,2285,PAID,0
1334,546,108,160,2024-04-01,2024-04-03,1297,1297,PAID,0
1335,546,108,160,2024-05-01,2024-05-03,1297,1297,PAID,0
1336,546,108,160,2024-06-01,2024-06-04,1297,1297,PAID,0
1337,546,108,160,2024-07-01,2024-07-07,1297,1297,PAID,0
1338,546,108,160,2024-08-01,2024-08-08,1297,1297,PAID,0
1339,546,108,160,2024-09-01,,1297,0,OVERDUE,635
1340,546,108,160,2024-10-01,2024-10-06,1297,1297,PAID,0
1341,507,109,161,2025-09-01,2025-09-08,3553,3553,PAID,0
1342,507,109,161,2025-10-01,2025-10-07,3553,3553,PAID,0
1343,507,109,161,2025-11-01,,3553,0,PENDING,209
1344,507,109,161,2025-12-01,,3553,0,PENDING,179
1345,507,109,161,2026-01-01,,3553,0,PENDING,148
1346,507,109,161,2026-02-01,2026-02-09,3553,1724,PARTIAL,0
1347,507,109,161,2026-03-01,2026-03-01,3553,3553,PAID,0
1348,507,109,161,2026-04-01,,3553,0,PENDING,58
1349,507,109,161,2026-05-01,2026-05-02,3553,3553,PAID,0
1350,1578,110,162,2024-10-01,2024-10-04,2522,2522,PAID,0
1351,1578,110,162,2024-11-01,2024-11-06,2522,2522,PAID,0
1352,1578,110,162,2024-12-01,2024-12-01,2522,2522,PAID,0
1353,1578,110,162,2025-01-01,2025-01-06,2522,2522,PAID,0
1354,1578,110,162,2025-02-01,2025-02-01,2522,2522,PAID,0
1355,1578,110,162,2025-03-01,2025-03-02,2522,2522,PAID,0
1356,1578,110,162,2025-04-01,2025-04-04,2522,2522,PAID,0
1357,1578,110,162,2025-05-01,2025-05-05,2522,2522,PAID,0
1358,1578,110,162,2025-06-01,2025-06-05,2522,2522,PAID,0
1359,1578,110,162,2025-07-01,2025-07-04,2522,2522,PAID,0
1360,1578,110,162,2025-08-01,2025-08-02,2522,2522,PAID,0
1361,1578,110,162,2025-09-01,2025-09-05,2522,2522,PAID,0
1362,1578,110,162,2025-10-01,,2522,0,OVERDUE,240
1363,154,111,163,2024-01-01,,2132,0,OVERDUE,879
1364,154,111,163,2024-02-01,2024-02-02,2132,2132,PAID,0
1365,154,111,163,2024-03-01,2024-03-04,2132,2132,PAID,0
1366,154,111,163,2024-04-01,2024-04-18,2132,1021,PARTIAL,0
1367,154,111,163,2024-05-01,2024-05-07,2132,2132,PAID,0
1368,154,111,163,2024-06-01,2024-06-08,2132,2132,PAID,0
1369,154,111,163,2024-07-01,2024-07-07,2132,2132,PAID,0
1370,154,111,163,2024-08-01,,2132,0,PENDING,666
1371,154,111,163,2024-09-01,2024-09-02,2132,2132,PAID,0
1372,154,111,163,2024-10-01,2024-10-08,2132,2132,PAID,0
1373,154,111,163,2024-11-01,,2132,0,PENDING,574
1374,154,111,163,2024-12-01,2024-12-08,2132,2132,PAID,0
1375,154,111,163,2025-01-01,2025-01-03,2132,2132,PAID,0
1376,154,111,163,2025-02-01,2025-02-05,2132,2132,PAID,0
1377,154,111,163,2025-03-01,,2132,0,PENDING,454
1378,154,111,163,2025-04-01,2025-04-06,2132,2132,PAID,0
1379,154,111,163,2025-05-01,2025-05-05,2132,2132,PAID,0
1380,154,111,163,2025-06-01,2025-06-08,2132,2132,PAID,0
1381,154,111,163,2025-07-01,2025-07-05,2132,2132,PAID,0
1382,154,111,163,2025-08-01,2025-08-04,2132,2132,PAID,0
1383,154,111,163,2025-09-01,,2132,0,PENDING,270
1384,154,111,163,2025-10-01,2025-10-07,2132,2132,PAID,0
1385,154,111,163,2025-11-01,,2132,0,OVERDUE,209
1386,154,111,163,2025-12-01,,2132,0,PENDING,179
1387,154,111,163,2026-01-01,2026-01-04,2132,2132,PAID,0
1388,1273,112,167,2024-06-01,,3521,0,OVERDUE,727
1389,1273,112,167,2024-07-01,2024-07-08,3521,3521,PAID,0
1390,1273,112,167,2024-08-01,2024-08-08,3521,3521,PAID,0
1391,1273,112,167,2024-09-01,2024-09-04,3521,3521,PAID,0
1392,1273,112,167,2024-10-01,,3521,0,PENDING,605
1393,1273,112,167,2024-11-01,2024-11-08,3521,3521,PAID,0
1394,1273,112,167,2024-12-01,2024-12-03,3521,3521,PAID,0
1395,261,113,170,2025-08-01,2025-08-03,1975,1975,PAID,0
1396,261,113,170,2025-09-01,2025-09-04,1975,1975,PAID,0
1397,261,113,170,2025-10-01,2025-10-07,1975,1975,PAID,0
1398,261,113,170,2025-11-01,2025-11-18,1975,1278,PARTIAL,0
1399,261,113,170,2025-12-01,2025-12-03,1975,1975,PAID,0
1400,261,113,170,2026-01-01,2026-01-02,1975,1975,PAID,0
1401,261,113,170,2026-02-01,2026-02-06,1975,1975,PAID,0
1402,957,114,171,2024-05-01,,3381,0,OVERDUE,758
1403,957,114,171,2024-06-01,2024-06-03,3381,3381,PAID,0
1404,957,114,171,2024-07-01,2024-07-09,3381,1489,PARTIAL,0
1405,957,114,171,2024-08-01,2024-08-07,3381,3381,PAID,0
1406,957,114,171,2024-09-01,,3381,0,PENDING,635
1407,957,114,171,2024-10-01,2024-10-02,3381,3381,PAID,0
1408,957,114,171,2024-11-01,2024-11-05,3381,3381,PAID,0
1409,957,114,171,2024-12-01,2024-12-07,3381,3381,PAID,0
1410,957,114,171,2025-01-01,,3381,0,PENDING,513
1411,957,114,171,2025-02-01,2025-02-08,3381,3381,PAID,0
1412,957,114,171,2025-03-01,,3381,0,OVERDUE,454
1413,957,114,171,2025-04-01,2025-04-07,3381,3381,PAID,0
1414,957,114,171,2025-05-01,,3381,0,PENDING,393
1415,957,114,171,2025-06-01,2025-06-07,3381,3381,PAID,0
1416,957,114,171,2025-07-01,2025-07-02,3381,3381,PAID,0
1417,957,114,171,2025-08-01,2025-08-06,3381,3381,PAID,0
1418,957,114,171,2025-09-01,2025-09-02,3381,3381,PAID,0
1419,957,114,171,2025-10-01,,3381,0,OVERDUE,240
1420,957,114,171,2025-11-01,2025-11-02,3381,3381,PAID,0
1421,957,114,171,2025-12-01,2025-12-08,3381,3381,PAID,0
1422,957,114,171,2026-01-01,2026-01-01,3381,3381,PAID,0
1423,957,114,171,2026-02-01,,3381,0,OVERDUE,117
1424,957,114,171,2026-03-01,,3381,0,OVERDUE,89
1425,957,114,171,2026-04-01,2026-04-02,3381,3381,PAID,0
1426,957,114,171,2026-05-01,2026-05-02,3381,3381,PAID,0
1427,1243,115,172,2025-08-01,2025-08-05,2175,2175,PAID,0
1428,1243,115,172,2025-09-01,,2175,0,OVERDUE,270
1429,1243,115,172,2025-10-01,2025-10-05,2175,2175,PAID,0
1430,1243,115,172,2025-11-01,,2175,0,PENDING,209
1431,1243,115,172,2025-12-01,2025-12-07,2175,2175,PAID,0
1432,1243,115,172,2026-01-01,2026-01-01,2175,2175,PAID,0
1433,1243,115,172,2026-02-01,2026-02-05,2175,2175,PAID,0
1434,1243,115,172,2026-03-01,,2175,0,PENDING,89
1435,1243,115,172,2026-04-01,2026-04-08,2175,2175,PAID,0
1436,1243,115,172,2026-05-01,,2175,0,PENDING,28
1437,911,116,173,2024-04-01,2024-04-03,1523,1523,PAID,0
1438,911,116,173,2024-05-01,2024-05-03,1523,1523,PAID,0
1439,911,116,173,2024-06-01,2024-06-05,1523,1523,PAID,0
1440,911,116,173,2024-07-01,2024-07-04,1523,1523,PAID,0
1441,911,116,173,2024-08-01,2024-08-18,1523,1102,PARTIAL,0
1442,911,116,173,2024-09-01,,1523,0,PENDING,635
1443,911,116,173,2024-10-01,2024-10-06,1523,1523,PAID,0
1444,911,116,173,2024-11-01,2024-11-17,1523,551,PARTIAL,0
1445,911,116,173,2024-12-01,2024-12-07,1523,1523,PAID,0
1446,911,116,173,2025-01-01,2025-01-03,1523,1523,PAID,0
1447,911,116,173,2025-02-01,2025-02-04,1523,1523,PAID,0
1448,911,116,173,2025-03-01,2025-03-08,1523,1523,PAID,0
1449,1959,117,174,2024-01-01,2024-01-07,1791,1791,PAID,0
1450,1959,117,174,2024-02-01,2024-02-12,1791,938,PARTIAL,0
1451,1959,117,174,2024-03-01,2024-03-03,1791,1791,PAID,0
1452,1959,117,174,2024-04-01,2024-04-17,1791,909,PARTIAL,0
1453,1959,117,174,2024-05-01,2024-05-03,1791,1791,PAID,0
1454,1959,117,174,2024-06-01,,1791,0,PENDING,727
1455,1959,117,174,2024-07-01,,1791,0,OVERDUE,697
1456,1959,117,174,2024-08-01,2024-08-03,1791,1791,PAID,0
1457,1959,117,174,2024-09-01,2024-09-04,1791,1791,PAID,0
1458,1959,117,174,2024-10-01,2024-10-01,1791,1791,PAID,0
1459,1959,117,174,2024-11-01,2024-11-04,1791,1791,PAID,0
1460,1959,117,174,2024-12-01,2024-12-07,1791,1791,PAID,0
1461,1959,117,174,2025-01-01,2025-01-07,1791,1791,PAID,0
1462,1959,117,174,2025-02-01,2025-02-01,1791,1791,PAID,0
1463,1959,117,174,2025-03-01,2025-03-08,1791,1791,PAID,0
1464,1959,117,174,2025-04-01,2025-04-06,1791,1791,PAID,0
1465,1959,117,174,2025-05-01,2025-05-05,1791,1791,PAID,0
1466,1959,117,174,2025-06-01,2025-06-07,1791,1791,PAID,0
1467,1959,117,174,2025-07-01,2025-07-05,1791,1791,PAID,0
1468,840,118,175,2024-11-01,2024-11-03,999,999,PAID,0
1469,840,118,175,2024-12-01,2024-12-06,999,999,PAID,0
1470,840,118,175,2025-01-01,2025-01-05,999,999,PAID,0
1471,840,118,175,2025-02-01,,999,0,PENDING,482
1472,840,118,175,2025-03-01,,999,0,OVERDUE,454
1473,840,118,175,2025-04-01,2025-04-05,999,999,PAID,0
1474,840,118,175,2025-05-01,2025-05-07,999,999,PAID,0
1475,840,118,175,2025-06-01,,999,0,PENDING,362
1476,840,118,175,2025-07-01,2025-07-07,999,999,PAID,0
1477,840,118,175,2025-08-01,2025-08-03,999,999,PAID,0
1478,840,118,175,2025-09-01,2025-09-02,999,999,PAID,0
1479,840,118,175,2025-10-01,2025-10-06,999,999,PAID,0
1480,840,118,175,2025-11-01,2025-11-07,999,999,PAID,0
1481,240,119,176,2025-02-01,,1113,0,OVERDUE,482
1482,240,119,176,2025-03-01,2025-03-06,1113,1113,PAID,0
1483,240,119,176,2025-04-01,2025-04-03,1113,1113,PAID,0
1484,240,119,176,2025-05-01,2025-05-08,1113,1113,PAID,0
1485,240,119,176,2025-06-01,2025-06-07,1113,1113,PAID,0
1486,240,119,176,2025-07-01,,1113,0,PENDING,332
1487,240,119,176,2025-08-01,2025-08-02,1113,1113,PAID,0
1488,944,120,177,2025-08-01,2025-08-01,1586,1586,PAID,0
1489,944,120,177,2025-09-01,2025-09-06,1586,1586,PAID,0
1490,944,120,177,2025-10-01,2025-10-03,1586,1586,PAID,0
1491,944,120,177,2025-11-01,2025-11-06,1586,1586,PAID,0
1492,944,120,177,2025-12-01,2025-12-04,1586,1586,PAID,0
1493,944,120,177,2026-01-01,,1586,0,PENDING,148
1494,944,120,177,2026-02-01,,1586,0,PENDING,117
1495,944,120,177,2026-03-01,2026-03-05,1586,1586,PAID,0
1496,944,120,177,2026-04-01,,1586,0,OVERDUE,58
1497,944,120,177,2026-05-01,2026-05-07,1586,1586,PAID,0
1498,1881,121,178,2024-01-01,2024-01-03,1439,1439,PAID,0
1499,1881,121,178,2024-02-01,2024-02-04,1439,1439,PAID,0
1500,1881,121,178,2024-03-01,2024-03-05,1439,1439,PAID,0
1501,1881,121,178,2024-04-01,2024-04-04,1439,1439,PAID,0
1502,1881,121,178,2024-05-01,,1439,0,OVERDUE,758
1503,1881,121,178,2024-06-01,2024-06-06,1439,1439,PAID,0
1504,1881,121,178,2024-07-01,2024-07-02,1439,1439,PAID,0
1505,1881,121,178,2024-08-01,2024-08-08,1439,1439,PAID,0
1506,1881,121,178,2024-09-01,2024-09-04,1439,1439,PAID,0
1507,1881,121,178,2024-10-01,2024-10-02,1439,1439,PAID,0
1508,1881,121,178,2024-11-01,2024-11-08,1439,1439,PAID,0
1509,1881,121,178,2024-12-01,2024-12-08,1439,1439,PAID,0
1510,1881,121,178,2025-01-01,2025-01-06,1439,1439,PAID,0
1511,1031,122,179,2025-08-01,2025-08-03,4109,4109,PAID,0
1512,1031,122,179,2025-09-01,,4109,0,PENDING,270
1513,1031,122,179,2025-10-01,2025-10-01,4109,4109,PAID,0
1514,1031,122,179,2025-11-01,2025-11-05,4109,4109,PAID,0
1515,1031,122,179,2025-12-01,2025-12-08,4109,4109,PAID,0
1516,1031,122,179,2026-01-01,2026-01-07,4109,4109,PAID,0
1517,1031,122,179,2026-02-01,2026-02-04,4109,4109,PAID,0
1518,1031,122,179,2026-03-01,2026-03-06,4109,4109,PAID,0
1519,1031,122,179,2026-04-01,2026-04-01,4109,4109,PAID,0
1520,1031,122,179,2026-05-01,2026-05-08,4109,4109,PAID,0
1521,1423,123,183,2025-10-01,2025-10-07,4114,1953,PARTIAL,0
1522,1423,123,183,2025-11-01,2025-11-06,4114,4114,PAID,0
1523,1423,123,183,2025-12-01,2025-12-02,4114,4114,PAID,0
1524,1423,123,183,2026-01-01,2026-01-07,4114,4114,PAID,0
1525,1423,123,183,2026-02-01,2026-02-07,4114,4114,PAID,0
1526,1423,123,183,2026-03-01,2026-03-02,4114,4114,PAID,0
1527,1423,123,183,2026-04-01,,4114,0,OVERDUE,58
1528,1423,123,183,2026-05-01,2026-05-02,4114,4114,PAID,0
1529,227,124,184,2024-09-01,2024-09-02,1375,1375,PAID,0
1530,227,124,184,2024-10-01,2024-10-07,1375,1375,PAID,0
1531,227,124,184,2024-11-01,2024-11-06,1375,1375,PAID,0
1532,227,124,184,2024-12-01,2024-12-03,1375,1375,PAID,0
1533,227,124,184,2025-01-01,2025-01-08,1375,1375,PAID,0
1534,227,124,184,2025-02-01,,1375,0,PENDING,482
1535,227,124,184,2025-03-01,2025-03-01,1375,1375,PAID,0
1536,227,124,184,2025-04-01,2025-04-07,1375,1375,PAID,0
1537,227,124,184,2025-05-01,,1375,0,PENDING,393
1538,227,124,184,2025-06-01,2025-06-04,1375,1375,PAID,0
1539,227,124,184,2025-07-01,,1375,0,OVERDUE,332
1540,227,124,184,2025-08-01,2025-08-06,1375,1375,PAID,0
1541,227,124,184,2025-09-01,,1375,0,OVERDUE,270
1542,227,124,184,2025-10-01,2025-10-04,1375,1375,PAID,0
1543,227,124,184,2025-11-01,2025-11-01,1375,1375,PAID,0
1544,227,124,184,2025-12-01,2025-12-04,1375,1375,PAID,0
1545,227,124,184,2026-01-01,2026-01-07,1375,1375,PAID,0
1546,227,124,184,2026-02-01,,1375,0,PENDING,117
1547,722,125,185,2024-03-01,2024-03-17,3328,2419,PARTIAL,0
1548,722,125,185,2024-04-01,,3328,0,OVERDUE,788
1549,722,125,185,2024-05-01,2024-05-06,3328,3328,PAID,0
1550,722,125,185,2024-06-01,,3328,0,OVERDUE,727
1551,722,125,185,2024-07-01,2024-07-05,3328,3328,PAID,0
1552,722,125,185,2024-08-01,2024-08-02,3328,3328,PAID,0
1553,722,125,185,2024-09-01,2024-09-03,3328,3328,PAID,0
1554,722,125,185,2024-10-01,2024-10-07,3328,3328,PAID,0
1555,722,125,185,2024-11-01,2024-11-02,3328,3328,PAID,0
1556,722,125,185,2024-12-01,2024-12-05,3328,3328,PAID,0
1557,722,125,185,2025-01-01,2025-01-03,3328,3328,PAID,0
1558,722,125,185,2025-02-01,2025-02-07,3328,3328,PAID,0
1559,722,125,185,2025-03-01,2025-03-04,3328,3328,PAID,0
1560,722,125,185,2025-04-01,2025-04-03,3328,3328,PAID,0
1561,722,125,185,2025-05-01,2025-05-03,3328,3328,PAID,0
1562,722,125,185,2025-06-01,2025-06-01,3328,3328,PAID,0
1563,722,125,185,2025-07-01,2025-07-09,3328,2321,PARTIAL,0
1564,722,125,185,2025-08-01,2025-08-03,3328,3328,PAID,0
1565,722,125,185,2025-09-01,2025-09-01,3328,3328,PAID,0
1566,722,125,185,2025-10-01,2025-10-03,3328,3328,PAID,0
1567,722,125,185,2025-11-01,2025-11-02,3328,3328,PAID,0
1568,722,125,185,2025-12-01,2025-12-17,3328,1982,PARTIAL,0
1569,722,125,185,2026-01-01,2026-01-02,3328,3328,PAID,0
1570,722,125,185,2026-02-01,2026-02-04,3328,3328,PAID,0
1571,1987,126,186,2024-04-01,2024-04-05,1780,1780,PAID,0
1572,1987,126,186,2024-05-01,2024-05-02,1780,1780,PAID,0
1573,1987,126,186,2024-06-01,2024-06-03,1780,1780,PAID,0
1574,1987,126,186,2024-07-01,2024-07-07,1780,1780,PAID,0
1575,1987,126,186,2024-08-01,,1780,0,OVERDUE,666
1576,1987,126,186,2024-09-01,2024-09-04,1780,1780,PAID,0
1577,1987,126,186,2024-10-01,2024-10-05,1780,1780,PAID,0
1578,1987,126,186,2024-11-01,2024-11-07,1780,1780,PAID,0
1579,1987,126,186,2024-12-01,2024-12-06,1780,1780,PAID,0
1580,1987,126,186,2025-01-01,2025-01-05,1780,1780,PAID,0
1581,1987,126,186,2025-02-01,2025-02-07,1780,1780,PAID,0
1582,1987,126,186,2025-03-01,2025-03-05,1780,1780,PAID,0
1583,1987,126,186,2025-04-01,2025-04-07,1780,1780,PAID,0
1584,1987,126,186,2025-05-01,,1780,0,PENDING,393
1585,1987,126,186,2025-06-01,2025-06-07,1780,1780,PAID,0
1586,1987,126,186,2025-07-01,2025-07-05,1780,1780,PAID,0
1587,1987,126,186,2025-08-01,2025-08-01,1780,1780,PAID,0
1588,1987,126,186,2025-09-01,2025-09-06,1780,1780,PAID,0
1589,1987,126,186,2025-10-01,2025-10-08,1780,1780,PAID,0
1590,1987,126,186,2025-11-01,2025-11-08,1780,1780,PAID,0
1591,1987,126,186,2025-12-01,2025-12-04,1780,1780,PAID,0
1592,1987,126,186,2026-01-01,2026-01-06,1780,1780,PAID,0
1593,1987,126,186,2026-02-01,2026-02-08,1780,1780,PAID,0
1594,1987,126,186,2026-03-01,,1780,0,PENDING,89
1595,1987,126,186,2026-04-01,2026-04-02,1780,1780,PAID,0
1596,1216,127,188,2024-10-01,2024-10-03,2606,2606,PAID,0
1597,1216,127,188,2024-11-01,2024-11-12,2606,1298,PARTIAL,0
1598,1216,127,188,2024-12-01,2024-12-02,2606,2606,PAID,0
1599,1216,127,188,2025-01-01,2025-01-07,2606,2606,PAID,0
1600,1216,127,188,2025-02-01,2025-02-11,2606,1733,PARTIAL,0
1601,1216,127,188,2025-03-01,,2606,0,PENDING,454
1602,1216,127,188,2025-04-01,2025-04-07,2606,2606,PAID,0
1603,1216,127,188,2025-05-01,2025-05-02,2606,2606,PAID,0
1604,1216,127,188,2025-06-01,2025-06-06,2606,2606,PAID,0
1605,1216,127,188,2025-07-01,2025-07-07,2606,2606,PAID,0
1606,1216,127,188,2025-08-01,,2606,0,PENDING,301
1607,1216,127,188,2025-09-01,2025-09-03,2606,2606,PAID,0
1608,1216,127,188,2025-10-01,2025-10-08,2606,2606,PAID,0
1609,859,128,190,2024-11-01,2024-11-05,3300,3300,PAID,0
1610,859,128,190,2024-12-01,,3300,0,OVERDUE,544
1611,859,128,190,2025-01-01,2025-01-06,3300,3300,PAID,0
1612,859,128,190,2025-02-01,2025-02-06,3300,3300,PAID,0
1613,859,128,190,2025-03-01,2025-03-07,3300,3300,PAID,0
1614,859,128,190,2025-04-01,2025-04-06,3300,3300,PAID,0
1615,859,128,190,2025-05-01,2025-05-03,3300,3300,PAID,0
1616,859,128,190,2025-06-01,2025-06-07,3300,3300,PAID,0
1617,859,128,190,2025-07-01,2025-07-03,3300,3300,PAID,0
1618,859,128,190,2025-08-01,2025-08-06,3300,3300,PAID,0
1619,859,128,190,2025-09-01,2025-09-03,3300,3300,PAID,0
1620,859,128,190,2025-10-01,2025-10-07,3300,3300,PAID,0
1621,1187,129,191,2025-02-01,,1956,0,OVERDUE,482
1622,1187,129,191,2025-03-01,2025-03-04,1956,1956,PAID,0
1623,1187,129,191,2025-04-01,2025-04-04,1956,1956,PAID,0
1624,1187,129,191,2025-05-01,,1956,0,OVERDUE,393
1625,1187,129,191,2025-06-01,2025-06-06,1956,1956,PAID,0
1626,1187,129,191,2025-07-01,2025-07-07,1956,1956,PAID,0
1627,1187,129,191,2025-08-01,2025-08-01,1956,1956,PAID,0
1628,1748,130,192,2025-06-01,2025-06-02,2914,2914,PAID,0
1629,1748,130,192,2025-07-01,2025-07-03,2914,2914,PAID,0
1630,1748,130,192,2025-08-01,2025-08-08,2914,2914,PAID,0
1631,1748,130,192,2025-09-01,2025-09-04,2914,2914,PAID,0
1632,1748,130,192,2025-10-01,2025-10-02,2914,2914,PAID,0
1633,1748,130,192,2025-11-01,2025-11-06,2914,2914,PAID,0
1634,1748,130,192,2025-12-01,,2914,0,PENDING,179
1635,1748,130,192,2026-01-01,2026-01-02,2914,2914,PAID,0
1636,1748,130,192,2026-02-01,2026-02-04,2914,2914,PAID,0
1637,1748,130,192,2026-03-01,2026-03-02,2914,2914,PAID,0
1638,1748,130,192,2026-04-01,2026-04-01,2914,2914,PAID,0
1639,1748,130,192,2026-05-01,2026-05-04,2914,2914,PAID,0
1640,1093,131,196,2025-02-01,2025-02-07,4121,4121,PAID,0
1641,1093,131,196,2025-03-01,2025-03-03,4121,4121,PAID,0
1642,1093,131,196,2025-04-01,2025-04-01,4121,4121,PAID,0
1643,1093,131,196,2025-05-01,,4121,0,OVERDUE,393
1644,1093,131,196,2025-06-01,2025-06-07,4121,4121,PAID,0
1645,1093,131,196,2025-07-01,,4121,0,PENDING,332
1646,1093,131,196,2025-08-01,,4121,0,OVERDUE,301
1647,1093,131,196,2025-09-01,,4121,0,OVERDUE,270
1648,1093,131,196,2025-10-01,2025-10-03,4121,4121,PAID,0
1649,1093,131,196,2025-11-01,2025-11-05,4121,4121,PAID,0
1650,1093,131,196,2025-12-01,2025-12-02,4121,4121,PAID,0
1651,1093,131,196,2026-01-01,2026-01-02,4121,4121,PAID,0
1652,1093,131,196,2026-02-01,2026-02-12,4121,2734,PARTIAL,0
1653,1318,132,197,2024-08-01,2024-08-05,3790,3790,PAID,0
1654,1318,132,197,2024-09-01,,3790,0,PENDING,635
1655,1318,132,197,2024-10-01,2024-10-03,3790,3790,PAID,0
1656,1318,132,197,2024-11-01,2024-11-05,3790,3790,PAID,0
1657,1318,132,197,2024-12-01,,3790,0,PENDING,544
1658,1318,132,197,2025-01-01,2025-01-03,3790,3790,PAID,0
1659,1318,132,197,2025-02-01,2025-02-05,3790,3790,PAID,0
1660,1318,132,197,2025-03-01,2025-03-07,3790,3790,PAID,0
1661,1318,132,197,2025-04-01,2025-04-04,3790,3790,PAID,0
1662,1318,132,197,2025-05-01,2025-05-08,3790,3790,PAID,0
1663,1318,132,197,2025-06-01,2025-06-05,3790,3790,PAID,0
1664,1318,132,197,2025-07-01,2025-07-07,3790,3790,PAID,0
1665,1318,132,197,2025-08-01,,3790,0,PENDING,301
1666,506,133,201,2025-09-01,2025-09-02,3190,3190,PAID,0
1667,506,133,201,2025-10-01,2025-10-07,3190,1348,PARTIAL,0
1668,506,133,201,2025-11-01,2025-11-07,3190,3190,PAID,0
1669,506,133,201,2025-12-01,2025-12-08,3190,3190,PAID,0
1670,506,133,201,2026-01-01,2026-01-07,3190,3190,PAID,0
1671,506,133,201,2026-02-01,2026-02-01,3190,3190,PAID,0
1672,506,133,201,2026-03-01,2026-03-04,3190,3190,PAID,0
1673,506,133,201,2026-04-01,2026-04-04,3190,3190,PAID,0
1674,506,133,201,2026-05-01,2026-05-01,3190,3190,PAID,0
1675,1109,134,202,2024-08-01,2024-08-07,1342,1342,PAID,0
1676,1109,134,202,2024-09-01,2024-09-06,1342,1342,PAID,0
1677,1109,134,202,2024-10-01,,1342,0,PENDING,605
1678,1109,134,202,2024-11-01,2024-11-02,1342,1342,PAID,0
1679,1109,134,202,2024-12-01,2024-12-04,1342,1342,PAID,0
1680,1109,134,202,2025-01-01,2025-01-05,1342,1342,PAID,0
1681,1109,134,202,2025-02-01,2025-02-01,1342,1342,PAID,0
1682,1109,134,202,2025-03-01,2025-03-02,1342,1342,PAID,0
1683,1109,134,202,2025-04-01,2025-04-04,1342,1342,PAID,0
1684,1109,134,202,2025-05-01,2025-05-05,1342,1342,PAID,0
1685,1109,134,202,2025-06-01,2025-06-07,1342,1342,PAID,0
1686,1109,134,202,2025-07-01,,1342,0,PENDING,332
1687,1419,135,203,2024-03-01,2024-03-04,1285,1285,PAID,0
1688,1419,135,203,2024-04-01,,1285,0,OVERDUE,788
1689,1419,135,203,2024-05-01,2024-05-02,1285,1285,PAID,0
1690,1419,135,203,2024-06-01,2024-06-05,1285,1285,PAID,0
1691,1419,135,203,2024-07-01,2024-07-01,1285,1285,PAID,0
1692,1419,135,203,2024-08-01,,1285,0,OVERDUE,666
1693,613,136,205,2024-11-01,,3090,0,PENDING,574
1694,613,136,205,2024-12-01,2024-12-04,3090,3090,PAID,0
1695,613,136,205,2025-01-01,2025-01-05,3090,3090,PAID,0
1696,613,136,205,2025-02-01,,3090,0,OVERDUE,482
1697,613,136,205,2025-03-01,2025-03-07,3090,3090,PAID,0
1698,613,136,205,2025-04-01,2025-04-05,3090,3090,PAID,0
1699,613,136,205,2025-05-01,2025-05-02,3090,3090,PAID,0
1700,613,136,205,2025-06-01,2025-06-01,3090,3090,PAID,0
1701,613,136,205,2025-07-01,,3090,0,PENDING,332
1702,613,136,205,2025-08-01,2025-08-03,3090,3090,PAID,0
1703,613,136,205,2025-09-01,,3090,0,OVERDUE,270
1704,613,136,205,2025-10-01,2025-10-07,3090,3090,PAID,0
1705,613,136,205,2025-11-01,,3090,0,PENDING,209
1706,613,136,205,2025-12-01,,3090,0,OVERDUE,179
1707,613,136,205,2026-01-01,2026-01-01,3090,3090,PAID,0
1708,613,136,205,2026-02-01,2026-02-02,3090,3090,PAID,0
1709,613,136,205,2026-03-01,,3090,0,PENDING,89
1710,613,136,205,2026-04-01,2026-04-04,3090,3090,PAID,0
1711,613,136,205,2026-05-01,2026-05-02,3090,3090,PAID,0
1712,717,137,206,2025-10-01,,1634,0,OVERDUE,240
1713,717,137,206,2025-11-01,2025-11-05,1634,1634,PAID,0
1714,717,137,206,2025-12-01,2025-12-06,1634,1634,PAID,0
1715,717,137,206,2026-01-01,2026-01-05,1634,1634,PAID,0
1716,717,137,206,2026-02-01,,1634,0,OVERDUE,117
1717,717,137,206,2026-03-01,2026-03-09,1634,780,PARTIAL,0
1718,717,137,206,2026-04-01,2026-04-01,1634,1634,PAID,0
1719,717,137,206,2026-05-01,2026-05-02,1634,1634,PAID,0
1720,1354,138,207,2024-09-01,2024-09-02,3228,3228,PAID,0
1721,1354,138,207,2024-10-01,2024-10-07,3228,3228,PAID,0
1722,1354,138,207,2024-11-01,2024-11-06,3228,3228,PAID,0
1723,1354,138,207,2024-12-01,,3228,0,PENDING,544
1724,1354,138,207,2025-01-01,2025-01-02,3228,3228,PAID,0
1725,1354,138,207,2025-02-01,,3228,0,PENDING,482
1726,1354,138,207,2025-03-01,2025-03-03,3228,3228,PAID,0
1727,1019,139,209,2025-01-01,,2600,0,PENDING,513
1728,1019,139,209,2025-02-01,2025-02-05,2600,2600,PAID,0
1729,1019,139,209,2025-03-01,,2600,0,OVERDUE,454
1730,1019,139,209,2025-04-01,,2600,0,PENDING,423
1731,1019,139,209,2025-05-01,2025-05-10,2600,1852,PARTIAL,0
1732,1019,139,209,2025-06-01,2025-06-01,2600,2600,PAID,0
1733,1019,139,209,2025-07-01,2025-07-02,2600,2600,PAID,0
1734,1019,139,209,2025-08-01,2025-08-02,2600,2600,PAID,0
1735,1019,139,209,2025-09-01,2025-09-08,2600,2600,PAID,0
1736,1019,139,209,2025-10-01,,2600,0,PENDING,240
1737,1019,139,209,2025-11-01,2025-11-03,2600,2600,PAID,0
1738,1019,139,209,2025-12-01,,2600,0,OVERDUE,179
1739,1019,139,209,2026-01-01,,2600,0,OVERDUE,148
1740,365,140,210,2025-08-01,2025-08-04,3801,3801,PAID,0
1741,365,140,210,2025-09-01,2025-09-13,3801,2621,PARTIAL,0
1742,365,140,210,2025-10-01,2025-10-07,3801,3801,PAID,0
1743,365,140,210,2025-11-01,2025-11-07,3801,3801,PAID,0
1744,365,140,210,2025-12-01,2025-12-02,3801,3801,PAID,0
1745,365,140,210,2026-01-01,2026-01-02,3801,3801,PAID,0
1746,365,140,210,2026-02-01,2026-02-08,3801,3801,PAID,0
1747,365,140,210,2026-03-01,2026-03-02,3801,3801,PAID,0
1748,365,140,210,2026-04-01,2026-04-07,3801,3801,PAID,0
1749,365,140,210,2026-05-01,2026-05-05,3801,3801,PAID,0
1750,1505,141,214,2024-04-01,2024-04-03,3601,3601,PAID,0
1751,1505,141,214,2024-05-01,2024-05-05,3601,3601,PAID,0
1752,1505,141,214,2024-06-01,,3601,0,PENDING,727
1753,1505,141,214,2024-07-01,2024-07-04,3601,3601,PAID,0
1754,1505,141,214,2024-08-01,2024-08-06,3601,3601,PAID,0
1755,1505,141,214,2024-09-01,2024-09-01,3601,3601,PAID,0
1756,1505,141,214,2024-10-01,2024-10-07,3601,3601,PAID,0
1757,1384,142,215,2024-09-01,2024-09-08,2201,1112,PARTIAL,0
1758,1384,142,215,2024-10-01,2024-10-05,2201,2201,PAID,0
1759,1384,142,215,2024-11-01,,2201,0,PENDING,574
1760,1384,142,215,2024-12-01,2024-12-06,2201,2201,PAID,0
1761,1384,142,215,2025-01-01,2025-01-08,2201,2201,PAID,0
1762,1384,142,215,2025-02-01,2025-02-02,2201,2201,PAID,0
1763,1384,142,215,2025-03-01,2025-03-06,2201,2201,PAID,0
1764,1384,142,215,2025-04-01,2025-04-02,2201,2201,PAID,0
1765,1384,142,215,2025-05-01,,2201,0,OVERDUE,393
1766,1384,142,215,2025-06-01,2025-06-05,2201,2201,PAID,0
1767,1384,142,215,2025-07-01,2025-07-06,2201,2201,PAID,0
1768,1384,142,215,2025-08-01,2025-08-05,2201,2201,PAID,0
1769,1384,142,215,2025-09-01,2025-09-04,2201,2201,PAID,0
1770,1384,142,215,2025-10-01,2025-10-06,2201,1095,PARTIAL,0
1771,1384,142,215,2025-11-01,2025-11-06,2201,2201,PAID,0
1772,1384,142,215,2025-12-01,2025-12-06,2201,2201,PAID,0
1773,1384,142,215,2026-01-01,,2201,0,OVERDUE,148
1774,1384,142,215,2026-02-01,,2201,0,OVERDUE,117
1775,1384,142,215,2026-03-01,2026-03-06,2201,2201,PAID,0
1776,35,143,218,2025-11-01,2025-11-05,3761,3761,PAID,0
1777,35,143,218,2025-12-01,,3761,0,OVERDUE,179
1778,35,143,218,2026-01-01,,3761,0,PENDING,148
1779,35,143,218,2026-02-01,2026-02-02,3761,3761,PAID,0
1780,35,143,218,2026-03-01,2026-03-07,3761,3761,PAID,0
1781,35,143,218,2026-04-01,2026-04-06,3761,3761,PAID,0
1782,35,143,218,2026-05-01,2026-05-01,3761,3761,PAID,0
1783,1467,144,220,2025-04-01,2025-04-01,1440,1440,PAID,0
1784,1467,144,220,2025-05-01,2025-05-01,1440,1440,PAID,0
1785,1467,144,220,2025-06-01,2025-06-05,1440,1440,PAID,0
1786,1467,144,220,2025-07-01,2025-07-04,1440,1440,PAID,0
1787,1467,144,220,2025-08-01,2025-08-07,1440,1440,PAID,0
1788,1467,144,220,2025-09-01,2025-09-07,1440,1440,PAID,0
1789,1467,144,220,2025-10-01,,1440,0,PENDING,240
1790,1467,144,220,2025-11-01,2025-11-08,1440,1440,PAID,0
1791,1467,144,220,2025-12-01,2025-12-02,1440,1440,PAID,0
1792,1467,144,220,2026-01-01,,1440,0,PENDING,148
1793,1467,144,220,2026-02-01,2026-02-07,1440,1440,PAID,0
1794,1467,144,220,2026-03-01,2026-03-01,1440,1440,PAID,0
1795,1467,144,220,2026-04-01,2026-04-02,1440,1440,PAID,0
1796,1467,144,220,2026-05-01,2026-05-03,1440,1440,PAID,0
1797,1684,145,221,2024-01-01,2024-01-07,3534,3534,PAID,0
1798,1684,145,221,2024-02-01,2024-02-02,3534,3534,PAID,0
1799,1684,145,221,2024-03-01,2024-03-03,3534,3534,PAID,0
1800,1684,145,221,2024-04-01,2024-04-03,3534,3534,PAID,0
1801,1684,145,221,2024-05-01,2024-05-03,3534,3534,PAID,0
1802,1684,145,221,2024-06-01,2024-06-03,3534,3534,PAID,0
1803,1684,145,221,2024-07-01,2024-07-05,3534,3534,PAID,0
1804,1684,145,221,2024-08-01,2024-08-03,3534,3534,PAID,0
1805,1684,145,221,2024-09-01,2024-09-06,3534,3534,PAID,0
1806,1684,145,221,2024-10-01,2024-10-15,3534,2078,PARTIAL,0
1807,1684,145,221,2024-11-01,2024-11-05,3534,3534,PAID,0
1808,1684,145,221,2024-12-01,2024-12-05,3534,3534,PAID,0
1809,1684,145,221,2025-01-01,2025-01-02,3534,3534,PAID,0
1810,1499,146,222,2025-03-01,2025-03-02,3544,3544,PAID,0
1811,1499,146,222,2025-04-01,2025-04-04,3544,3544,PAID,0
1812,1499,146,222,2025-05-01,2025-05-01,3544,3544,PAID,0
1813,1499,146,222,2025-06-01,,3544,0,PENDING,362
1814,1499,146,222,2025-07-01,,3544,0,OVERDUE,332
1815,1499,146,222,2025-08-01,2025-08-06,3544,3544,PAID,0
1816,1499,146,222,2025-09-01,2025-09-13,3544,2555,PARTIAL,0
1817,1499,146,222,2025-10-01,2025-10-03,3544,3544,PAID,0
1818,1499,146,222,2025-11-01,,3544,0,OVERDUE,209
1819,1499,146,222,2025-12-01,2025-12-07,3544,3544,PAID,0
1820,1499,146,222,2026-01-01,2026-01-06,3544,3544,PAID,0
1821,1499,146,222,2026-02-01,,3544,0,OVERDUE,117
1822,1499,146,222,2026-03-01,2026-03-01,3544,3544,PAID,0
1823,1499,146,222,2026-04-01,2026-04-08,3544,3544,PAID,0
1824,1499,146,222,2026-05-01,2026-05-01,3544,3544,PAID,0
1825,309,147,223,2024-12-01,2024-12-01,1876,1876,PAID,0
1826,309,147,223,2025-01-01,,1876,0,PENDING,513
1827,309,147,223,2025-02-01,2025-02-05,1876,1876,PAID,0
1828,309,147,223,2025-03-01,2025-03-05,1876,1876,PAID,0
1829,309,147,223,2025-04-01,,1876,0,OVERDUE,423
1830,309,147,223,2025-05-01,2025-05-06,1876,1876,PAID,0
1831,309,147,223,2025-06-01,2025-06-02,1876,1876,PAID,0
1832,309,147,223,2025-07-01,2025-07-03,1876,1876,PAID,0
1833,309,147,223,2025-08-01,,1876,0,PENDING,301
1834,309,147,223,2025-09-01,2025-09-02,1876,1876,PAID,0
1835,309,147,223,2025-10-01,,1876,0,OVERDUE,240
1836,309,147,223,2025-11-01,2025-11-08,1876,1876,PAID,0
1837,309,147,223,2025-12-01,2025-12-08,1876,1876,PAID,0
1838,1437,148,224,2025-06-01,2025-06-03,2353,2353,PAID,0
1839,1437,148,224,2025-07-01,2025-07-03,2353,2353,PAID,0
1840,1437,148,224,2025-08-01,2025-08-04,2353,2353,PAID,0
1841,1437,148,224,2025-09-01,2025-09-04,2353,2353,PAID,0
1842,1437,148,224,2025-10-01,2025-10-08,2353,2353,PAID,0
1843,1437,148,224,2025-11-01,2025-11-14,2353,1428,PARTIAL,0
1844,1437,148,224,2025-12-01,2025-12-16,2353,1760,PARTIAL,0
1845,801,149,225,2024-09-01,2024-09-02,2486,2486,PAID,0
1846,801,149,225,2024-10-01,2024-10-02,2486,2486,PAID,0
1847,801,149,225,2024-11-01,2024-11-08,2486,2486,PAID,0
1848,801,149,225,2024-12-01,2024-12-04,2486,2486,PAID,0
1849,801,149,225,2025-01-01,,2486,0,PENDING,513
1850,801,149,225,2025-02-01,2025-02-01,2486,2486,PAID,0
1851,801,149,225,2025-03-01,2025-03-06,2486,2486,PAID,0
1852,772,150,228,2024-02-01,2024-02-06,1800,1800,PAID,0
1853,772,150,228,2024-03-01,,1800,0,OVERDUE,819
1854,772,150,228,2024-04-01,,1800,0,PENDING,788
1855,772,150,228,2024-05-01,2024-05-05,1800,1800,PAID,0
1856,772,150,228,2024-06-01,2024-06-01,1800,1800,PAID,0
1857,772,150,228,2024-07-01,2024-07-05,1800,1800,PAID,0
1858,772,150,228,2024-08-01,2024-08-01,1800,1800,PAID,0
1859,755,151,230,2025-04-01,,1516,0,PENDING,423
1860,755,151,230,2025-05-01,2025-05-07,1516,1516,PAID,0
1861,755,151,230,2025-06-01,2025-06-01,1516,1516,PAID,0
1862,755,151,230,2025-07-01,2025-07-06,1516,1516,PAID,0
1863,755,151,230,2025-08-01,,1516,0,OVERDUE,301
1864,755,151,230,2025-09-01,2025-09-07,1516,1516,PAID,0
1865,755,151,230,2025-10-01,2025-10-02,1516,1516,PAID,0
1866,755,151,230,2025-11-01,2025-11-07,1516,1516,PAID,0
1867,755,151,230,2025-12-01,2025-12-08,1516,1516,PAID,0
1868,755,151,230,2026-01-01,2026-01-08,1516,1516,PAID,0
1869,755,151,230,2026-02-01,2026-02-06,1516,1516,PAID,0
1870,755,151,230,2026-03-01,2026-03-01,1516,1516,PAID,0
1871,755,151,230,2026-04-01,2026-04-06,1516,1516,PAID,0
1872,1426,152,231,2025-07-01,2025-07-07,1413,1413,PAID,0
1873,1426,152,231,2025-08-01,2025-08-04,1413,1413,PAID,0
1874,1426,152,231,2025-09-01,2025-09-02,1413,1413,PAID,0
1875,1426,152,231,2025-10-01,2025-10-01,1413,1413,PAID,0
1876,1426,152,231,2025-11-01,2025-11-04,1413,1413,PAID,0
1877,1426,152,231,2025-12-01,2025-12-05,1413,1413,PAID,0
1878,1426,152,231,2026-01-01,2026-01-07,1413,1413,PAID,0
1879,1426,152,231,2026-02-01,2026-02-03,1413,1413,PAID,0
1880,1426,152,231,2026-03-01,2026-03-07,1413,1413,PAID,0
1881,1426,152,231,2026-04-01,2026-04-05,1413,1413,PAID,0
1882,1426,152,231,2026-05-01,2026-05-08,1413,1413,PAID,0
1883,1953,153,232,2024-02-01,,3753,0,PENDING,848
1884,1953,153,232,2024-03-01,2024-03-01,3753,3753,PAID,0
1885,1953,153,232,2024-04-01,2024-04-03,3753,3753,PAID,0
1886,1953,153,232,2024-05-01,2024-05-03,3753,3753,PAID,0
1887,1953,153,232,2024-06-01,,3753,0,OVERDUE,727
1888,1953,153,232,2024-07-01,2024-07-05,3753,3753,PAID,0
1889,1953,153,232,2024-08-01,2024-08-01,3753,3753,PAID,0
1890,1953,153,232,2024-09-01,2024-09-08,3753,3753,PAID,0
1891,1953,153,232,2024-10-01,2024-10-05,3753,3753,PAID,0
1892,1953,153,232,2024-11-01,2024-11-06,3753,3753,PAID,0
1893,1953,153,232,2024-12-01,2024-12-07,3753,3753,PAID,0
1894,1953,153,232,2025-01-01,2025-01-06,3753,3753,PAID,0
1895,1953,153,232,2025-02-01,2025-02-06,3753,3753,PAID,0
1896,818,154,234,2024-07-01,2024-07-01,1627,1627,PAID,0
1897,818,154,234,2024-08-01,2024-08-08,1627,1627,PAID,0
1898,818,154,234,2024-09-01,2024-09-07,1627,1627,PAID,0
1899,818,154,234,2024-10-01,2024-10-05,1627,1627,PAID,0
1900,818,154,234,2024-11-01,2024-11-08,1627,1627,PAID,0
1901,818,154,234,2024-12-01,2024-12-04,1627,1627,PAID,0
1902,818,154,234,2025-01-01,2025-01-03,1627,1627,PAID,0
1903,818,154,234,2025-02-01,2025-02-06,1627,1627,PAID,0
1904,818,154,234,2025-03-01,2025-03-05,1627,1627,PAID,0
1905,818,154,234,2025-04-01,2025-04-04,1627,1627,PAID,0
1906,818,154,234,2025-05-01,,1627,0,PENDING,393
1907,818,154,234,2025-06-01,2025-06-03,1627,1627,PAID,0
1908,818,154,234,2025-07-01,2025-07-04,1627,1627,PAID,0
1909,818,154,234,2025-08-01,2025-08-01,1627,1627,PAID,0
1910,818,154,234,2025-09-01,,1627,0,OVERDUE,270
1911,818,154,234,2025-10-01,2025-10-07,1627,1627,PAID,0
1912,818,154,234,2025-11-01,2025-11-02,1627,1627,PAID,0
1913,818,154,234,2025-12-01,2025-12-02,1627,1627,PAID,0
1914,818,154,234,2026-01-01,2026-01-03,1627,1627,PAID,0
1915,818,154,234,2026-02-01,2026-02-03,1627,1627,PAID,0
1916,818,154,234,2026-03-01,2026-03-02,1627,1627,PAID,0
1917,818,154,234,2026-04-01,2026-04-03,1627,1627,PAID,0
1918,818,154,234,2026-05-01,,1627,0,OVERDUE,28
1919,1094,155,235,2024-05-01,2024-05-04,1310,1310,PAID,0
1920,1094,155,235,2024-06-01,2024-06-07,1310,1310,PAID,0
1921,1094,155,235,2024-07-01,2024-07-04,1310,1310,PAID,0
1922,1094,155,235,2024-08-01,2024-08-01,1310,1310,PAID,0
1923,1094,155,235,2024-09-01,2024-09-03,1310,1310,PAID,0
1924,1094,155,235,2024-10-01,,1310,0,PENDING,605
1925,1094,155,235,2024-11-01,2024-11-04,1310,1310,PAID,0
1926,1094,155,235,2024-12-01,2024-12-04,1310,1310,PAID,0
1927,1094,155,235,2025-01-01,2025-01-01,1310,1310,PAID,0
1928,1094,155,235,2025-02-01,2025-02-06,1310,1310,PAID,0
1929,1094,155,235,2025-03-01,2025-03-03,1310,1310,PAID,0
1930,1094,155,235,2025-04-01,2025-04-02,1310,1310,PAID,0
1931,1094,155,235,2025-05-01,2025-05-01,1310,1310,PAID,0
1932,1094,155,235,2025-06-01,2025-06-04,1310,1310,PAID,0
1933,1094,155,235,2025-07-01,2025-07-04,1310,1310,PAID,0
1934,1094,155,235,2025-08-01,2025-08-04,1310,1310,PAID,0
1935,1094,155,235,2025-09-01,2025-09-08,1310,1310,PAID,0
1936,1094,155,235,2025-10-01,2025-10-01,1310,1310,PAID,0
1937,1094,155,235,2025-11-01,2025-11-01,1310,1310,PAID,0
1938,788,156,236,2024-09-01,2024-09-06,3631,3631,PAID,0
1939,788,156,236,2024-10-01,2024-10-07,3631,3631,PAID,0
1940,788,156,236,2024-11-01,2024-11-06,3631,3631,PAID,0
1941,788,156,236,2024-12-01,2024-12-05,3631,3631,PAID,0
1942,788,156,236,2025-01-01,2025-01-02,3631,3631,PAID,0
1943,788,156,236,2025-02-01,2025-02-06,3631,3631,PAID,0
1944,788,156,236,2025-03-01,2025-03-05,3631,3631,PAID,0
1945,788,156,236,2025-04-01,2025-04-08,3631,3631,PAID,0
1946,788,156,236,2025-05-01,2025-05-03,3631,3631,PAID,0
1947,788,156,236,2025-06-01,2025-06-05,3631,3631,PAID,0
1948,788,156,236,2025-07-01,,3631,0,PENDING,332
1949,788,156,236,2025-08-01,2025-08-04,3631,3631,PAID,0
1950,788,156,236,2025-09-01,2025-09-04,3631,3631,PAID,0
1951,1565,157,237,2024-08-01,2024-08-07,958,958,PAID,0
1952,1565,157,237,2024-09-01,2024-09-08,958,958,PAID,0
1953,1565,157,237,2024-10-01,2024-10-02,958,958,PAID,0
1954,1565,157,237,2024-11-01,2024-11-07,958,958,PAID,0
1955,1565,157,237,2024-12-01,2024-12-05,958,958,PAID,0
1956,1565,157,237,2025-01-01,,958,0,PENDING,513
1957,1565,157,237,2025-02-01,2025-02-02,958,958,PAID,0
1958,1565,157,237,2025-03-01,2025-03-06,958,958,PAID,0
1959,1565,157,237,2025-04-01,2025-04-02,958,958,PAID,0
1960,1565,157,237,2025-05-01,,958,0,OVERDUE,393
1961,1565,157,237,2025-06-01,2025-06-08,958,958,PAID,0
1962,1565,157,237,2025-07-01,2025-07-07,958,958,PAID,0
1963,1565,157,237,2025-08-01,2025-08-06,958,958,PAID,0
1964,1565,157,237,2025-09-01,2025-09-03,958,958,PAID,0
1965,1565,157,237,2025-10-01,2025-10-07,958,958,PAID,0
1966,1565,157,237,2025-11-01,2025-11-01,958,958,PAID,0
1967,1565,157,237,2025-12-01,,958,0,PENDING,179
1968,1565,157,237,2026-01-01,2026-01-02,958,958,PAID,0
1969,350,158,239,2024-04-01,,3965,0,PENDING,788
1970,350,158,239,2024-05-01,2024-05-08,3965,3965,PAID,0
1971,350,158,239,2024-06-01,2024-06-07,3965,3965,PAID,0
1972,350,158,239,2024-07-01,2024-07-01,3965,3965,PAID,0
1973,350,158,239,2024-08-01,2024-08-04,3965,3965,PAID,0
1974,350,158,239,2024-09-01,2024-09-02,3965,3965,PAID,0
1975,350,158,239,2024-10-01,2024-10-08,3965,3965,PAID,0
1976,350,158,239,2024-11-01,2024-11-08,3965,3965,PAID,0
1977,350,158,239,2024-12-01,2024-12-04,3965,3965,PAID,0
1978,350,158,239,2025-01-01,2025-01-03,3965,3965,PAID,0
1979,350,158,239,2025-02-01,2025-02-08,3965,3965,PAID,0
1980,350,158,239,2025-03-01,2025-03-06,3965,3965,PAID,0
1981,350,158,239,2025-04-01,2025-04-02,3965,3965,PAID,0
1982,1253,159,241,2024-10-01,,3876,0,PENDING,605
1983,1253,159,241,2024-11-01,2024-11-05,3876,3876,PAID,0
1984,1253,159,241,2024-12-01,2024-12-06,3876,3876,PAID,0
1985,1253,159,241,2025-01-01,2025-01-08,3876,3876,PAID,0
1986,1253,159,241,2025-02-01,2025-02-05,3876,3876,PAID,0
1987,1253,159,241,2025-03-01,,3876,0,PENDING,454
1988,1253,159,241,2025-04-01,2025-04-04,3876,3876,PAID,0
1989,1253,159,241,2025-05-01,2025-05-01,3876,3876,PAID,0
1990,1253,159,241,2025-06-01,,3876,0,OVERDUE,362
1991,1253,159,241,2025-07-01,2025-07-06,3876,3876,PAID,0
1992,1253,159,241,2025-08-01,2025-08-04,3876,3876,PAID,0
1993,1253,159,241,2025-09-01,2025-09-03,3876,3876,PAID,0
1994,1253,159,241,2025-10-01,,3876,0,PENDING,240
1995,1253,159,241,2025-11-01,2025-11-02,3876,3876,PAID,0
1996,1253,159,241,2025-12-01,2025-12-05,3876,3876,PAID,0
1997,1253,159,241,2026-01-01,2026-01-07,3876,3876,PAID,0
1998,1253,159,241,2026-02-01,2026-02-04,3876,3876,PAID,0
1999,1253,159,241,2026-03-01,2026-03-08,3876,3876,PAID,0
2000,1782,160,250,2025-08-01,2025-08-05,3757,3757,PAID,0
2001,1782,160,250,2025-09-01,2025-09-04,3757,3757,PAID,0
2002,1782,160,250,2025-10-01,,3757,0,PENDING,240
2003,1782,160,250,2025-11-01,2025-11-06,3757,3757,PAID,0
2004,1782,160,250,2025-12-01,2025-12-06,3757,3757,PAID,0
2005,1782,160,250,2026-01-01,,3757,0,OVERDUE,148
2006,1782,160,250,2026-02-01,,3757,0,OVERDUE,117
2007,1782,160,250,2026-03-01,2026-03-02,3757,3757,PAID,0
2008,1782,160,250,2026-04-01,2026-04-05,3757,3757,PAID,0
2009,1782,160,250,2026-05-01,2026-05-01,3757,3757,PAID,0
2010,725,161,251,2024-08-01,,3235,0,PENDING,666
2011,725,161,251,2024-09-01,,3235,0,PENDING,635
2012,725,161,251,2024-10-01,2024-10-07,3235,3235,PAID,0
2013,725,161,251,2024-11-01,2024-11-03,3235,3235,PAID,0
2014,725,161,251,2024-12-01,2024-12-04,3235,3235,PAID,0
2015,725,161,251,2025-01-01,,3235,0,PENDING,513
2016,1178,162,252,2025-08-01,2025-08-03,1136,1136,PAID,0
2017,1178,162,252,2025-09-01,2025-09-05,1136,1136,PAID,0
2018,1178,162,252,2025-10-01,2025-10-06,1136,1136,PAID,0
2019,1178,162,252,2025-11-01,2025-11-04,1136,1136,PAID,0
2020,1178,162,252,2025-12-01,2025-12-06,1136,1136,PAID,0
2021,1178,162,252,2026-01-01,2026-01-06,1136,1136,PAID,0
2022,1178,162,252,2026-02-01,,1136,0,OVERDUE,117
2023,1699,163,253,2025-02-01,2025-02-08,4008,4008,PAID,0
2024,1699,163,253,2025-03-01,2025-03-10,4008,2250,PARTIAL,0
2025,1699,163,253,2025-04-01,2025-04-07,4008,4008,PAID,0
2026,1699,163,253,2025-05-01,2025-05-05,4008,4008,PAID,0
2027,1699,163,253,2025-06-01,,4008,0,PENDING,362
2028,1699,163,253,2025-07-01,2025-07-06,4008,4008,PAID,0
2029,1699,163,253,2025-08-01,,4008,0,PENDING,301
2030,1699,163,253,2025-09-01,2025-09-07,4008,4008,PAID,0
2031,1699,163,253,2025-10-01,2025-10-06,4008,4008,PAID,0
2032,1699,163,253,2025-11-01,2025-11-07,4008,4008,PAID,0
2033,1699,163,253,2025-12-01,2025-12-07,4008,4008,PAID,0
2034,1699,163,253,2026-01-01,2026-01-06,4008,4008,PAID,0
2035,1699,163,253,2026-02-01,,4008,0,PENDING,117
2036,193,164,254,2024-01-01,2024-01-01,2198,2198,PAID,0
2037,193,164,254,2024-02-01,,2198,0,PENDING,848
2038,193,164,254,2024-03-01,2024-03-08,2198,2198,PAID,0
2039,193,164,254,2024-04-01,,2198,0,PENDING,788
2040,193,164,254,2024-05-01,2024-05-03,2198,2198,PAID,0
2041,193,164,254,2024-06-01,2024-06-04,2198,2198,PAID,0
2042,193,164,254,2024-07-01,2024-07-01,2198,2198,PAID,0
2043,193,164,254,2024-08-01,2024-08-04,2198,2198,PAID,0
2044,193,164,254,2024-09-01,2024-09-05,2198,2198,PAID,0
2045,193,164,254,2024-10-01,,2198,0,PENDING,605
2046,193,164,254,2024-11-01,2024-11-02,2198,2198,PAID,0
2047,193,164,254,2024-12-01,2024-12-06,2198,2198,PAID,0
2048,193,164,254,2025-01-01,,2198,0,OVERDUE,513
2049,193,164,254,2025-02-01,2025-02-04,2198,2198,PAID,0
2050,193,164,254,2025-03-01,2025-03-08,2198,2198,PAID,0
2051,193,164,254,2025-04-01,2025-04-01,2198,2198,PAID,0
2052,193,164,254,2025-05-01,2025-05-06,2198,2198,PAID,0
2053,193,164,254,2025-06-01,2025-06-17,2198,1268,PARTIAL,0
2054,193,164,254,2025-07-01,,2198,0,PENDING,332
2055,193,164,254,2025-08-01,2025-08-02,2198,2198,PAID,0
2056,193,164,254,2025-09-01,,2198,0,PENDING,270
2057,193,164,254,2025-10-01,2025-10-01,2198,2198,PAID,0
2058,193,164,254,2025-11-01,2025-11-04,2198,2198,PAID,0
2059,193,164,254,2025-12-01,2025-12-03,2198,2198,PAID,0
2060,284,165,255,2025-06-01,2025-06-08,1249,1249,PAID,0
2061,284,165,255,2025-07-01,2025-07-03,1249,1249,PAID,0
2062,284,165,255,2025-08-01,2025-08-04,1249,1249,PAID,0
2063,284,165,255,2025-09-01,2025-09-03,1249,1249,PAID,0
2064,284,165,255,2025-10-01,2025-10-05,1249,1249,PAID,0
2065,284,165,255,2025-11-01,2025-11-07,1249,1249,PAID,0
2066,284,165,255,2025-12-01,2025-12-08,1249,1249,PAID,0
2067,284,165,255,2026-01-01,2026-01-04,1249,1249,PAID,0
2068,284,165,255,2026-02-01,2026-02-04,1249,1249,PAID,0
2069,284,165,255,2026-03-01,2026-03-07,1249,1249,PAID,0
2070,284,165,255,2026-04-01,2026-04-02,1249,1249,PAID,0
2071,284,165,255,2026-05-01,2026-05-03,1249,1249,PAID,0
2072,663,166,256,2025-06-01,,2294,0,OVERDUE,362
2073,663,166,256,2025-07-01,,2294,0,PENDING,332
2074,663,166,256,2025-08-01,2025-08-01,2294,2294,PAID,0
2075,663,166,256,2025-09-01,,2294,0,OVERDUE,270
2076,663,166,256,2025-10-01,2025-10-05,2294,2294,PAID,0
2077,663,166,256,2025-11-01,2025-11-05,2294,2294,PAID,0
2078,663,166,256,2025-12-01,2025-12-05,2294,2294,PAID,0
2079,663,166,256,2026-01-01,2026-01-04,2294,2294,PAID,0
2080,663,166,256,2026-02-01,2026-02-04,2294,2294,PAID,0
2081,663,166,256,2026-03-01,2026-03-08,2294,2294,PAID,0
2082,663,166,256,2026-04-01,2026-04-07,2294,2294,PAID,0
2083,663,166,256,2026-05-01,2026-05-03,2294,2294,PAID,0
2084,918,167,257,2024-12-01,,2915,0,OVERDUE,544
2085,918,167,257,2025-01-01,2025-01-07,2915,2915,PAID,0
2086,918,167,257,2025-02-01,2025-02-02,2915,2915,PAID,0
2087,918,167,257,2025-03-01,2025-03-07,2915,2915,PAID,0
2088,918,167,257,2025-04-01,2025-04-06,2915,2915,PAID,0
2089,918,167,257,2025-05-01,2025-05-05,2915,2915,PAID,0
2090,918,167,257,2025-06-01,2025-06-05,2915,2915,PAID,0
2091,419,168,259,2025-07-01,,4112,0,OVERDUE,332
2092,419,168,259,2025-08-01,,4112,0,PENDING,301
2093,419,168,259,2025-09-01,2025-09-01,4112,4112,PAID,0
2094,419,168,259,2025-10-01,2025-10-06,4112,4112,PAID,0
2095,419,168,259,2025-11-01,,4112,0,OVERDUE,209
2096,419,168,259,2025-12-01,2025-12-01,4112,4112,PAID,0
2097,419,168,259,2026-01-01,2026-01-04,4112,4112,PAID,0
2098,419,168,259,2026-02-01,2026-02-06,4112,4112,PAID,0
2099,419,168,259,2026-03-01,2026-03-02,4112,4112,PAID,0
2100,419,168,259,2026-04-01,,4112,0,OVERDUE,58
2101,419,168,259,2026-05-01,,4112,0,OVERDUE,28
2102,631,169,260,2024-05-01,2024-05-01,1602,1602,PAID,0
2103,631,169,260,2024-06-01,2024-06-06,1602,1602,PAID,0
2104,631,169,260,2024-07-01,2024-07-02,1602,1602,PAID,0
2105,631,169,260,2024-08-01,2024-08-01,1602,1602,PAID,0
2106,631,169,260,2024-09-01,2024-09-01,1602,1602,PAID,0
2107,631,169,260,2024-10-01,2024-10-01,1602,1602,PAID,0
2108,631,169,260,2024-11-01,2024-11-02,1602,1602,PAID,0
2109,631,169,260,2024-12-01,2024-12-01,1602,1602,PAID,0
2110,631,169,260,2025-01-01,2025-01-02,1602,1602,PAID,0
2111,631,169,260,2025-02-01,2025-02-07,1602,1602,PAID,0
2112,631,169,260,2025-03-01,,1602,0,OVERDUE,454
2113,631,169,260,2025-04-01,2025-04-04,1602,1602,PAID,0
2114,631,169,260,2025-05-01,,1602,0,PENDING,393
2115,631,169,260,2025-06-01,2025-06-02,1602,1602,PAID,0
2116,631,169,260,2025-07-01,2025-07-04,1602,1602,PAID,0
2117,631,169,260,2025-08-01,2025-08-08,1602,1602,PAID,0
2118,631,169,260,2025-09-01,2025-09-01,1602,1602,PAID,0
2119,631,169,260,2025-10-01,2025-10-01,1602,1602,PAID,0
2120,1264,170,262,2024-01-01,2024-01-07,3066,3066,PAID,0
2121,1264,170,262,2024-02-01,2024-02-06,3066,3066,PAID,0
2122,1264,170,262,2024-03-01,2024-03-08,3066,3066,PAID,0
2123,1264,170,262,2024-04-01,2024-04-08,3066,3066,PAID,0
2124,1264,170,262,2024-05-01,2024-05-01,3066,3066,PAID,0
2125,1264,170,262,2024-06-01,2024-06-01,3066,3066,PAID,0
2126,1264,170,262,2024-07-01,2024-07-08,3066,3066,PAID,0
2127,1264,170,262,2024-08-01,,3066,0,PENDING,666
2128,1264,170,262,2024-09-01,2024-09-07,3066,3066,PAID,0
2129,1264,170,262,2024-10-01,,3066,0,OVERDUE,605
2130,1264,170,262,2024-11-01,2024-11-04,3066,3066,PAID,0
2131,1264,170,262,2024-12-01,2024-12-02,3066,3066,PAID,0
2132,1264,170,262,2025-01-01,2025-01-02,3066,3066,PAID,0
2133,1264,170,262,2025-02-01,2025-02-07,3066,3066,PAID,0
2134,1264,170,262,2025-03-01,2025-03-07,3066,3066,PAID,0
2135,1264,170,262,2025-04-01,2025-04-08,3066,3066,PAID,0
2136,1264,170,262,2025-05-01,,3066,0,PENDING,393
2137,1264,170,262,2025-06-01,2025-06-06,3066,3066,PAID,0
2138,1264,170,262,2025-07-01,2025-07-04,3066,3066,PAID,0
2139,1039,171,263,2024-05-01,2024-05-03,1265,1265,PAID,0
2140,1039,171,263,2024-06-01,2024-06-08,1265,1265,PAID,0
2141,1039,171,263,2024-07-01,,1265,0,PENDING,697
2142,1039,171,263,2024-08-01,2024-08-01,1265,1265,PAID,0
2143,1039,171,263,2024-09-01,2024-09-04,1265,1265,PAID,0
2144,1039,171,263,2024-10-01,2024-10-05,1265,1265,PAID,0
2145,1215,172,264,2024-02-01,2024-02-02,2912,2912,PAID,0
2146,1215,172,264,2024-03-01,2024-03-07,2912,2912,PAID,0
2147,1215,172,264,2024-04-01,2024-04-03,2912,2912,PAID,0
2148,1215,172,264,2024-05-01,2024-05-04,2912,2912,PAID,0
2149,1215,172,264,2024-06-01,2024-06-04,2912,2912,PAID,0
2150,1215,172,264,2024-07-01,2024-07-15,2912,1783,PARTIAL,0
2151,1215,172,264,2024-08-01,2024-08-03,2912,2912,PAID,0
2152,1215,172,264,2024-09-01,2024-09-07,2912,2912,PAID,0
2153,1215,172,264,2024-10-01,2024-10-03,2912,2912,PAID,0
2154,1215,172,264,2024-11-01,2024-11-08,2912,2912,PAID,0
2155,1215,172,264,2024-12-01,2024-12-01,2912,2912,PAID,0
2156,1215,172,264,2025-01-01,2025-01-06,2912,2912,PAID,0
2157,1159,173,265,2025-08-01,2025-08-05,2610,2610,PAID,0
2158,1159,173,265,2025-09-01,,2610,0,OVERDUE,270
2159,1159,173,265,2025-10-01,2025-10-08,2610,2610,PAID,0
2160,1159,173,265,2025-11-01,2025-11-04,2610,2610,PAID,0
2161,1159,173,265,2025-12-01,2025-12-04,2610,2610,PAID,0
2162,1159,173,265,2026-01-01,2026-01-06,2610,2610,PAID,0
2163,1159,173,265,2026-02-01,2026-02-08,2610,2610,PAID,0
2164,1159,173,265,2026-03-01,2026-03-07,2610,2610,PAID,0
2165,1159,173,265,2026-04-01,2026-04-04,2610,2610,PAID,0
2166,1159,173,265,2026-05-01,2026-05-02,2610,2610,PAID,0
2167,1825,174,266,2025-06-01,2025-06-01,4093,4093,PAID,0
2168,1825,174,266,2025-07-01,2025-07-03,4093,4093,PAID,0
2169,1825,174,266,2025-08-01,,4093,0,PENDING,301
2170,1825,174,266,2025-09-01,2025-09-05,4093,4093,PAID,0
2171,1825,174,266,2025-10-01,2025-10-04,4093,4093,PAID,0
2172,1825,174,266,2025-11-01,2025-11-08,4093,4093,PAID,0
2173,1825,174,266,2025-12-01,,4093,0,PENDING,179
2174,1825,174,266,2026-01-01,,4093,0,OVERDUE,148
2175,1825,174,266,2026-02-01,2026-02-08,4093,4093,PAID,0
2176,1825,174,266,2026-03-01,2026-03-01,4093,4093,PAID,0
2177,1825,174,266,2026-04-01,2026-04-04,4093,4093,PAID,0
2178,1825,174,266,2026-05-01,2026-05-03,4093,4093,PAID,0
2179,1951,175,268,2025-04-01,,1127,0,OVERDUE,423
2180,1951,175,268,2025-05-01,,1127,0,PENDING,393
2181,1951,175,268,2025-06-01,2025-06-02,1127,1127,PAID,0
2182,1951,175,268,2025-07-01,2025-07-05,1127,1127,PAID,0
2183,1951,175,268,2025-08-01,2025-08-03,1127,1127,PAID,0
2184,1951,175,268,2025-09-01,2025-09-08,1127,1127,PAID,0
2185,1951,175,268,2025-10-01,2025-10-07,1127,1127,PAID,0
2186,1951,175,268,2025-11-01,2025-11-01,1127,1127,PAID,0
2187,1951,175,268,2025-12-01,2025-12-02,1127,1127,PAID,0
2188,1951,175,268,2026-01-01,2026-01-01,1127,1127,PAID,0
2189,1951,175,268,2026-02-01,,1127,0,PENDING,117
2190,1951,175,268,2026-03-01,2026-03-05,1127,1127,PAID,0
2191,1951,175,268,2026-04-01,2026-04-05,1127,1127,PAID,0
2192,1951,175,268,2026-05-01,2026-05-08,1127,1127,PAID,0
2193,333,176,269,2024-08-01,2024-08-01,3854,3854,PAID,0
2194,333,176,269,2024-09-01,2024-09-08,3854,3854,PAID,0
2195,333,176,269,2024-10-01,,3854,0,PENDING,605
2196,333,176,269,2024-11-01,2024-11-08,3854,3854,PAID,0
2197,333,176,269,2024-12-01,2024-12-07,3854,2516,PARTIAL,0
2198,333,176,269,2025-01-01,,3854,0,PENDING,513
2199,333,176,269,2025-02-01,,3854,0,PENDING,482
2200,333,176,269,2025-03-01,,3854,0,OVERDUE,454
2201,333,176,269,2025-04-01,,3854,0,OVERDUE,423
2202,333,176,269,2025-05-01,2025-05-08,3854,3854,PAID,0
2203,333,176,269,2025-06-01,2025-06-06,3854,3854,PAID,0
2204,333,176,269,2025-07-01,2025-07-07,3854,3854,PAID,0
2205,333,176,269,2025-08-01,2025-08-07,3854,3854,PAID,0
2206,704,177,271,2024-10-01,2024-10-08,2360,2360,PAID,0
2207,704,177,271,2024-11-01,2024-11-01,2360,2360,PAID,0
2208,704,177,271,2024-12-01,2024-12-07,2360,2360,PAID,0
2209,704,177,271,2025-01-01,2025-01-04,2360,2360,PAID,0
2210,704,177,271,2025-02-01,2025-02-05,2360,2360,PAID,0
2211,704,177,271,2025-03-01,2025-03-06,2360,2360,PAID,0
2212,704,177,271,2025-04-01,2025-04-05,2360,2360,PAID,0
2213,704,177,271,2025-05-01,,2360,0,OVERDUE,393
2214,704,177,271,2025-06-01,2025-06-12,2360,1469,PARTIAL,0
2215,704,177,271,2025-07-01,2025-07-08,2360,2360,PAID,0
2216,704,177,271,2025-08-01,2025-08-03,2360,2360,PAID,0
2217,704,177,271,2025-09-01,2025-09-02,2360,2360,PAID,0
2218,704,177,271,2025-10-01,2025-10-05,2360,2360,PAID,0
2219,704,177,271,2025-11-01,2025-11-01,2360,2360,PAID,0
2220,704,177,271,2025-12-01,2025-12-06,2360,2360,PAID,0
2221,704,177,271,2026-01-01,2026-01-08,2360,2360,PAID,0
2222,704,177,271,2026-02-01,2026-02-07,2360,2360,PAID,0
2223,704,177,271,2026-03-01,2026-03-02,2360,2360,PAID,0
2224,704,177,271,2026-04-01,2026-04-02,2360,2360,PAID,0
2225,668,178,272,2024-09-01,2024-09-06,1323,1323,PAID,0
2226,668,178,272,2024-10-01,2024-10-02,1323,1323,PAID,0
2227,668,178,272,2024-11-01,2024-11-07,1323,1323,PAID,0
2228,668,178,272,2024-12-01,2024-12-03,1323,1323,PAID,0
2229,668,178,272,2025-01-01,2025-01-01,1323,1323,PAID,0
2230,668,178,272,2025-02-01,2025-02-03,1323,1323,PAID,0
2231,668,178,272,2025-03-01,2025-03-04,1323,1323,PAID,0
2232,458,179,275,2024-01-01,2024-01-08,2812,2812,PAID,0
2233,458,179,275,2024-02-01,,2812,0,OVERDUE,848
2234,458,179,275,2024-03-01,2024-03-04,2812,2812,PAID,0
2235,458,179,275,2024-04-01,2024-04-05,2812,2812,PAID,0
2236,458,179,275,2024-05-01,2024-05-04,2812,2812,PAID,0
2237,458,179,275,2024-06-01,2024-06-02,2812,2812,PAID,0
2238,458,179,275,2024-07-01,2024-07-02,2812,2812,PAID,0
2239,458,179,275,2024-08-01,2024-08-07,2812,2812,PAID,0
2240,458,179,275,2024-09-01,2024-09-02,2812,2812,PAID,0
2241,458,179,275,2024-10-01,,2812,0,PENDING,605
2242,458,179,275,2024-11-01,2024-11-07,2812,2812,PAID,0
2243,458,179,275,2024-12-01,2024-12-12,2812,1943,PARTIAL,0
2244,458,179,275,2025-01-01,2025-01-04,2812,2812,PAID,0
2245,458,179,275,2025-02-01,,2812,0,PENDING,482
2246,458,179,275,2025-03-01,2025-03-04,2812,2812,PAID,0
2247,458,179,275,2025-04-01,2025-04-08,2812,2812,PAID,0
2248,458,179,275,2025-05-01,2025-05-07,2812,2812,PAID,0
2249,458,179,275,2025-06-01,2025-06-03,2812,2812,PAID,0
2250,458,179,275,2025-07-01,2025-07-03,2812,2812,PAID,0
2251,458,179,275,2025-08-01,2025-08-06,2812,2812,PAID,0
2252,458,179,275,2025-09-01,2025-09-03,2812,2812,PAID,0
2253,458,179,275,2025-10-01,2025-10-13,2812,1737,PARTIAL,0
2254,458,179,275,2025-11-01,2025-11-01,2812,2812,PAID,0
2255,458,179,275,2025-12-01,,2812,0,PENDING,179
2256,1234,180,276,2024-04-01,2024-04-03,2930,2930,PAID,0
2257,1234,180,276,2024-05-01,2024-05-07,2930,2930,PAID,0
2258,1234,180,276,2024-06-01,2024-06-02,2930,2930,PAID,0
2259,1234,180,276,2024-07-01,2024-07-07,2930,2930,PAID,0
2260,1234,180,276,2024-08-01,,2930,0,PENDING,666
2261,1234,180,276,2024-09-01,2024-09-01,2930,2930,PAID,0
2262,1234,180,276,2024-10-01,2024-10-06,2930,2930,PAID,0
2263,1234,180,276,2024-11-01,2024-11-03,2930,2930,PAID,0
2264,1234,180,276,2024-12-01,2024-12-02,2930,2930,PAID,0
2265,1234,180,276,2025-01-01,2025-01-04,2930,2930,PAID,0
2266,1234,180,276,2025-02-01,2025-02-04,2930,2930,PAID,0
2267,1234,180,276,2025-03-01,2025-03-11,2930,2078,PARTIAL,0
2268,1234,180,276,2025-04-01,,2930,0,PENDING,423
2269,559,181,277,2025-10-01,,3144,0,OVERDUE,240
2270,559,181,277,2025-11-01,2025-11-04,3144,3144,PAID,0
2271,559,181,277,2025-12-01,,3144,0,PENDING,179
2272,559,181,277,2026-01-01,2026-01-01,3144,3144,PAID,0
2273,559,181,277,2026-02-01,2026-02-01,3144,3144,PAID,0
2274,559,181,277,2026-03-01,2026-03-04,3144,3144,PAID,0
2275,559,181,277,2026-04-01,2026-04-08,3144,3144,PAID,0
2276,559,181,277,2026-05-01,2026-05-01,3144,3144,PAID,0
2277,1375,182,278,2025-07-01,,1698,0,PENDING,332
2278,1375,182,278,2025-08-01,2025-08-01,1698,1698,PAID,0
2279,1375,182,278,2025-09-01,2025-09-04,1698,1698,PAID,0
2280,1375,182,278,2025-10-01,2025-10-05,1698,1698,PAID,0
2281,1375,182,278,2025-11-01,2025-11-03,1698,1698,PAID,0
2282,1375,182,278,2025-12-01,2025-12-01,1698,1698,PAID,0
2283,1375,182,278,2026-01-01,2026-01-04,1698,1698,PAID,0
2284,1375,182,278,2026-02-01,2026-02-05,1698,1698,PAID,0
2285,1375,182,278,2026-03-01,2026-03-08,1698,1698,PAID,0
2286,1375,182,278,2026-04-01,2026-04-02,1698,1698,PAID,0
2287,1375,182,278,2026-05-01,2026-05-07,1698,1698,PAID,0
2288,892,183,279,2024-12-01,2024-12-01,3464,3464,PAID,0
2289,892,183,279,2025-01-01,2025-01-02,3464,3464,PAID,0
2290,892,183,279,2025-02-01,2025-02-03,3464,3464,PAID,0
2291,892,183,279,2025-03-01,2025-03-07,3464,3464,PAID,0
2292,892,183,279,2025-04-01,2025-04-06,3464,3464,PAID,0
2293,892,183,279,2025-05-01,,3464,0,PENDING,393
2294,892,183,279,2025-06-01,,3464,0,PENDING,362
2295,892,183,279,2025-07-01,2025-07-08,3464,3464,PAID,0
2296,892,183,279,2025-08-01,,3464,0,OVERDUE,301
2297,892,183,279,2025-09-01,2025-09-18,3464,1847,PARTIAL,0
2298,892,183,279,2025-10-01,2025-10-06,3464,3464,PAID,0
2299,892,183,279,2025-11-01,,3464,0,OVERDUE,209
2300,892,183,279,2025-12-01,2025-12-02,3464,3464,PAID,0
2301,1287,184,282,2024-09-01,2024-09-06,3820,3820,PAID,0
2302,1287,184,282,2024-10-01,2024-10-04,3820,3820,PAID,0
2303,1287,184,282,2024-11-01,2024-11-04,3820,3820,PAID,0
2304,1287,184,282,2024-12-01,2024-12-07,3820,3820,PAID,0
2305,1287,184,282,2025-01-01,2025-01-04,3820,3820,PAID,0
2306,1287,184,282,2025-02-01,2025-02-05,3820,3820,PAID,0
2307,1287,184,282,2025-03-01,2025-03-07,3820,2189,PARTIAL,0
2308,1304,185,283,2024-03-01,2024-03-17,3975,1881,PARTIAL,0
2309,1304,185,283,2024-04-01,2024-04-04,3975,3975,PAID,0
2310,1304,185,283,2024-05-01,2024-05-07,3975,3975,PAID,0
2311,1304,185,283,2024-06-01,2024-06-06,3975,3975,PAID,0
2312,1304,185,283,2024-07-01,2024-07-02,3975,3975,PAID,0
2313,1304,185,283,2024-08-01,2024-08-08,3975,3975,PAID,0
2314,1304,185,283,2024-09-01,2024-09-02,3975,3975,PAID,0
2315,1304,185,283,2024-10-01,2024-10-08,3975,3975,PAID,0
2316,1304,185,283,2024-11-01,2024-11-03,3975,3975,PAID,0
2317,1304,185,283,2024-12-01,2024-12-04,3975,3975,PAID,0
2318,1304,185,283,2025-01-01,2025-01-04,3975,3975,PAID,0
2319,1304,185,283,2025-02-01,2025-02-06,3975,3975,PAID,0
2320,1304,185,283,2025-03-01,2025-03-07,3975,3975,PAID,0
2321,1304,185,283,2025-04-01,,3975,0,PENDING,423
2322,1304,185,283,2025-05-01,,3975,0,PENDING,393
2323,1304,185,283,2025-06-01,2025-06-07,3975,3975,PAID,0
2324,1304,185,283,2025-07-01,2025-07-03,3975,3975,PAID,0
2325,1304,185,283,2025-08-01,2025-08-07,3975,3975,PAID,0
2326,1304,185,283,2025-09-01,2025-09-01,3975,3975,PAID,0
2327,1304,185,283,2025-10-01,2025-10-04,3975,3975,PAID,0
2328,1304,185,283,2025-11-01,2025-11-07,3975,3975,PAID,0
2329,1304,185,283,2025-12-01,2025-12-07,3975,3975,PAID,0
2330,1304,185,283,2026-01-01,2026-01-11,3975,1659,PARTIAL,0
2331,1304,185,283,2026-02-01,2026-02-01,3975,3975,PAID,0
2332,1304,185,283,2026-03-01,2026-03-04,3975,3975,PAID,0
2333,19,186,285,2025-10-01,,3245,0,PENDING,240
2334,19,186,285,2025-11-01,2025-11-02,3245,3245,PAID,0
2335,19,186,285,2025-12-01,2025-12-06,3245,3245,PAID,0
2336,19,186,285,2026-01-01,2026-01-08,3245,3245,PAID,0
2337,19,186,285,2026-02-01,2026-02-07,3245,3245,PAID,0
2338,19,186,285,2026-03-01,2026-03-08,3245,3245,PAID,0
2339,19,186,285,2026-04-01,2026-04-01,3245,3245,PAID,0
2340,19,186,285,2026-05-01,2026-05-04,3245,3245,PAID,0
2341,1512,187,286,2024-05-01,,3707,0,OVERDUE,758
2342,1512,187,286,2024-06-01,2024-06-01,3707,3707,PAID,0
2343,1512,187,286,2024-07-01,2024-07-02,3707,3707,PAID,0
2344,1512,187,286,2024-08-01,,3707,0,OVERDUE,666
2345,1512,187,286,2024-09-01,,3707,0,OVERDUE,635
2346,1512,187,286,2024-10-01,2024-10-08,3707,3707,PAID,0
2347,1512,187,286,2024-11-01,2024-11-07,3707,3707,PAID,0
2348,611,188,287,2024-03-01,2024-03-04,2357,2357,PAID,0
2349,611,188,287,2024-04-01,2024-04-03,2357,2357,PAID,0
2350,611,188,287,2024-05-01,2024-05-06,2357,2357,PAID,0
2351,611,188,287,2024-06-01,,2357,0,PENDING,727
2352,611,188,287,2024-07-01,2024-07-02,2357,2357,PAID,0
2353,611,188,287,2024-08-01,2024-08-08,2357,2357,PAID,0
2354,611,188,287,2024-09-01,2024-09-02,2357,2357,PAID,0
2355,1816,189,288,2025-05-01,,3661,0,PENDING,393
2356,1816,189,288,2025-06-01,2025-06-07,3661,3661,PAID,0
2357,1816,189,288,2025-07-01,2025-07-06,3661,3661,PAID,0
2358,1816,189,288,2025-08-01,2025-08-01,3661,3661,PAID,0
2359,1816,189,288,2025-09-01,2025-09-03,3661,3661,PAID,0
2360,1816,189,288,2025-10-01,2025-10-03,3661,3661,PAID,0
2361,1816,189,288,2025-11-01,2025-11-08,3661,3661,PAID,0
2362,1816,189,288,2025-12-01,2025-12-08,3661,3661,PAID,0
2363,1816,189,288,2026-01-01,2026-01-08,3661,3661,PAID,0
2364,1816,189,288,2026-02-01,2026-02-16,3661,1622,PARTIAL,0
2365,1816,189,288,2026-03-01,2026-03-03,3661,3661,PAID,0
2366,1816,189,288,2026-04-01,2026-04-01,3661,3661,PAID,0
2367,1816,189,288,2026-05-01,2026-05-03,3661,3661,PAID,0
2368,280,190,290,2025-08-01,2025-08-01,3164,3164,PAID,0
2369,280,190,290,2025-09-01,2025-09-07,3164,3164,PAID,0
2370,280,190,290,2025-10-01,,3164,0,PENDING,240
2371,280,190,290,2025-11-01,2025-11-05,3164,3164,PAID,0
2372,280,190,290,2025-12-01,2025-12-01,3164,3164,PAID,0
2373,280,190,290,2026-01-01,2026-01-06,3164,3164,PAID,0
2374,280,190,290,2026-02-01,2026-02-03,3164,3164,PAID,0
2375,280,190,290,2026-03-01,2026-03-04,3164,3164,PAID,0
2376,280,190,290,2026-04-01,2026-04-04,3164,3164,PAID,0
2377,280,190,290,2026-05-01,,3164,0,PENDING,28
2378,1765,191,291,2025-01-01,2025-01-01,1316,1316,PAID,0
2379,1765,191,291,2025-02-01,2025-02-01,1316,1316,PAID,0
2380,1765,191,291,2025-03-01,2025-03-08,1316,1316,PAID,0
2381,1765,191,291,2025-04-01,2025-04-01,1316,1316,PAID,0
2382,1765,191,291,2025-05-01,,1316,0,OVERDUE,393
2383,1765,191,291,2025-06-01,,1316,0,PENDING,362
2384,1765,191,291,2025-07-01,,1316,0,PENDING,332
2385,1765,191,291,2025-08-01,,1316,0,OVERDUE,301
2386,1765,191,291,2025-09-01,2025-09-07,1316,1316,PAID,0
2387,1765,191,291,2025-10-01,2025-10-08,1316,1316,PAID,0
2388,1765,191,291,2025-11-01,2025-11-08,1316,1316,PAID,0
2389,1765,191,291,2025-12-01,,1316,0,OVERDUE,179
2390,1765,191,291,2026-01-01,2026-01-05,1316,1316,PAID,0
2391,1245,192,292,2024-03-01,2024-03-17,987,664,PARTIAL,0
2392,1245,192,292,2024-04-01,2024-04-02,987,987,PAID,0
2393,1245,192,292,2024-05-01,,987,0,PENDING,758
2394,1245,192,292,2024-06-01,2024-06-05,987,987,PAID,0
2395,1245,192,292,2024-07-01,2024-07-06,987,987,PAID,0
2396,1245,192,292,2024-08-01,,987,0,OVERDUE,666
2397,1245,192,292,2024-09-01,2024-09-08,987,987,PAID,0
2398,47,193,293,2025-09-01,2025-09-07,1274,1274,PAID,0
2399,47,193,293,2025-10-01,2025-10-08,1274,1274,PAID,0
2400,47,193,293,2025-11-01,,1274,0,PENDING,209
2401,47,193,293,2025-12-01,2025-12-05,1274,1274,PAID,0
2402,47,193,293,2026-01-01,2026-01-06,1274,1274,PAID,0
2403,47,193,293,2026-02-01,2026-02-06,1274,1274,PAID,0
2404,47,193,293,2026-03-01,2026-03-05,1274,1274,PAID,0
2405,47,193,293,2026-04-01,2026-04-07,1274,1274,PAID,0
2406,47,193,293,2026-05-01,,1274,0,OVERDUE,28
2407,912,194,294,2024-05-01,2024-05-16,2965,2013,PARTIAL,0
2408,912,194,294,2024-06-01,2024-06-04,2965,2965,PAID,0
2409,912,194,294,2024-07-01,2024-07-05,2965,2965,PAID,0
2410,912,194,294,2024-08-01,2024-08-05,2965,2965,PAID,0
2411,912,194,294,2024-09-01,2024-09-04,2965,2965,PAID,0
2412,912,194,294,2024-10-01,2024-10-06,2965,2965,PAID,0
2413,912,194,294,2024-11-01,2024-11-07,2965,2965,PAID,0
2414,912,194,294,2024-12-01,2024-12-07,2965,2965,PAID,0
2415,912,194,294,2025-01-01,,2965,0,PENDING,513
2416,912,194,294,2025-02-01,2025-02-07,2965,2965,PAID,0
2417,912,194,294,2025-03-01,,2965,0,PENDING,454
2418,912,194,294,2025-04-01,2025-04-04,2965,2965,PAID,0
2419,912,194,294,2025-05-01,2025-05-08,2965,2965,PAID,0
2420,550,195,297,2025-04-01,2025-04-08,2886,2886,PAID,0
2421,550,195,297,2025-05-01,2025-05-05,2886,2886,PAID,0
2422,550,195,297,2025-06-01,2025-06-07,2886,2886,PAID,0
2423,550,195,297,2025-07-01,2025-07-04,2886,2886,PAID,0
2424,550,195,297,2025-08-01,2025-08-05,2886,2886,PAID,0
2425,550,195,297,2025-09-01,2025-09-07,2886,2886,PAID,0
2426,550,195,297,2025-10-01,2025-10-17,2886,1399,PARTIAL,0
2427,1285,196,298,2025-07-01,2025-07-06,3542,3542,PAID,0
2428,1285,196,298,2025-08-01,2025-08-05,3542,3542,PAID,0
2429,1285,196,298,2025-09-01,2025-09-01,3542,3542,PAID,0
2430,1285,196,298,2025-10-01,2025-10-01,3542,3542,PAID,0
2431,1285,196,298,2025-11-01,2025-11-05,3542,3542,PAID,0
2432,1285,196,298,2025-12-01,2025-12-03,3542,3542,PAID,0
2433,1285,196,298,2026-01-01,2026-01-01,3542,3542,PAID,0
2434,1285,196,298,2026-02-01,2026-02-04,3542,3542,PAID,0
2435,1285,196,298,2026-03-01,2026-03-04,3542,3542,PAID,0
2436,1285,196,298,2026-04-01,2026-04-08,3542,3542,PAID,0
2437,1285,196,298,2026-05-01,2026-05-08,3542,3542,PAID,0
2438,974,197,300,2025-02-01,,1037,0,OVERDUE,482
2439,974,197,300,2025-03-01,,1037,0,PENDING,454
2440,974,197,300,2025-04-01,2025-04-05,1037,1037,PAID,0
2441,974,197,300,2025-05-01,2025-05-06,1037,1037,PAID,0
2442,974,197,300,2025-06-01,2025-06-01,1037,1037,PAID,0
2443,974,197,300,2025-07-01,2025-07-01,1037,1037,PAID,0
2444,974,197,300,2025-08-01,2025-08-03,1037,1037,PAID,0
2445,974,197,300,2025-09-01,2025-09-06,1037,1037,PAID,0
2446,974,197,300,2025-10-01,2025-10-01,1037,1037,PAID,0
2447,974,197,300,2025-11-01,2025-11-01,1037,1037,PAID,0
2448,974,197,300,2025-12-01,2025-12-06,1037,1037,PAID,0
2449,974,197,300,2026-01-01,2026-01-03,1037,1037,PAID,0
2450,293,198,303,2024-07-01,,1402,0,OVERDUE,697
2451,293,198,303,2024-08-01,2024-08-04,1402,1402,PAID,0
2452,293,198,303,2024-09-01,2024-09-02,1402,1402,PAID,0
2453,293,198,303,2024-10-01,2024-10-08,1402,1402,PAID,0
2454,293,198,303,2024-11-01,2024-11-04,1402,1402,PAID,0
2455,293,198,303,2024-12-01,,1402,0,PENDING,544
2456,293,198,303,2025-01-01,2025-01-06,1402,1402,PAID,0
2457,293,198,303,2025-02-01,2025-02-02,1402,1402,PAID,0
2458,293,198,303,2025-03-01,2025-03-04,1402,1402,PAID,0
2459,293,198,303,2025-04-01,2025-04-01,1402,1402,PAID,0
2460,293,198,303,2025-05-01,2025-05-03,1402,1402,PAID,0
2461,293,198,303,2025-06-01,2025-06-03,1402,1402,PAID,0
2462,293,198,303,2025-07-01,,1402,0,OVERDUE,332
2463,1567,199,305,2024-03-01,,3476,0,PENDING,819
2464,1567,199,305,2024-04-01,2024-04-07,3476,3476,PAID,0
2465,1567,199,305,2024-05-01,,3476,0,PENDING,758
2466,1567,199,305,2024-06-01,2024-06-03,3476,3476,PAID,0
2467,1567,199,305,2024-07-01,,3476,0,PENDING,697
2468,1567,199,305,2024-08-01,2024-08-01,3476,3476,PAID,0
2469,1567,199,305,2024-09-01,2024-09-08,3476,3476,PAID,0
2470,1567,199,305,2024-10-01,2024-10-04,3476,3476,PAID,0
2471,1567,199,305,2024-11-01,2024-11-06,3476,3476,PAID,0
2472,1567,199,305,2024-12-01,2024-12-06,3476,3476,PAID,0
2473,1567,199,305,2025-01-01,,3476,0,OVERDUE,513
2474,1567,199,305,2025-02-01,2025-02-07,3476,3476,PAID,0
2475,1567,199,305,2025-03-01,2025-03-18,3476,2055,PARTIAL,0
2476,1567,199,305,2025-04-01,,3476,0,OVERDUE,423
2477,1567,199,305,2025-05-01,2025-05-04,3476,3476,PAID,0
2478,1567,199,305,2025-06-01,2025-06-02,3476,3476,PAID,0
2479,1567,199,305,2025-07-01,2025-07-05,3476,3476,PAID,0
2480,1567,199,305,2025-08-01,2025-08-06,3476,3476,PAID,0
2481,1567,199,305,2025-09-01,2025-09-04,3476,3476,PAID,0
2482,1265,200,306,2024-07-01,2024-07-01,3284,3284,PAID,0
2483,1265,200,306,2024-08-01,,3284,0,OVERDUE,666
2484,1265,200,306,2024-09-01,2024-09-08,3284,3284,PAID,0
2485,1265,200,306,2024-10-01,2024-10-02,3284,3284,PAID,0
2486,1265,200,306,2024-11-01,2024-11-04,3284,3284,PAID,0
2487,1265,200,306,2024-12-01,2024-12-05,3284,3284,PAID,0
2488,1265,200,306,2025-01-01,2025-01-03,3284,3284,PAID,0
2489,1265,200,306,2025-02-01,,3284,0,PENDING,482
2490,1265,200,306,2025-03-01,2025-03-08,3284,3284,PAID,0
2491,1265,200,306,2025-04-01,2025-04-07,3284,3284,PAID,0
2492,1265,200,306,2025-05-01,2025-05-03,3284,3284,PAID,0
2493,1265,200,306,2025-06-01,2025-06-05,3284,3284,PAID,0
2494,1265,200,306,2025-07-01,,3284,0,OVERDUE,332
2495,844,201,308,2025-10-01,2025-10-07,2576,2576,PAID,0
2496,844,201,308,2025-11-01,2025-11-05,2576,2576,PAID,0
2497,844,201,308,2025-12-01,2025-12-08,2576,2576,PAID,0
2498,844,201,308,2026-01-01,2026-01-01,2576,2576,PAID,0
2499,844,201,308,2026-02-01,2026-02-01,2576,2576,PAID,0
2500,844,201,308,2026-03-01,2026-03-04,2576,2576,PAID,0
2501,844,201,308,2026-04-01,2026-04-07,2576,2576,PAID,0
2502,844,201,308,2026-05-01,2026-05-04,2576,2576,PAID,0
2503,867,202,310,2024-04-01,,3280,0,OVERDUE,788
2504,867,202,310,2024-05-01,2024-05-02,3280,3280,PAID,0
2505,867,202,310,2024-06-01,2024-06-08,3280,3280,PAID,0
2506,867,202,310,2024-07-01,,3280,0,OVERDUE,697
2507,867,202,310,2024-08-01,2024-08-01,3280,3280,PAID,0
2508,867,202,310,2024-09-01,2024-09-03,3280,3280,PAID,0
2509,867,202,310,2024-10-01,,3280,0,OVERDUE,605
2510,1209,203,311,2024-02-01,2024-02-07,2375,2375,PAID,0
2511,1209,203,311,2024-03-01,2024-03-02,2375,2375,PAID,0
2512,1209,203,311,2024-04-01,,2375,0,OVERDUE,788
2513,1209,203,311,2024-05-01,,2375,0,OVERDUE,758
2514,1209,203,311,2024-06-01,2024-06-04,2375,2375,PAID,0
2515,1209,203,311,2024-07-01,,2375,0,PENDING,697
2516,1209,203,311,2024-08-01,2024-08-01,2375,2375,PAID,0
2517,624,204,312,2025-01-01,2025-01-06,1577,1577,PAID,0
2518,624,204,312,2025-02-01,,1577,0,PENDING,482
2519,624,204,312,2025-03-01,2025-03-05,1577,1577,PAID,0
2520,624,204,312,2025-04-01,2025-04-01,1577,1577,PAID,0
2521,624,204,312,2025-05-01,2025-05-04,1577,1577,PAID,0
2522,624,204,312,2025-06-01,2025-06-06,1577,1577,PAID,0
2523,624,204,312,2025-07-01,2025-07-03,1577,1577,PAID,0
2524,624,204,312,2025-08-01,2025-08-04,1577,1577,PAID,0
2525,624,204,312,2025-09-01,2025-09-05,1577,1577,PAID,0
2526,624,204,312,2025-10-01,2025-10-06,1577,1577,PAID,0
2527,624,204,312,2025-11-01,2025-11-08,1577,1577,PAID,0
2528,624,204,312,2025-12-01,2025-12-03,1577,1577,PAID,0
2529,624,204,312,2026-01-01,2026-01-02,1577,1577,PAID,0
2530,624,204,312,2026-02-01,2026-02-06,1577,1577,PAID,0
2531,624,204,312,2026-03-01,2026-03-01,1577,1577,PAID,0
2532,624,204,312,2026-04-01,2026-04-05,1577,1577,PAID,0
2533,624,204,312,2026-05-01,2026-05-02,1577,1577,PAID,0
2534,129,205,313,2025-01-01,2025-01-04,1298,1298,PAID,0
2535,129,205,313,2025-02-01,2025-02-04,1298,1298,PAID,0
2536,129,205,313,2025-03-01,2025-03-06,1298,1298,PAID,0
2537,129,205,313,2025-04-01,2025-04-02,1298,1298,PAID,0
2538,129,205,313,2025-05-01,,1298,0,OVERDUE,393
2539,129,205,313,2025-06-01,2025-06-03,1298,1298,PAID,0
2540,129,205,313,2025-07-01,2025-07-08,1298,1298,PAID,0
2541,129,205,313,2025-08-01,2025-08-02,1298,1298,PAID,0
2542,129,205,313,2025-09-01,2025-09-07,1298,1298,PAID,0
2543,129,205,313,2025-10-01,2025-10-02,1298,1298,PAID,0
2544,129,205,313,2025-11-01,,1298,0,OVERDUE,209
2545,129,205,313,2025-12-01,,1298,0,OVERDUE,179
2546,129,205,313,2026-01-01,2026-01-07,1298,1298,PAID,0
2547,897,206,316,2024-01-01,,2879,0,OVERDUE,879
2548,897,206,316,2024-02-01,,2879,0,OVERDUE,848
2549,897,206,316,2024-03-01,,2879,0,PENDING,819
2550,897,206,316,2024-04-01,,2879,0,OVERDUE,788
2551,897,206,316,2024-05-01,2024-05-03,2879,2879,PAID,0
2552,897,206,316,2024-06-01,2024-06-07,2879,2879,PAID,0
2553,897,206,316,2024-07-01,2024-07-02,2879,2879,PAID,0
2554,897,206,316,2024-08-01,2024-08-08,2879,2879,PAID,0
2555,897,206,316,2024-09-01,2024-09-03,2879,2879,PAID,0
2556,897,206,316,2024-10-01,2024-10-04,2879,2879,PAID,0
2557,897,206,316,2024-11-01,2024-11-02,2879,2879,PAID,0
2558,897,206,316,2024-12-01,,2879,0,PENDING,544
2559,897,206,316,2025-01-01,2025-01-08,2879,2879,PAID,0
2560,1176,207,317,2025-04-01,2025-04-08,2113,2113,PAID,0
2561,1176,207,317,2025-05-01,2025-05-01,2113,2113,PAID,0
2562,1176,207,317,2025-06-01,2025-06-08,2113,2113,PAID,0
2563,1176,207,317,2025-07-01,2025-07-08,2113,2113,PAID,0
2564,1176,207,317,2025-08-01,2025-08-06,2113,2113,PAID,0
2565,1176,207,317,2025-09-01,,2113,0,PENDING,270
2566,1176,207,317,2025-10-01,2025-10-02,2113,2113,PAID,0
2567,1176,207,317,2025-11-01,2025-11-04,2113,2113,PAID,0
2568,1176,207,317,2025-12-01,2025-12-05,2113,2113,PAID,0
2569,1176,207,317,2026-01-01,2026-01-01,2113,2113,PAID,0
2570,1176,207,317,2026-02-01,,2113,0,PENDING,117
2571,1176,207,317,2026-03-01,2026-03-03,2113,2113,PAID,0
2572,1268,208,321,2024-02-01,2024-02-07,3329,3329,PAID,0
2573,1268,208,321,2024-03-01,2024-03-04,3329,3329,PAID,0
2574,1268,208,321,2024-04-01,2024-04-01,3329,3329,PAID,0
2575,1268,208,321,2024-05-01,,3329,0,OVERDUE,758
2576,1268,208,321,2024-06-01,2024-06-05,3329,3329,PAID,0
2577,1268,208,321,2024-07-01,2024-07-01,3329,3329,PAID,0
2578,1268,208,321,2024-08-01,2024-08-06,3329,3329,PAID,0
2579,812,209,323,2024-08-01,2024-08-08,1057,1057,PAID,0
2580,812,209,323,2024-09-01,2024-09-01,1057,1057,PAID,0
2581,812,209,323,2024-10-01,2024-10-01,1057,1057,PAID,0
2582,812,209,323,2024-11-01,2024-11-04,1057,1057,PAID,0
2583,812,209,323,2024-12-01,2024-12-08,1057,1057,PAID,0
2584,812,209,323,2025-01-01,2025-01-05,1057,1057,PAID,0
2585,812,209,323,2025-02-01,2025-02-03,1057,1057,PAID,0
2586,812,209,323,2025-03-01,2025-03-07,1057,1057,PAID,0
2587,812,209,323,2025-04-01,2025-04-02,1057,1057,PAID,0
2588,812,209,323,2025-05-01,2025-05-04,1057,1057,PAID,0
2589,812,209,323,2025-06-01,,1057,0,PENDING,362
2590,812,209,323,2025-07-01,2025-07-08,1057,1057,PAID,0
2591,812,209,323,2025-08-01,2025-08-01,1057,1057,PAID,0
2592,812,209,323,2025-09-01,,1057,0,PENDING,270
2593,812,209,323,2025-10-01,2025-10-04,1057,1057,PAID,0
2594,812,209,323,2025-11-01,2025-11-07,1057,1057,PAID,0
2595,812,209,323,2025-12-01,2025-12-05,1057,1057,PAID,0
2596,812,209,323,2026-01-01,2026-01-01,1057,1057,PAID,0
2597,812,209,323,2026-02-01,2026-02-03,1057,1057,PAID,0
2598,993,210,325,2024-05-01,2024-05-04,3477,3477,PAID,0
2599,993,210,325,2024-06-01,2024-06-04,3477,3477,PAID,0
2600,993,210,325,2024-07-01,2024-07-02,3477,3477,PAID,0
2601,993,210,325,2024-08-01,,3477,0,OVERDUE,666
2602,993,210,325,2024-09-01,2024-09-02,3477,3477,PAID,0
2603,993,210,325,2024-10-01,2024-10-07,3477,3477,PAID,0
2604,993,210,325,2024-11-01,2024-11-01,3477,3477,PAID,0
2605,45,211,327,2024-07-01,2024-07-02,4118,4118,PAID,0
2606,45,211,327,2024-08-01,2024-08-08,4118,4118,PAID,0
2607,45,211,327,2024-09-01,2024-09-17,4118,2067,PARTIAL,0
2608,45,211,327,2024-10-01,2024-10-05,4118,4118,PAID,0
2609,45,211,327,2024-11-01,2024-11-07,4118,4118,PAID,0
2610,45,211,327,2024-12-01,2024-12-01,4118,4118,PAID,0
2611,45,211,327,2025-01-01,2025-01-06,4118,4118,PAID,0
2612,45,211,327,2025-02-01,2025-02-05,4118,4118,PAID,0
2613,45,211,327,2025-03-01,2025-03-02,4118,4118,PAID,0
2614,45,211,327,2025-04-01,,4118,0,PENDING,423
2615,45,211,327,2025-05-01,2025-05-06,4118,2193,PARTIAL,0
2616,45,211,327,2025-06-01,2025-06-05,4118,4118,PAID,0
2617,45,211,327,2025-07-01,2025-07-01,4118,4118,PAID,0
2618,45,211,327,2025-08-01,,4118,0,PENDING,301
2619,45,211,327,2025-09-01,2025-09-06,4118,4118,PAID,0
2620,45,211,327,2025-10-01,2025-10-04,4118,4118,PAID,0
2621,45,211,327,2025-11-01,2025-11-06,4118,4118,PAID,0
2622,45,211,327,2025-12-01,2025-12-02,4118,4118,PAID,0
2623,45,211,327,2026-01-01,,4118,0,OVERDUE,148
2624,1152,212,329,2024-02-01,2024-02-02,1299,1299,PAID,0
2625,1152,212,329,2024-03-01,2024-03-05,1299,1299,PAID,0
2626,1152,212,329,2024-04-01,2024-04-06,1299,1299,PAID,0
2627,1152,212,329,2024-05-01,2024-05-08,1299,1299,PAID,0
2628,1152,212,329,2024-06-01,2024-06-07,1299,1299,PAID,0
2629,1152,212,329,2024-07-01,2024-07-07,1299,1299,PAID,0
2630,8,213,330,2025-05-01,,2668,0,PENDING,393
2631,8,213,330,2025-06-01,2025-06-08,2668,2668,PAID,0
2632,8,213,330,2025-07-01,2025-07-02,2668,2668,PAID,0
2633,8,213,330,2025-08-01,2025-08-08,2668,2668,PAID,0
2634,8,213,330,2025-09-01,2025-09-02,2668,2668,PAID,0
2635,8,213,330,2025-10-01,2025-10-07,2668,2668,PAID,0
2636,8,213,330,2025-11-01,2025-11-07,2668,2668,PAID,0
2637,8,213,330,2025-12-01,2025-12-06,2668,2668,PAID,0
2638,8,213,330,2026-01-01,2026-01-03,2668,2668,PAID,0
2639,8,213,330,2026-02-01,2026-02-07,2668,2668,PAID,0
2640,8,213,330,2026-03-01,,2668,0,OVERDUE,89
2641,8,213,330,2026-04-01,2026-04-04,2668,2668,PAID,0
2642,8,213,330,2026-05-01,,2668,0,OVERDUE,28
2643,1134,214,331,2024-03-01,2024-03-08,1838,1838,PAID,0
2644,1134,214,331,2024-04-01,2024-04-02,1838,1838,PAID,0
2645,1134,214,331,2024-05-01,2024-05-08,1838,1838,PAID,0
2646,1134,214,331,2024-06-01,2024-06-01,1838,1838,PAID,0
2647,1134,214,331,2024-07-01,2024-07-03,1838,1838,PAID,0
2648,1134,214,331,2024-08-01,2024-08-05,1838,1838,PAID,0
2649,1602,215,334,2024-05-01,2024-05-02,1449,1449,PAID,0
2650,1602,215,334,2024-06-01,2024-06-07,1449,1449,PAID,0
2651,1602,215,334,2024-07-01,,1449,0,OVERDUE,697
2652,1602,215,334,2024-08-01,2024-08-07,1449,1449,PAID,0
2653,1602,215,334,2024-09-01,2024-09-04,1449,1449,PAID,0
2654,1602,215,334,2024-10-01,2024-10-02,1449,1449,PAID,0
2655,1602,215,334,2024-11-01,2024-11-08,1449,1449,PAID,0
2656,1602,215,334,2024-12-01,2024-12-02,1449,1449,PAID,0
2657,1602,215,334,2025-01-01,2025-01-03,1449,1449,PAID,0
2658,1602,215,334,2025-02-01,2025-02-02,1449,1449,PAID,0
2659,1602,215,334,2025-03-01,2025-03-05,1449,1449,PAID,0
2660,1602,215,334,2025-04-01,2025-04-02,1449,1449,PAID,0
2661,1602,215,334,2025-05-01,2025-05-07,1449,1449,PAID,0
2662,1220,216,335,2024-01-01,2024-01-07,2013,2013,PAID,0
2663,1220,216,335,2024-02-01,2024-02-01,2013,2013,PAID,0
2664,1220,216,335,2024-03-01,,2013,0,PENDING,819
2665,1220,216,335,2024-04-01,2024-04-07,2013,2013,PAID,0
2666,1220,216,335,2024-05-01,2024-05-07,2013,2013,PAID,0
2667,1220,216,335,2024-06-01,2024-06-08,2013,2013,PAID,0
2668,1220,216,335,2024-07-01,,2013,0,OVERDUE,697
2669,1220,216,335,2024-08-01,2024-08-04,2013,2013,PAID,0
2670,1220,216,335,2024-09-01,2024-09-05,2013,2013,PAID,0
2671,1220,216,335,2024-10-01,2024-10-08,2013,2013,PAID,0
2672,1220,216,335,2024-11-01,2024-11-04,2013,2013,PAID,0
2673,1220,216,335,2024-12-01,2024-12-04,2013,2013,PAID,0
2674,1220,216,335,2025-01-01,2025-01-02,2013,2013,PAID,0
2675,1220,216,335,2025-02-01,2025-02-03,2013,2013,PAID,0
2676,1220,216,335,2025-03-01,2025-03-03,2013,2013,PAID,0
2677,1220,216,335,2025-04-01,2025-04-02,2013,2013,PAID,0
2678,1220,216,335,2025-05-01,2025-05-03,2013,2013,PAID,0
2679,1220,216,335,2025-06-01,2025-06-01,2013,2013,PAID,0
2680,1220,216,335,2025-07-01,2025-07-04,2013,2013,PAID,0
2681,937,217,336,2025-04-01,2025-04-01,3970,3970,PAID,0
2682,937,217,336,2025-05-01,,3970,0,OVERDUE,393
2683,937,217,336,2025-06-01,2025-06-03,3970,3970,PAID,0
2684,937,217,336,2025-07-01,2025-07-02,3970,3970,PAID,0
2685,937,217,336,2025-08-01,2025-08-03,3970,3970,PAID,0
2686,937,217,336,2025-09-01,2025-09-03,3970,3970,PAID,0
2687,937,217,336,2025-10-01,2025-10-02,3970,3970,PAID,0
2688,629,218,339,2025-11-01,2025-11-01,2398,2398,PAID,0
2689,629,218,339,2025-12-01,2025-12-02,2398,2398,PAID,0
2690,629,218,339,2026-01-01,2026-01-07,2398,2398,PAID,0
2691,629,218,339,2026-02-01,2026-02-08,2398,2398,PAID,0
2692,629,218,339,2026-03-01,2026-03-08,2398,2398,PAID,0
2693,629,218,339,2026-04-01,2026-04-05,2398,2398,PAID,0
2694,629,218,339,2026-05-01,,2398,0,PENDING,28
2695,1405,219,342,2024-04-01,2024-04-05,2831,2831,PAID,0
2696,1405,219,342,2024-05-01,2024-05-08,2831,2831,PAID,0
2697,1405,219,342,2024-06-01,2024-06-01,2831,2831,PAID,0
2698,1405,219,342,2024-07-01,2024-07-03,2831,2831,PAID,0
2699,1405,219,342,2024-08-01,2024-08-02,2831,2831,PAID,0
2700,1405,219,342,2024-09-01,2024-09-07,2831,2831,PAID,0
2701,1405,219,342,2024-10-01,,2831,0,PENDING,605
2702,1393,220,343,2025-01-01,2025-01-11,1042,580,PARTIAL,0
2703,1393,220,343,2025-02-01,2025-02-02,1042,1042,PAID,0
2704,1393,220,343,2025-03-01,2025-03-06,1042,545,PARTIAL,0
2705,1393,220,343,2025-04-01,2025-04-06,1042,1042,PAID,0
2706,1393,220,343,2025-05-01,2025-05-04,1042,1042,PAID,0
2707,1393,220,343,2025-06-01,2025-06-07,1042,1042,PAID,0
2708,1393,220,343,2025-07-01,2025-07-02,1042,1042,PAID,0
2709,1393,220,343,2025-08-01,2025-08-08,1042,1042,PAID,0
2710,1393,220,343,2025-09-01,2025-09-11,1042,711,PARTIAL,0
2711,1393,220,343,2025-10-01,2025-10-03,1042,1042,PAID,0
2712,1393,220,343,2025-11-01,2025-11-07,1042,1042,PAID,0
2713,1393,220,343,2025-12-01,2025-12-05,1042,1042,PAID,0
2714,1393,220,343,2026-01-01,2026-01-04,1042,1042,PAID,0
2715,1393,220,343,2026-02-01,2026-02-02,1042,1042,PAID,0
2716,1393,220,343,2026-03-01,2026-03-04,1042,1042,PAID,0
2717,1393,220,343,2026-04-01,2026-04-01,1042,1042,PAID,0
2718,1393,220,343,2026-05-01,2026-05-03,1042,1042,PAID,0
2719,1020,221,344,2025-06-01,2025-06-02,1012,1012,PAID,0
2720,1020,221,344,2025-07-01,2025-07-01,1012,1012,PAID,0
2721,1020,221,344,2025-08-01,2025-08-07,1012,1012,PAID,0
2722,1020,221,344,2025-09-01,2025-09-11,1012,430,PARTIAL,0
2723,1020,221,344,2025-10-01,2025-10-03,1012,1012,PAID,0
2724,1020,221,344,2025-11-01,2025-11-04,1012,1012,PAID,0
2725,1020,221,344,2025-12-01,,1012,0,PENDING,179
2726,1020,221,344,2026-01-01,2026-01-07,1012,1012,PAID,0
2727,1020,221,344,2026-02-01,,1012,0,OVERDUE,117
2728,1020,221,344,2026-03-01,,1012,0,PENDING,89
2729,1020,221,344,2026-04-01,2026-04-08,1012,1012,PAID,0
2730,1020,221,344,2026-05-01,2026-05-06,1012,1012,PAID,0
2731,523,222,346,2025-02-01,2025-02-01,2311,2311,PAID,0
2732,523,222,346,2025-03-01,2025-03-01,2311,2311,PAID,0
2733,523,222,346,2025-04-01,2025-04-01,2311,2311,PAID,0
2734,523,222,346,2025-05-01,2025-05-03,2311,2311,PAID,0
2735,523,222,346,2025-06-01,2025-06-05,2311,2311,PAID,0
2736,523,222,346,2025-07-01,2025-07-06,2311,2311,PAID,0
2737,523,222,346,2025-08-01,2025-08-06,2311,2311,PAID,0
2738,523,222,346,2025-09-01,2025-09-04,2311,2311,PAID,0
2739,523,222,346,2025-10-01,2025-10-02,2311,2311,PAID,0
2740,523,222,346,2025-11-01,2025-11-05,2311,2311,PAID,0
2741,523,222,346,2025-12-01,2025-12-09,2311,1366,PARTIAL,0
2742,523,222,346,2026-01-01,2026-01-06,2311,2311,PAID,0
2743,523,222,346,2026-02-01,2026-02-06,2311,2311,PAID,0
2744,523,222,346,2026-03-01,2026-03-05,2311,2311,PAID,0
2745,523,222,346,2026-04-01,2026-04-03,2311,2311,PAID,0
2746,523,222,346,2026-05-01,2026-05-02,2311,2311,PAID,0
2747,1146,223,349,2024-05-01,2024-05-05,3194,3194,PAID,0
2748,1146,223,349,2024-06-01,,3194,0,PENDING,727
2749,1146,223,349,2024-07-01,,3194,0,PENDING,697
2750,1146,223,349,2024-08-01,,3194,0,OVERDUE,666
2751,1146,223,349,2024-09-01,,3194,0,OVERDUE,635
2752,1146,223,349,2024-10-01,2024-10-03,3194,3194,PAID,0
2753,721,224,350,2024-10-01,2024-10-07,3978,3978,PAID,0
2754,721,224,350,2024-11-01,,3978,0,PENDING,574
2755,721,224,350,2024-12-01,2024-12-07,3978,3978,PAID,0
2756,721,224,350,2025-01-01,2025-01-05,3978,3978,PAID,0
2757,721,224,350,2025-02-01,2025-02-02,3978,3978,PAID,0
2758,721,224,350,2025-03-01,,3978,0,PENDING,454
2759,721,224,350,2025-04-01,2025-04-05,3978,3978,PAID,0
2760,721,224,350,2025-05-01,2025-05-02,3978,3978,PAID,0
2761,721,224,350,2025-06-01,2025-06-04,3978,3978,PAID,0
2762,721,224,350,2025-07-01,2025-07-04,3978,3978,PAID,0
2763,721,224,350,2025-08-01,2025-08-08,3978,3978,PAID,0
2764,721,224,350,2025-09-01,2025-09-06,3978,3978,PAID,0
2765,721,224,350,2025-10-01,2025-10-01,3978,3978,PAID,0
2766,721,224,350,2025-11-01,2025-11-07,3978,3978,PAID,0
2767,721,224,350,2025-12-01,2025-12-05,3978,3978,PAID,0
2768,721,224,350,2026-01-01,2026-01-08,3978,3978,PAID,0
2769,721,224,350,2026-02-01,2026-02-05,3978,3978,PAID,0
2770,721,224,350,2026-03-01,,3978,0,OVERDUE,89
2771,721,224,350,2026-04-01,2026-04-03,3978,3978,PAID,0
2772,1266,225,352,2024-04-01,2024-04-08,2177,2177,PAID,0
2773,1266,225,352,2024-05-01,2024-05-04,2177,2177,PAID,0
2774,1266,225,352,2024-06-01,2024-06-02,2177,2177,PAID,0
2775,1266,225,352,2024-07-01,2024-07-02,2177,2177,PAID,0
2776,1266,225,352,2024-08-01,2024-08-04,2177,2177,PAID,0
2777,1266,225,352,2024-09-01,2024-09-08,2177,2177,PAID,0
2778,1266,225,352,2024-10-01,2024-10-07,2177,2177,PAID,0
2779,1266,225,352,2024-11-01,2024-11-08,2177,2177,PAID,0
2780,1266,225,352,2024-12-01,2024-12-02,2177,2177,PAID,0
2781,1266,225,352,2025-01-01,2025-01-04,2177,2177,PAID,0
2782,1266,225,352,2025-02-01,2025-02-01,2177,2177,PAID,0
2783,1266,225,352,2025-03-01,2025-03-03,2177,2177,PAID,0
2784,1266,225,352,2025-04-01,2025-04-03,2177,2177,PAID,0
2785,1266,225,352,2025-05-01,2025-05-05,2177,2177,PAID,0
2786,1266,225,352,2025-06-01,2025-06-04,2177,2177,PAID,0
2787,1266,225,352,2025-07-01,,2177,0,PENDING,332
2788,1266,225,352,2025-08-01,2025-08-04,2177,2177,PAID,0
2789,1266,225,352,2025-09-01,2025-09-04,2177,2177,PAID,0
2790,1266,225,352,2025-10-01,2025-10-05,2177,2177,PAID,0
2791,1266,225,352,2025-11-01,,2177,0,OVERDUE,209
2792,1266,225,352,2025-12-01,2025-12-02,2177,2177,PAID,0
2793,1266,225,352,2026-01-01,2026-01-05,2177,2177,PAID,0
2794,1266,225,352,2026-02-01,2026-02-03,2177,2177,PAID,0
2795,1266,225,352,2026-03-01,2026-03-05,2177,2177,PAID,0
2796,1266,225,352,2026-04-01,2026-04-01,2177,2177,PAID,0
2797,1743,226,353,2024-03-01,2024-03-05,3830,3830,PAID,0
2798,1743,226,353,2024-04-01,2024-04-06,3830,3830,PAID,0
2799,1743,226,353,2024-05-01,2024-05-05,3830,3830,PAID,0
2800,1743,226,353,2024-06-01,2024-06-06,3830,3830,PAID,0
2801,1743,226,353,2024-07-01,2024-07-02,3830,3830,PAID,0
2802,1743,226,353,2024-08-01,2024-08-07,3830,3830,PAID,0
2803,1743,226,353,2024-09-01,2024-09-06,3830,3830,PAID,0
2804,1743,226,353,2024-10-01,2024-10-05,3830,3830,PAID,0
2805,1743,226,353,2024-11-01,2024-11-05,3830,3830,PAID,0
2806,1743,226,353,2024-12-01,2024-12-08,3830,3830,PAID,0
2807,1743,226,353,2025-01-01,2025-01-02,3830,3830,PAID,0
2808,1743,226,353,2025-02-01,,3830,0,OVERDUE,482
2809,1743,226,353,2025-03-01,2025-03-06,3830,3830,PAID,0
2810,1743,226,353,2025-04-01,2025-04-03,3830,3830,PAID,0
2811,1743,226,353,2025-05-01,2025-05-06,3830,3830,PAID,0
2812,1743,226,353,2025-06-01,2025-06-16,3830,2310,PARTIAL,0
2813,1743,226,353,2025-07-01,2025-07-03,3830,3830,PAID,0
2814,1743,226,353,2025-08-01,2025-08-02,3830,3830,PAID,0
2815,1743,226,353,2025-09-01,2025-09-02,3830,3830,PAID,0
2816,1170,227,354,2024-09-01,2024-09-04,3663,3663,PAID,0
2817,1170,227,354,2024-10-01,2024-10-06,3663,3663,PAID,0
2818,1170,227,354,2024-11-01,2024-11-03,3663,3663,PAID,0
2819,1170,227,354,2024-12-01,2024-12-03,3663,3663,PAID,0
2820,1170,227,354,2025-01-01,2025-01-03,3663,3663,PAID,0
2821,1170,227,354,2025-02-01,2025-02-07,3663,3663,PAID,0
2822,1170,227,354,2025-03-01,2025-03-07,3663,3663,PAID,0
2823,1170,227,354,2025-04-01,2025-04-07,3663,3663,PAID,0
2824,1170,227,354,2025-05-01,2025-05-03,3663,3663,PAID,0
2825,1170,227,354,2025-06-01,2025-06-04,3663,3663,PAID,0
2826,1170,227,354,2025-07-01,2025-07-07,3663,3663,PAID,0
2827,1170,227,354,2025-08-01,2025-08-05,3663,3663,PAID,0
2828,1170,227,354,2025-09-01,2025-09-02,3663,3663,PAID,0
2829,583,228,355,2024-02-01,2024-02-04,1539,1539,PAID,0
2830,583,228,355,2024-03-01,2024-03-01,1539,1539,PAID,0
2831,583,228,355,2024-04-01,,1539,0,PENDING,788
2832,583,228,355,2024-05-01,,1539,0,PENDING,758
2833,583,228,355,2024-06-01,,1539,0,PENDING,727
2834,583,228,355,2024-07-01,2024-07-05,1539,1539,PAID,0
2835,583,228,355,2024-08-01,2024-08-03,1539,1539,PAID,0
2836,583,228,355,2024-09-01,2024-09-07,1539,1539,PAID,0
2837,583,228,355,2024-10-01,2024-10-03,1539,1539,PAID,0
2838,583,228,355,2024-11-01,2024-11-04,1539,1539,PAID,0
2839,583,228,355,2024-12-01,2024-12-04,1539,1539,PAID,0
2840,583,228,355,2025-01-01,2025-01-05,1539,1539,PAID,0
2841,583,228,355,2025-02-01,2025-02-04,1539,1539,PAID,0
2842,831,229,356,2024-10-01,,2793,0,OVERDUE,605
2843,831,229,356,2024-11-01,2024-11-08,2793,2793,PAID,0
2844,831,229,356,2024-12-01,2024-12-07,2793,2793,PAID,0
2845,831,229,356,2025-01-01,2025-01-05,2793,2793,PAID,0
2846,831,229,356,2025-02-01,2025-02-07,2793,2793,PAID,0
2847,831,229,356,2025-03-01,2025-03-06,2793,2793,PAID,0
2848,831,229,356,2025-04-01,,2793,0,PENDING,423
2849,831,229,356,2025-05-01,2025-05-04,2793,2793,PAID,0
2850,831,229,356,2025-06-01,2025-06-03,2793,2793,PAID,0
2851,831,229,356,2025-07-01,2025-07-03,2793,2793,PAID,0
2852,831,229,356,2025-08-01,2025-08-06,2793,2793,PAID,0
2853,831,229,356,2025-09-01,2025-09-05,2793,2793,PAID,0
2854,831,229,356,2025-10-01,2025-10-01,2793,2793,PAID,0
2855,565,230,358,2024-05-01,2024-05-06,3141,3141,PAID,0
2856,565,230,358,2024-06-01,2024-06-06,3141,3141,PAID,0
2857,565,230,358,2024-07-01,2024-07-08,3141,3141,PAID,0
2858,565,230,358,2024-08-01,,3141,0,PENDING,666
2859,565,230,358,2024-09-01,,3141,0,PENDING,635
2860,565,230,358,2024-10-01,2024-10-07,3141,3141,PAID,0
2861,565,230,358,2024-11-01,,3141,0,PENDING,574
2862,155,231,359,2024-05-01,2024-05-07,3318,3318,PAID,0
2863,155,231,359,2024-06-01,2024-06-04,3318,3318,PAID,0
2864,155,231,359,2024-07-01,2024-07-02,3318,3318,PAID,0
2865,155,231,359,2024-08-01,,3318,0,PENDING,666
2866,155,231,359,2024-09-01,2024-09-06,3318,3318,PAID,0
2867,155,231,359,2024-10-01,2024-10-08,3318,3318,PAID,0
2868,155,231,359,2024-11-01,2024-11-04,3318,3318,PAID,0
2869,155,231,359,2024-12-01,2024-12-06,3318,3318,PAID,0
2870,155,231,359,2025-01-01,2025-01-08,3318,3318,PAID,0
2871,155,231,359,2025-02-01,2025-02-05,3318,3318,PAID,0
2872,155,231,359,2025-03-01,2025-03-17,3318,2129,PARTIAL,0
2873,155,231,359,2025-04-01,2025-04-07,3318,3318,PAID,0
2874,155,231,359,2025-05-01,2025-05-07,3318,3318,PAID,0
2875,1043,232,360,2025-08-01,2025-08-05,3986,3986,PAID,0
2876,1043,232,360,2025-09-01,2025-09-07,3986,3986,PAID,0
2877,1043,232,360,2025-10-01,2025-10-08,3986,3986,PAID,0
2878,1043,232,360,2025-11-01,2025-11-01,3986,3986,PAID,0
2879,1043,232,360,2025-12-01,,3986,0,PENDING,179
2880,1043,232,360,2026-01-01,,3986,0,PENDING,148
2881,1043,232,360,2026-02-01,2026-02-01,3986,3986,PAID,0
2882,1043,232,360,2026-03-01,2026-03-05,3986,3986,PAID,0
2883,1043,232,360,2026-04-01,2026-04-02,3986,3986,PAID,0
2884,1043,232,360,2026-05-01,2026-05-04,3986,3986,PAID,0
2885,397,233,361,2025-11-01,,1581,0,PENDING,209
2886,397,233,361,2025-12-01,2025-12-08,1581,1581,PAID,0
2887,397,233,361,2026-01-01,2026-01-07,1581,1581,PAID,0
2888,397,233,361,2026-02-01,2026-02-06,1581,1581,PAID,0
2889,397,233,361,2026-03-01,2026-03-06,1581,1581,PAID,0
2890,397,233,361,2026-04-01,2026-04-06,1581,1581,PAID,0
2891,397,233,361,2026-05-01,2026-05-07,1581,1581,PAID,0
2892,1644,234,362,2024-11-01,,2583,0,OVERDUE,574
2893,1644,234,362,2024-12-01,2024-12-07,2583,2583,PAID,0
2894,1644,234,362,2025-01-01,2025-01-05,2583,2583,PAID,0
2895,1644,234,362,2025-02-01,2025-02-03,2583,2583,PAID,0
2896,1644,234,362,2025-03-01,2025-03-04,2583,2583,PAID,0
2897,1644,234,362,2025-04-01,2025-04-11,2583,1535,PARTIAL,0
2898,1644,234,362,2025-05-01,2025-05-07,2583,2583,PAID,0
2899,1644,234,362,2025-06-01,2025-06-06,2583,2583,PAID,0
2900,1644,234,362,2025-07-01,2025-07-05,2583,2583,PAID,0
2901,1644,234,362,2025-08-01,2025-08-01,2583,2583,PAID,0
2902,1644,234,362,2025-09-01,2025-09-07,2583,2583,PAID,0
2903,1644,234,362,2025-10-01,2025-10-04,2583,2583,PAID,0
2904,1644,234,362,2025-11-01,2025-11-05,2583,2583,PAID,0
2905,1644,234,362,2025-12-01,2025-12-05,2583,2583,PAID,0
2906,1644,234,362,2026-01-01,,2583,0,OVERDUE,148
2907,1644,234,362,2026-02-01,,2583,0,PENDING,117
2908,1644,234,362,2026-03-01,2026-03-08,2583,2583,PAID,0
2909,1644,234,362,2026-04-01,,2583,0,PENDING,58
2910,1644,234,362,2026-05-01,2026-05-03,2583,2583,PAID,0
2911,1246,235,363,2025-01-01,,1348,0,OVERDUE,513
2912,1246,235,363,2025-02-01,,1348,0,PENDING,482
2913,1246,235,363,2025-03-01,2025-03-01,1348,1348,PAID,0
2914,1246,235,363,2025-04-01,,1348,0,PENDING,423
2915,1246,235,363,2025-05-01,2025-05-04,1348,1348,PAID,0
2916,1246,235,363,2025-06-01,2025-06-08,1348,1348,PAID,0
2917,1246,235,363,2025-07-01,2025-07-03,1348,1348,PAID,0
2918,1246,235,363,2025-08-01,2025-08-05,1348,1348,PAID,0
2919,1246,235,363,2025-09-01,2025-09-02,1348,1348,PAID,0
2920,1246,235,363,2025-10-01,2025-10-04,1348,1348,PAID,0
2921,1246,235,363,2025-11-01,2025-11-05,1348,1348,PAID,0
2922,1246,235,363,2025-12-01,2025-12-07,1348,1348,PAID,0
2923,1246,235,363,2026-01-01,,1348,0,PENDING,148
2924,1246,235,363,2026-02-01,,1348,0,PENDING,117
2925,1246,235,363,2026-03-01,2026-03-04,1348,1348,PAID,0
2926,1246,235,363,2026-04-01,2026-04-06,1348,1348,PAID,0
2927,1246,235,363,2026-05-01,2026-05-02,1348,1348,PAID,0
2928,1643,236,366,2025-11-01,2025-11-02,1987,1987,PAID,0
2929,1643,236,366,2025-12-01,,1987,0,PENDING,179
2930,1643,236,366,2026-01-01,2026-01-07,1987,1987,PAID,0
2931,1643,236,366,2026-02-01,2026-02-02,1987,1987,PAID,0
2932,1643,236,366,2026-03-01,2026-03-15,1987,1210,PARTIAL,0
2933,1643,236,366,2026-04-01,2026-04-05,1987,1987,PAID,0
2934,1643,236,366,2026-05-01,2026-05-06,1987,1987,PAID,0
2935,1033,237,367,2025-10-01,2025-10-08,2541,2541,PAID,0
2936,1033,237,367,2025-11-01,2025-11-07,2541,2541,PAID,0
2937,1033,237,367,2025-12-01,2025-12-01,2541,2541,PAID,0
2938,1033,237,367,2026-01-01,,2541,0,OVERDUE,148
2939,1033,237,367,2026-02-01,2026-02-07,2541,2541,PAID,0
2940,1033,237,367,2026-03-01,2026-03-04,2541,2541,PAID,0
2941,1033,237,367,2026-04-01,2026-04-04,2541,2541,PAID,0
2942,1033,237,367,2026-05-01,2026-05-05,2541,2541,PAID,0
2943,1735,238,369,2024-08-01,2024-08-05,2041,2041,PAID,0
2944,1735,238,369,2024-09-01,2024-09-07,2041,2041,PAID,0
2945,1735,238,369,2024-10-01,2024-10-04,2041,2041,PAID,0
2946,1735,238,369,2024-11-01,2024-11-02,2041,2041,PAID,0
2947,1735,238,369,2024-12-01,2024-12-03,2041,2041,PAID,0
2948,1735,238,369,2025-01-01,2025-01-06,2041,2041,PAID,0
2949,1735,238,369,2025-02-01,2025-02-07,2041,2041,PAID,0
2950,1735,238,369,2025-03-01,2025-03-01,2041,2041,PAID,0
2951,1735,238,369,2025-04-01,2025-04-04,2041,2041,PAID,0
2952,1735,238,369,2025-05-01,,2041,0,PENDING,393
2953,1735,238,369,2025-06-01,,2041,0,OVERDUE,362
2954,1735,238,369,2025-07-01,2025-07-06,2041,2041,PAID,0
2955,1735,238,369,2025-08-01,2025-08-07,2041,2041,PAID,0
2956,620,239,370,2024-03-01,2024-03-07,1446,1446,PAID,0
2957,620,239,370,2024-04-01,,1446,0,OVERDUE,788
2958,620,239,370,2024-05-01,2024-05-07,1446,1446,PAID,0
2959,620,239,370,2024-06-01,2024-06-06,1446,1446,PAID,0
2960,620,239,370,2024-07-01,2024-07-08,1446,1446,PAID,0
2961,620,239,370,2024-08-01,,1446,0,PENDING,666
2962,620,239,370,2024-09-01,2024-09-08,1446,1446,PAID,0
2963,620,239,370,2024-10-01,2024-10-19,1446,722,PARTIAL,0
2964,620,239,370,2024-11-01,2024-11-05,1446,1446,PAID,0
2965,620,239,370,2024-12-01,2024-12-05,1446,1446,PAID,0
2966,620,239,370,2025-01-01,,1446,0,PENDING,513
2967,620,239,370,2025-02-01,2025-02-03,1446,1446,PAID,0
2968,620,239,370,2025-03-01,2025-03-04,1446,1446,PAID,0
2969,620,239,370,2025-04-01,2025-04-08,1446,1446,PAID,0
2970,620,239,370,2025-05-01,,1446,0,PENDING,393
2971,620,239,370,2025-06-01,,1446,0,PENDING,362
2972,620,239,370,2025-07-01,,1446,0,PENDING,332
2973,620,239,370,2025-08-01,2025-08-18,1446,644,PARTIAL,0
2974,620,239,370,2025-09-01,2025-09-07,1446,1446,PAID,0
2975,231,240,372,2025-07-01,2025-07-05,1926,1926,PAID,0
2976,231,240,372,2025-08-01,2025-08-03,1926,1926,PAID,0
2977,231,240,372,2025-09-01,2025-09-08,1926,1926,PAID,0
2978,231,240,372,2025-10-01,2025-10-06,1926,1926,PAID,0
2979,231,240,372,2025-11-01,2025-11-08,1926,1926,PAID,0
2980,231,240,372,2025-12-01,2025-12-05,1926,1926,PAID,0
2981,231,240,372,2026-01-01,2026-01-06,1926,1926,PAID,0
2982,842,241,374,2024-12-01,2024-12-04,2208,2208,PAID,0
2983,842,241,374,2025-01-01,2025-01-04,2208,2208,PAID,0
2984,842,241,374,2025-02-01,2025-02-01,2208,2208,PAID,0
2985,842,241,374,2025-03-01,,2208,0,PENDING,454
2986,842,241,374,2025-04-01,2025-04-01,2208,2208,PAID,0
2987,842,241,374,2025-05-01,2025-05-05,2208,2208,PAID,0
2988,842,241,374,2025-06-01,2025-06-07,2208,2208,PAID,0
2989,842,241,374,2025-07-01,2025-07-06,2208,2208,PAID,0
2990,842,241,374,2025-08-01,2025-08-03,2208,2208,PAID,0
2991,842,241,374,2025-09-01,2025-09-05,2208,2208,PAID,0
2992,842,241,374,2025-10-01,2025-10-06,2208,2208,PAID,0
2993,842,241,374,2025-11-01,2025-11-06,2208,2208,PAID,0
2994,842,241,374,2025-12-01,2025-12-07,2208,2208,PAID,0
2995,947,242,375,2024-12-01,2024-12-06,3752,3752,PAID,0
2996,947,242,375,2025-01-01,,3752,0,OVERDUE,513
2997,947,242,375,2025-02-01,,3752,0,OVERDUE,482
2998,947,242,375,2025-03-01,,3752,0,PENDING,454
2999,947,242,375,2025-04-01,2025-04-07,3752,3752,PAID,0
3000,947,242,375,2025-05-01,2025-05-01,3752,3752,PAID,0
3001,947,242,375,2025-06-01,2025-06-01,3752,3752,PAID,0
3002,497,243,377,2024-05-01,,3570,0,PENDING,758
3003,497,243,377,2024-06-01,2024-06-08,3570,3570,PAID,0
3004,497,243,377,2024-07-01,2024-07-02,3570,3570,PAID,0
3005,497,243,377,2024-08-01,2024-08-04,3570,3570,PAID,0
3006,497,243,377,2024-09-01,,3570,0,PENDING,635
3007,497,243,377,2024-10-01,2024-10-06,3570,3570,PAID,0
3008,497,243,377,2024-11-01,,3570,0,PENDING,574
3009,592,244,378,2025-11-01,2025-11-07,1736,1736,PAID,0
3010,592,244,378,2025-12-01,,1736,0,PENDING,179
3011,592,244,378,2026-01-01,2026-01-07,1736,987,PARTIAL,0
3012,592,244,378,2026-02-01,2026-02-06,1736,1736,PAID,0
3013,592,244,378,2026-03-01,2026-03-08,1736,1736,PAID,0
3014,592,244,378,2026-04-01,,1736,0,PENDING,58
3015,592,244,378,2026-05-01,2026-05-07,1736,1736,PAID,0
3016,1719,245,380,2025-08-01,2025-08-05,1597,1597,PAID,0
3017,1719,245,380,2025-09-01,2025-09-07,1597,1597,PAID,0
3018,1719,245,380,2025-10-01,,1597,0,OVERDUE,240
3019,1719,245,380,2025-11-01,2025-11-07,1597,1597,PAID,0
3020,1719,245,380,2025-12-01,2025-12-01,1597,1597,PAID,0
3021,1719,245,380,2026-01-01,2026-01-08,1597,1597,PAID,0
3022,1719,245,380,2026-02-01,2026-02-07,1597,1597,PAID,0
3023,939,246,382,2025-07-01,2025-07-07,3538,3538,PAID,0
3024,939,246,382,2025-08-01,2025-08-03,3538,3538,PAID,0
3025,939,246,382,2025-09-01,2025-09-01,3538,3538,PAID,0
3026,939,246,382,2025-10-01,2025-10-03,3538,3538,PAID,0
3027,939,246,382,2025-11-01,2025-11-06,3538,3538,PAID,0
3028,939,246,382,2025-12-01,2025-12-15,3538,1768,PARTIAL,0
3029,939,246,382,2026-01-01,2026-01-02,3538,3538,PAID,0
3030,939,246,382,2026-02-01,2026-02-03,3538,3538,PAID,0
3031,939,246,382,2026-03-01,2026-03-04,3538,3538,PAID,0
3032,939,246,382,2026-04-01,2026-04-03,3538,3538,PAID,0
3033,939,246,382,2026-05-01,2026-05-03,3538,3538,PAID,0
3034,1063,247,385,2025-09-01,2025-09-05,3803,3803,PAID,0
3035,1063,247,385,2025-10-01,,3803,0,PENDING,240
3036,1063,247,385,2025-11-01,2025-11-08,3803,3803,PAID,0
3037,1063,247,385,2025-12-01,2025-12-07,3803,3803,PAID,0
3038,1063,247,385,2026-01-01,2026-01-03,3803,3803,PAID,0
3039,1063,247,385,2026-02-01,2026-02-01,3803,3803,PAID,0
3040,1063,247,385,2026-03-01,2026-03-04,3803,3803,PAID,0
3041,1063,247,385,2026-04-01,,3803,0,PENDING,58
3042,1063,247,385,2026-05-01,2026-05-07,3803,3803,PAID,0
3043,1933,248,387,2025-05-01,2025-05-08,2526,2526,PAID,0
3044,1933,248,387,2025-06-01,2025-06-04,2526,2526,PAID,0
3045,1933,248,387,2025-07-01,2025-07-02,2526,2526,PAID,0
3046,1933,248,387,2025-08-01,2025-08-06,2526,2526,PAID,0
3047,1933,248,387,2025-09-01,2025-09-08,2526,2526,PAID,0
3048,1933,248,387,2025-10-01,2025-10-05,2526,2526,PAID,0
3049,1933,248,387,2025-11-01,,2526,0,PENDING,209
3050,1933,248,387,2025-12-01,2025-12-06,2526,2526,PAID,0
3051,1933,248,387,2026-01-01,2026-01-05,2526,2526,PAID,0
3052,1933,248,387,2026-02-01,2026-02-03,2526,2526,PAID,0
3053,1933,248,387,2026-03-01,,2526,0,OVERDUE,89
3054,1933,248,387,2026-04-01,2026-04-08,2526,2526,PAID,0
3055,1933,248,387,2026-05-01,2026-05-06,2526,2526,PAID,0
3056,1291,249,388,2025-11-01,2025-11-14,2447,1752,PARTIAL,0
3057,1291,249,388,2025-12-01,2025-12-07,2447,2447,PAID,0
3058,1291,249,388,2026-01-01,2026-01-08,2447,2447,PAID,0
3059,1291,249,388,2026-02-01,2026-02-02,2447,2447,PAID,0
3060,1291,249,388,2026-03-01,2026-03-04,2447,2447,PAID,0
3061,1291,249,388,2026-04-01,,2447,0,OVERDUE,58
3062,1291,249,388,2026-05-01,2026-05-04,2447,2447,PAID,0
3063,423,250,389,2025-04-01,2025-04-06,4034,4034,PAID,0
3064,423,250,389,2025-05-01,2025-05-04,4034,4034,PAID,0
3065,423,250,389,2025-06-01,2025-06-07,4034,4034,PAID,0
3066,423,250,389,2025-07-01,2025-07-02,4034,4034,PAID,0
3067,423,250,389,2025-08-01,2025-08-06,4034,4034,PAID,0
3068,423,250,389,2025-09-01,2025-09-02,4034,4034,PAID,0
3069,423,250,389,2025-10-01,2025-10-06,4034,4034,PAID,0
3070,423,250,389,2025-11-01,2025-11-01,4034,4034,PAID,0
3071,423,250,389,2025-12-01,,4034,0,PENDING,179
3072,423,250,389,2026-01-01,2026-01-02,4034,4034,PAID,0
3073,423,250,389,2026-02-01,,4034,0,OVERDUE,117
3074,423,250,389,2026-03-01,2026-03-14,4034,2991,PARTIAL,0
3075,423,250,389,2026-04-01,2026-04-02,4034,4034,PAID,0
3076,423,250,389,2026-05-01,2026-05-06,4034,4034,PAID,0
3077,817,251,391,2025-05-01,2025-05-03,2150,2150,PAID,0
3078,817,251,391,2025-06-01,2025-06-04,2150,2150,PAID,0
3079,817,251,391,2025-07-01,,2150,0,OVERDUE,332
3080,817,251,391,2025-08-01,2025-08-04,2150,2150,PAID,0
3081,817,251,391,2025-09-01,2025-09-02,2150,2150,PAID,0
3082,817,251,391,2025-10-01,2025-10-01,2150,2150,PAID,0
3083,817,251,391,2025-11-01,2025-11-04,2150,2150,PAID,0
3084,817,251,391,2025-12-01,2025-12-07,2150,1456,PARTIAL,0
3085,817,251,391,2026-01-01,,2150,0,PENDING,148
3086,817,251,391,2026-02-01,2026-02-03,2150,2150,PAID,0
3087,817,251,391,2026-03-01,2026-03-03,2150,2150,PAID,0
3088,817,251,391,2026-04-01,2026-04-03,2150,2150,PAID,0
3089,817,251,391,2026-05-01,2026-05-06,2150,2150,PAID,0
3090,1502,252,392,2025-04-01,2025-04-04,2636,2636,PAID,0
3091,1502,252,392,2025-05-01,2025-05-19,2636,977,PARTIAL,0
3092,1502,252,392,2025-06-01,2025-06-02,2636,2636,PAID,0
3093,1502,252,392,2025-07-01,2025-07-06,2636,2636,PAID,0
3094,1502,252,392,2025-08-01,2025-08-04,2636,2636,PAID,0
3095,1502,252,392,2025-09-01,2025-09-02,2636,2636,PAID,0
3096,1502,252,392,2025-10-01,2025-10-07,2636,2636,PAID,0
3097,1502,252,392,2025-11-01,2025-11-04,2636,2636,PAID,0
3098,1502,252,392,2025-12-01,2025-12-06,2636,2636,PAID,0
3099,1502,252,392,2026-01-01,2026-01-01,2636,2636,PAID,0
3100,1502,252,392,2026-02-01,,2636,0,OVERDUE,117
3101,1502,252,392,2026-03-01,2026-03-01,2636,2636,PAID,0
3102,1502,252,392,2026-04-01,2026-04-05,2636,2636,PAID,0
3103,1191,253,394,2024-08-01,2024-08-08,3303,3303,PAID,0
3104,1191,253,394,2024-09-01,2024-09-02,3303,3303,PAID,0
3105,1191,253,394,2024-10-01,2024-10-02,3303,3303,PAID,0
3106,1191,253,394,2024-11-01,,3303,0,OVERDUE,574
3107,1191,253,394,2024-12-01,2024-12-07,3303,3303,PAID,0
3108,1191,253,394,2025-01-01,2025-01-05,3303,3303,PAID,0
3109,1191,253,394,2025-02-01,2025-02-06,3303,3303,PAID,0
3110,1191,253,394,2025-03-01,2025-03-07,3303,3303,PAID,0
3111,1191,253,394,2025-04-01,2025-04-07,3303,3303,PAID,0
3112,1191,253,394,2025-05-01,2025-05-05,3303,3303,PAID,0
3113,1191,253,394,2025-06-01,2025-06-05,3303,3303,PAID,0
3114,1191,253,394,2025-07-01,2025-07-03,3303,3303,PAID,0
3115,1191,253,394,2025-08-01,2025-08-02,3303,3303,PAID,0
3116,1191,253,394,2025-09-01,2025-09-05,3303,3303,PAID,0
3117,1191,253,394,2025-10-01,2025-10-01,3303,3303,PAID,0
3118,1191,253,394,2025-11-01,2025-11-02,3303,3303,PAID,0
3119,1191,253,394,2025-12-01,,3303,0,OVERDUE,179
3120,1191,253,394,2026-01-01,,3303,0,OVERDUE,148
3121,1191,253,394,2026-02-01,,3303,0,PENDING,117
3122,1099,254,395,2025-08-01,2025-08-02,2995,2995,PAID,0
3123,1099,254,395,2025-09-01,,2995,0,OVERDUE,270
3124,1099,254,395,2025-10-01,2025-10-07,2995,2995,PAID,0
3125,1099,254,395,2025-11-01,2025-11-02,2995,2995,PAID,0
3126,1099,254,395,2025-12-01,2025-12-03,2995,2995,PAID,0
3127,1099,254,395,2026-01-01,2026-01-05,2995,2995,PAID,0
3128,1656,255,398,2025-05-01,2025-05-02,1179,1179,PAID,0
3129,1656,255,398,2025-06-01,2025-06-03,1179,1179,PAID,0
3130,1656,255,398,2025-07-01,2025-07-03,1179,1179,PAID,0
3131,1656,255,398,2025-08-01,2025-08-02,1179,1179,PAID,0
3132,1656,255,398,2025-09-01,2025-09-08,1179,1179,PAID,0
3133,1656,255,398,2025-10-01,2025-10-07,1179,1179,PAID,0
3134,1656,255,398,2025-11-01,2025-11-07,1179,1179,PAID,0
3135,1656,255,398,2025-12-01,,1179,0,PENDING,179
3136,1656,255,398,2026-01-01,2026-01-07,1179,1179,PAID,0
3137,1656,255,398,2026-02-01,,1179,0,OVERDUE,117
3138,1656,255,398,2026-03-01,2026-03-04,1179,1179,PAID,0
3139,1656,255,398,2026-04-01,2026-04-08,1179,1179,PAID,0
3140,1656,255,398,2026-05-01,2026-05-02,1179,1179,PAID,0
3141,219,256,399,2024-05-01,2024-05-01,1620,1620,PAID,0
3142,219,256,399,2024-06-01,2024-06-04,1620,1620,PAID,0
3143,219,256,399,2024-07-01,2024-07-06,1620,1620,PAID,0
3144,219,256,399,2024-08-01,2024-08-03,1620,1620,PAID,0
3145,219,256,399,2024-09-01,2024-09-08,1620,1620,PAID,0
3146,219,256,399,2024-10-01,2024-10-04,1620,1620,PAID,0
3147,219,256,399,2024-11-01,2024-11-01,1620,1620,PAID,0
3148,780,257,400,2024-02-01,2024-02-08,3566,3566,PAID,0
3149,780,257,400,2024-03-01,,3566,0,OVERDUE,819
3150,780,257,400,2024-04-01,2024-04-06,3566,3566,PAID,0
3151,780,257,400,2024-05-01,2024-05-03,3566,3566,PAID,0
3152,780,257,400,2024-06-01,2024-06-04,3566,3566,PAID,0
3153,780,257,400,2024-07-01,2024-07-02,3566,3566,PAID,0
3154,780,257,400,2024-08-01,2024-08-06,3566,3566,PAID,0
3155,600,258,401,2025-06-01,2025-06-06,1869,1869,PAID,0
3156,600,258,401,2025-07-01,2025-07-01,1869,1869,PAID,0
3157,600,258,401,2025-08-01,2025-08-01,1869,1869,PAID,0
3158,600,258,401,2025-09-01,2025-09-03,1869,1869,PAID,0
3159,600,258,401,2025-10-01,,1869,0,OVERDUE,240
3160,600,258,401,2025-11-01,,1869,0,OVERDUE,209
3161,600,258,401,2025-12-01,2025-12-07,1869,1869,PAID,0
3162,600,258,401,2026-01-01,2026-01-01,1869,1869,PAID,0
3163,600,258,401,2026-02-01,2026-02-03,1869,1869,PAID,0
3164,600,258,401,2026-03-01,2026-03-07,1869,1869,PAID,0
3165,600,258,401,2026-04-01,,1869,0,PENDING,58
3166,600,258,401,2026-05-01,,1869,0,PENDING,28
3167,1591,259,402,2025-10-01,,2969,0,OVERDUE,240
3168,1591,259,402,2025-11-01,2025-11-07,2969,2969,PAID,0
3169,1591,259,402,2025-12-01,2025-12-06,2969,2969,PAID,0
3170,1591,259,402,2026-01-01,2026-01-01,2969,2969,PAID,0
3171,1591,259,402,2026-02-01,2026-02-02,2969,2969,PAID,0
3172,1591,259,402,2026-03-01,2026-03-06,2969,2969,PAID,0
3173,1591,259,402,2026-04-01,2026-04-05,2969,2969,PAID,0
3174,1591,259,402,2026-05-01,2026-05-02,2969,2969,PAID,0
3175,1197,260,403,2024-08-01,,1189,0,OVERDUE,666
3176,1197,260,403,2024-09-01,2024-09-06,1189,1189,PAID,0
3177,1197,260,403,2024-10-01,2024-10-03,1189,1189,PAID,0
3178,1197,260,403,2024-11-01,2024-11-08,1189,1189,PAID,0
3179,1197,260,403,2024-12-01,2024-12-08,1189,1189,PAID,0
3180,1197,260,403,2025-01-01,2025-01-07,1189,1189,PAID,0
3181,1197,260,403,2025-02-01,2025-02-04,1189,1189,PAID,0
3182,1197,260,403,2025-03-01,2025-03-07,1189,1189,PAID,0
3183,1197,260,403,2025-04-01,2025-04-01,1189,1189,PAID,0
3184,1197,260,403,2025-05-01,2025-05-03,1189,1189,PAID,0
3185,1197,260,403,2025-06-01,,1189,0,OVERDUE,362
3186,1197,260,403,2025-07-01,2025-07-01,1189,1189,PAID,0
3187,1197,260,403,2025-08-01,,1189,0,OVERDUE,301
3188,58,261,404,2025-06-01,2025-06-18,4082,2615,PARTIAL,0
3189,58,261,404,2025-07-01,2025-07-07,4082,4082,PAID,0
3190,58,261,404,2025-08-01,2025-08-05,4082,4082,PAID,0
3191,58,261,404,2025-09-01,2025-09-05,4082,4082,PAID,0
3192,58,261,404,2025-10-01,2025-10-08,4082,4082,PAID,0
3193,58,261,404,2025-11-01,,4082,0,OVERDUE,209
3194,58,261,404,2025-12-01,2025-12-01,4082,4082,PAID,0
3195,58,261,404,2026-01-01,2026-01-01,4082,4082,PAID,0
3196,58,261,404,2026-02-01,2026-02-02,4082,4082,PAID,0
3197,58,261,404,2026-03-01,2026-03-05,4082,4082,PAID,0
3198,58,261,404,2026-04-01,,4082,0,PENDING,58
3199,58,261,404,2026-05-01,2026-05-06,4082,4082,PAID,0
3200,544,262,405,2024-02-01,2024-02-03,3072,3072,PAID,0
3201,544,262,405,2024-03-01,,3072,0,OVERDUE,819
3202,544,262,405,2024-04-01,2024-04-05,3072,3072,PAID,0
3203,544,262,405,2024-05-01,2024-05-02,3072,3072,PAID,0
3204,544,262,405,2024-06-01,2024-06-01,3072,3072,PAID,0
3205,544,262,405,2024-07-01,,3072,0,OVERDUE,697
3206,544,262,405,2024-08-01,2024-08-08,3072,3072,PAID,0
3207,544,262,405,2024-09-01,2024-09-04,3072,3072,PAID,0
3208,544,262,405,2024-10-01,2024-10-02,3072,3072,PAID,0
3209,544,262,405,2024-11-01,,3072,0,OVERDUE,574
3210,544,262,405,2024-12-01,2024-12-04,3072,3072,PAID,0
3211,544,262,405,2025-01-01,2025-01-06,3072,3072,PAID,0
3212,544,262,405,2025-02-01,2025-02-03,3072,3072,PAID,0
3213,544,262,405,2025-03-01,2025-03-07,3072,3072,PAID,0
3214,544,262,405,2025-04-01,2025-04-05,3072,3072,PAID,0
3215,544,262,405,2025-05-01,,3072,0,PENDING,393
3216,544,262,405,2025-06-01,2025-06-07,3072,3072,PAID,0
3217,544,262,405,2025-07-01,,3072,0,PENDING,332
3218,544,262,405,2025-08-01,2025-08-07,3072,3072,PAID,0
3219,544,262,405,2025-09-01,,3072,0,PENDING,270
3220,544,262,405,2025-10-01,2025-10-03,3072,3072,PAID,0
3221,544,262,405,2025-11-01,2025-11-03,3072,3072,PAID,0
3222,544,262,405,2025-12-01,2025-12-03,3072,3072,PAID,0
3223,544,262,405,2026-01-01,,3072,0,PENDING,148
3224,594,263,407,2024-08-01,2024-08-03,3768,3768,PAID,0
3225,594,263,407,2024-09-01,2024-09-01,3768,3768,PAID,0
3226,594,263,407,2024-10-01,2024-10-02,3768,3768,PAID,0
3227,594,263,407,2024-11-01,2024-11-03,3768,3768,PAID,0
3228,594,263,407,2024-12-01,2024-12-04,3768,3768,PAID,0
3229,594,263,407,2025-01-01,2025-01-06,3768,3768,PAID,0
3230,594,263,407,2025-02-01,2025-02-05,3768,3768,PAID,0
3231,594,263,407,2025-03-01,2025-03-07,3768,3768,PAID,0
3232,594,263,407,2025-04-01,2025-04-07,3768,3768,PAID,0
3233,594,263,407,2025-05-01,2025-05-01,3768,3768,PAID,0
3234,594,263,407,2025-06-01,2025-06-07,3768,3768,PAID,0
3235,594,263,407,2025-07-01,2025-07-04,3768,3768,PAID,0
3236,594,263,407,2025-08-01,2025-08-05,3768,3768,PAID,0
3237,594,263,407,2025-09-01,2025-09-06,3768,3768,PAID,0
3238,594,263,407,2025-10-01,,3768,0,PENDING,240
3239,594,263,407,2025-11-01,2025-11-03,3768,3768,PAID,0
3240,594,263,407,2025-12-01,2025-12-06,3768,3768,PAID,0
3241,594,263,407,2026-01-01,2026-01-02,3768,3768,PAID,0
3242,594,263,407,2026-02-01,,3768,0,OVERDUE,117
3243,594,263,407,2026-03-01,2026-03-06,3768,3768,PAID,0
3244,594,263,407,2026-04-01,2026-04-06,3768,3768,PAID,0
3245,594,263,407,2026-05-01,2026-05-03,3768,3768,PAID,0
3246,648,264,408,2024-11-01,,1084,0,OVERDUE,574
3247,648,264,408,2024-12-01,2024-12-08,1084,1084,PAID,0
3248,648,264,408,2025-01-01,2025-01-08,1084,1084,PAID,0
3249,648,264,408,2025-02-01,2025-02-07,1084,798,PARTIAL,0
3250,648,264,408,2025-03-01,2025-03-05,1084,1084,PAID,0
3251,648,264,408,2025-04-01,2025-04-12,1084,675,PARTIAL,0
3252,648,264,408,2025-05-01,2025-05-08,1084,565,PARTIAL,0
3253,648,264,408,2025-06-01,2025-06-02,1084,1084,PAID,0
3254,648,264,408,2025-07-01,,1084,0,PENDING,332
3255,648,264,408,2025-08-01,2025-08-08,1084,1084,PAID,0
3256,648,264,408,2025-09-01,2025-09-06,1084,1084,PAID,0
3257,648,264,408,2025-10-01,2025-10-07,1084,1084,PAID,0
3258,648,264,408,2025-11-01,2025-11-06,1084,1084,PAID,0
3259,21,265,409,2024-05-01,2024-05-06,1546,1546,PAID,0
3260,21,265,409,2024-06-01,2024-06-07,1546,1546,PAID,0
3261,21,265,409,2024-07-01,2024-07-02,1546,1546,PAID,0
3262,21,265,409,2024-08-01,2024-08-08,1546,1546,PAID,0
3263,21,265,409,2024-09-01,2024-09-07,1546,1546,PAID,0
3264,21,265,409,2024-10-01,2024-10-01,1546,1546,PAID,0
3265,21,265,409,2024-11-01,,1546,0,OVERDUE,574
3266,1623,266,411,2024-06-01,2024-06-04,2858,2858,PAID,0
3267,1623,266,411,2024-07-01,2024-07-03,2858,2858,PAID,0
3268,1623,266,411,2024-08-01,2024-08-02,2858,2858,PAID,0
3269,1623,266,411,2024-09-01,2024-09-04,2858,2858,PAID,0
3270,1623,266,411,2024-10-01,,2858,0,PENDING,605
3271,1623,266,411,2024-11-01,2024-11-06,2858,2858,PAID,0
3272,1623,266,411,2024-12-01,2024-12-03,2858,2858,PAID,0
3273,1623,266,411,2025-01-01,2025-01-05,2858,2858,PAID,0
3274,1623,266,411,2025-02-01,2025-02-05,2858,2858,PAID,0
3275,1623,266,411,2025-03-01,2025-03-04,2858,2858,PAID,0
3276,1623,266,411,2025-04-01,2025-04-03,2858,2858,PAID,0
3277,1623,266,411,2025-05-01,2025-05-07,2858,2858,PAID,0
3278,1623,266,411,2025-06-01,2025-06-05,2858,2858,PAID,0
3279,1239,267,413,2024-05-01,2024-05-01,2590,2590,PAID,0
3280,1239,267,413,2024-06-01,,2590,0,OVERDUE,727
3281,1239,267,413,2024-07-01,,2590,0,PENDING,697
3282,1239,267,413,2024-08-01,,2590,0,PENDING,666
3283,1239,267,413,2024-09-01,2024-09-10,2590,914,PARTIAL,0
3284,1239,267,413,2024-10-01,2024-10-05,2590,2590,PAID,0
3285,1239,267,413,2024-11-01,2024-11-02,2590,2590,PAID,0
3286,342,268,414,2024-01-01,,3381,0,PENDING,879
3287,342,268,414,2024-02-01,2024-02-04,3381,3381,PAID,0
3288,342,268,414,2024-03-01,2024-03-04,3381,3381,PAID,0
3289,342,268,414,2024-04-01,2024-04-07,3381,3381,PAID,0
3290,342,268,414,2024-05-01,2024-05-08,3381,3381,PAID,0
3291,342,268,414,2024-06-01,2024-06-06,3381,3381,PAID,0
3292,342,268,414,2024-07-01,2024-07-05,3381,3381,PAID,0
3293,342,268,414,2024-08-01,2024-08-01,3381,3381,PAID,0
3294,342,268,414,2024-09-01,2024-09-03,3381,3381,PAID,0
3295,342,268,414,2024-10-01,,3381,0,OVERDUE,605
3296,342,268,414,2024-11-01,2024-11-07,3381,3381,PAID,0
3297,342,268,414,2024-12-01,2024-12-05,3381,3381,PAID,0
3298,1358,269,415,2024-03-01,,3972,0,OVERDUE,819
3299,1358,269,415,2024-04-01,,3972,0,PENDING,788
3300,1358,269,415,2024-05-01,2024-05-03,3972,3972,PAID,0
3301,1358,269,415,2024-06-01,2024-06-01,3972,3972,PAID,0
3302,1358,269,415,2024-07-01,2024-07-04,3972,3972,PAID,0
3303,1358,269,415,2024-08-01,2024-08-05,3972,3972,PAID,0
3304,1311,270,416,2025-06-01,2025-06-02,3661,3661,PAID,0
3305,1311,270,416,2025-07-01,2025-07-03,3661,3661,PAID,0
3306,1311,270,416,2025-08-01,2025-08-06,3661,3661,PAID,0
3307,1311,270,416,2025-09-01,2025-09-03,3661,3661,PAID,0
3308,1311,270,416,2025-10-01,,3661,0,PENDING,240
3309,1311,270,416,2025-11-01,2025-11-01,3661,3661,PAID,0
3310,1311,270,416,2025-12-01,2025-12-02,3661,3661,PAID,0
3311,1311,270,416,2026-01-01,,3661,0,PENDING,148
3312,1311,270,416,2026-02-01,,3661,0,OVERDUE,117
3313,1311,270,416,2026-03-01,2026-03-17,3661,2578,PARTIAL,0
3314,1311,270,416,2026-04-01,,3661,0,PENDING,58
3315,1311,270,416,2026-05-01,,3661,0,PENDING,28
3316,1055,271,417,2025-02-01,2025-02-04,1084,1084,PAID,0
3317,1055,271,417,2025-03-01,,1084,0,PENDING,454
3318,1055,271,417,2025-04-01,2025-04-08,1084,1084,PAID,0
3319,1055,271,417,2025-05-01,2025-05-06,1084,1084,PAID,0
3320,1055,271,417,2025-06-01,2025-06-02,1084,1084,PAID,0
3321,1055,271,417,2025-07-01,,1084,0,OVERDUE,332
3322,1055,271,417,2025-08-01,2025-08-07,1084,1084,PAID,0
3323,1055,271,417,2025-09-01,2025-09-06,1084,1084,PAID,0
3324,1055,271,417,2025-10-01,2025-10-05,1084,1084,PAID,0
3325,1055,271,417,2025-11-01,2025-11-07,1084,1084,PAID,0
3326,1055,271,417,2025-12-01,2025-12-01,1084,1084,PAID,0
3327,1055,271,417,2026-01-01,,1084,0,PENDING,148
3328,1055,271,417,2026-02-01,,1084,0,PENDING,117
3329,1055,271,417,2026-03-01,2026-03-02,1084,1084,PAID,0
3330,1055,271,417,2026-04-01,2026-04-02,1084,1084,PAID,0
3331,1055,271,417,2026-05-01,2026-05-06,1084,1084,PAID,0
3332,1652,272,418,2024-04-01,2024-04-03,3025,3025,PAID,0
3333,1652,272,418,2024-05-01,2024-05-05,3025,3025,PAID,0
3334,1652,272,418,2024-06-01,2024-06-05,3025,3025,PAID,0
3335,1652,272,418,2024-07-01,2024-07-03,3025,3025,PAID,0
3336,1652,272,418,2024-08-01,2024-08-02,3025,3025,PAID,0
3337,1652,272,418,2024-09-01,2024-09-05,3025,3025,PAID,0
3338,1652,272,418,2024-10-01,2024-10-03,3025,3025,PAID,0
3339,1652,272,418,2024-11-01,2024-11-04,3025,3025,PAID,0
3340,1652,272,418,2024-12-01,2024-12-06,3025,3025,PAID,0
3341,1652,272,418,2025-01-01,2025-01-08,3025,3025,PAID,0
3342,1652,272,418,2025-02-01,2025-02-08,3025,3025,PAID,0
3343,1652,272,418,2025-03-01,2025-03-07,3025,3025,PAID,0
3344,1652,272,418,2025-04-01,,3025,0,PENDING,423
3345,1652,272,418,2025-05-01,2025-05-01,3025,3025,PAID,0
3346,1652,272,418,2025-06-01,2025-06-06,3025,3025,PAID,0
3347,1652,272,418,2025-07-01,2025-07-05,3025,3025,PAID,0
3348,1652,272,418,2025-08-01,2025-08-04,3025,3025,PAID,0
3349,1652,272,418,2025-09-01,2025-09-05,3025,3025,PAID,0
3350,1652,272,418,2025-10-01,2025-10-07,3025,3025,PAID,0
3351,1652,272,418,2025-11-01,2025-11-08,3025,3025,PAID,0
3352,1652,272,418,2025-12-01,2025-12-07,3025,3025,PAID,0
3353,1652,272,418,2026-01-01,,3025,0,PENDING,148
3354,1652,272,418,2026-02-01,2026-02-03,3025,3025,PAID,0
3355,1652,272,418,2026-03-01,2026-03-05,3025,3025,PAID,0
3356,1652,272,418,2026-04-01,2026-04-01,3025,3025,PAID,0
3357,808,273,419,2025-06-01,2025-06-04,2703,2703,PAID,0
3358,808,273,419,2025-07-01,2025-07-02,2703,2703,PAID,0
3359,808,273,419,2025-08-01,2025-08-06,2703,2703,PAID,0
3360,808,273,419,2025-09-01,2025-09-08,2703,2703,PAID,0
3361,808,273,419,2025-10-01,2025-10-01,2703,2703,PAID,0
3362,808,273,419,2025-11-01,2025-11-02,2703,2703,PAID,0
3363,808,273,419,2025-12-01,2025-12-06,2703,2703,PAID,0
3364,808,273,419,2026-01-01,2026-01-08,2703,2703,PAID,0
3365,808,273,419,2026-02-01,2026-02-04,2703,2703,PAID,0
3366,808,273,419,2026-03-01,2026-03-05,2703,2703,PAID,0
3367,808,273,419,2026-04-01,2026-04-02,2703,2703,PAID,0
3368,808,273,419,2026-05-01,,2703,0,PENDING,28
3369,1794,274,420,2024-04-01,2024-04-08,2285,2285,PAID,0
3370,1794,274,420,2024-05-01,2024-05-06,2285,2285,PAID,0
3371,1794,274,420,2024-06-01,,2285,0,OVERDUE,727
3372,1794,274,420,2024-07-01,2024-07-06,2285,2285,PAID,0
3373,1794,274,420,2024-08-01,2024-08-02,2285,2285,PAID,0
3374,1794,274,420,2024-09-01,2024-09-05,2285,2285,PAID,0
3375,670,275,421,2025-02-01,2025-02-08,2326,2326,PAID,0
3376,670,275,421,2025-03-01,2025-03-07,2326,2326,PAID,0
3377,670,275,421,2025-04-01,2025-04-06,2326,2326,PAID,0
3378,670,275,421,2025-05-01,2025-05-06,2326,2326,PAID,0
3379,670,275,421,2025-06-01,2025-06-03,2326,2326,PAID,0
3380,670,275,421,2025-07-01,2025-07-06,2326,2326,PAID,0
3381,670,275,421,2025-08-01,2025-08-01,2326,2326,PAID,0
3382,351,276,422,2024-04-01,,3299,0,PENDING,788
3383,351,276,422,2024-05-01,2024-05-06,3299,3299,PAID,0
3384,351,276,422,2024-06-01,2024-06-05,3299,3299,PAID,0
3385,351,276,422,2024-07-01,,3299,0,PENDING,697
3386,351,276,422,2024-08-01,2024-08-02,3299,3299,PAID,0
3387,351,276,422,2024-09-01,2024-09-07,3299,3299,PAID,0
3388,351,276,422,2024-10-01,2024-10-05,3299,3299,PAID,0
3389,351,276,422,2024-11-01,2024-11-02,3299,3299,PAID,0
3390,351,276,422,2024-12-01,2024-12-07,3299,3299,PAID,0
3391,351,276,422,2025-01-01,2025-01-04,3299,3299,PAID,0
3392,351,276,422,2025-02-01,2025-02-05,3299,3299,PAID,0
3393,351,276,422,2025-03-01,2025-03-05,3299,3299,PAID,0
3394,351,276,422,2025-04-01,2025-04-02,3299,3299,PAID,0
3395,351,276,422,2025-05-01,2025-05-08,3299,3299,PAID,0
3396,351,276,422,2025-06-01,2025-06-02,3299,3299,PAID,0
3397,351,276,422,2025-07-01,2025-07-08,3299,3299,PAID,0
3398,351,276,422,2025-08-01,2025-08-08,3299,3299,PAID,0
3399,351,276,422,2025-09-01,2025-09-04,3299,3299,PAID,0
3400,243,277,423,2025-10-01,2025-10-07,3017,1726,PARTIAL,0
3401,243,277,423,2025-11-01,2025-11-06,3017,3017,PAID,0
3402,243,277,423,2025-12-01,2025-12-14,3017,1916,PARTIAL,0
3403,243,277,423,2026-01-01,2026-01-05,3017,3017,PAID,0
3404,243,277,423,2026-02-01,2026-02-07,3017,3017,PAID,0
3405,243,277,423,2026-03-01,2026-03-08,3017,3017,PAID,0
3406,243,277,423,2026-04-01,2026-04-07,3017,3017,PAID,0
3407,243,277,423,2026-05-01,2026-05-02,3017,3017,PAID,0
3408,1712,278,425,2025-05-01,2025-05-01,2639,2639,PAID,0
3409,1712,278,425,2025-06-01,2025-06-01,2639,2639,PAID,0
3410,1712,278,425,2025-07-01,2025-07-08,2639,2639,PAID,0
3411,1712,278,425,2025-08-01,2025-08-07,2639,2639,PAID,0
3412,1712,278,425,2025-09-01,2025-09-05,2639,2639,PAID,0
3413,1712,278,425,2025-10-01,2025-10-08,2639,2639,PAID,0
3414,1712,278,425,2025-11-01,2025-11-03,2639,2639,PAID,0
3415,1712,278,425,2025-12-01,,2639,0,OVERDUE,179
3416,1712,278,425,2026-01-01,2026-01-02,2639,2639,PAID,0
3417,1712,278,425,2026-02-01,2026-02-03,2639,2639,PAID,0
3418,1712,278,425,2026-03-01,2026-03-06,2639,2639,PAID,0
3419,1712,278,425,2026-04-01,2026-04-04,2639,2639,PAID,0
3420,1712,278,425,2026-05-01,2026-05-07,2639,2639,PAID,0
3421,1818,279,428,2025-08-01,2025-08-04,3406,3406,PAID,0
3422,1818,279,428,2025-09-01,2025-09-04,3406,3406,PAID,0
3423,1818,279,428,2025-10-01,,3406,0,PENDING,240
3424,1818,279,428,2025-11-01,2025-11-04,3406,3406,PAID,0
3425,1818,279,428,2025-12-01,2025-12-06,3406,3406,PAID,0
3426,1818,279,428,2026-01-01,2026-01-07,3406,3406,PAID,0
3427,1818,279,428,2026-02-01,2026-02-01,3406,3406,PAID,0
3428,1818,279,428,2026-03-01,2026-03-03,3406,3406,PAID,0
3429,1818,279,428,2026-04-01,2026-04-04,3406,3406,PAID,0
3430,1818,279,428,2026-05-01,2026-05-02,3406,3406,PAID,0
3431,65,280,429,2025-04-01,2025-04-09,3815,2557,PARTIAL,0
3432,65,280,429,2025-05-01,,3815,0,PENDING,393
3433,65,280,429,2025-06-01,2025-06-01,3815,3815,PAID,0
3434,65,280,429,2025-07-01,2025-07-04,3815,3815,PAID,0
3435,65,280,429,2025-08-01,2025-08-08,3815,3815,PAID,0
3436,65,280,429,2025-09-01,,3815,0,OVERDUE,270
3437,65,280,429,2025-10-01,2025-10-08,3815,3815,PAID,0
3438,65,280,429,2025-11-01,2025-11-04,3815,3815,PAID,0
3439,65,280,429,2025-12-01,2025-12-04,3815,3815,PAID,0
3440,65,280,429,2026-01-01,2026-01-07,3815,3815,PAID,0
3441,65,280,429,2026-02-01,2026-02-02,3815,3815,PAID,0
3442,65,280,429,2026-03-01,,3815,0,OVERDUE,89
3443,65,280,429,2026-04-01,2026-04-01,3815,3815,PAID,0
3444,65,280,429,2026-05-01,2026-05-01,3815,3815,PAID,0
3445,336,281,430,2024-01-01,2024-01-08,2525,2525,PAID,0
3446,336,281,430,2024-02-01,2024-02-04,2525,2525,PAID,0
3447,336,281,430,2024-03-01,,2525,0,PENDING,819
3448,336,281,430,2024-04-01,2024-04-07,2525,2525,PAID,0
3449,336,281,430,2024-05-01,,2525,0,PENDING,758
3450,336,281,430,2024-06-01,2024-06-03,2525,2525,PAID,0
3451,336,281,430,2024-07-01,2024-07-01,2525,2525,PAID,0
3452,336,281,430,2024-08-01,2024-08-06,2525,2525,PAID,0
3453,336,281,430,2024-09-01,2024-09-07,2525,2525,PAID,0
3454,336,281,430,2024-10-01,2024-10-08,2525,2525,PAID,0
3455,336,281,430,2024-11-01,,2525,0,PENDING,574
3456,336,281,430,2024-12-01,,2525,0,OVERDUE,544
3457,336,281,430,2025-01-01,2025-01-02,2525,2525,PAID,0
3458,336,281,430,2025-02-01,2025-02-07,2525,2525,PAID,0
3459,336,281,430,2025-03-01,2025-03-02,2525,2525,PAID,0
3460,336,281,430,2025-04-01,2025-04-03,2525,2525,PAID,0
3461,336,281,430,2025-05-01,2025-05-04,2525,2525,PAID,0
3462,336,281,430,2025-06-01,,2525,0,PENDING,362
3463,336,281,430,2025-07-01,2025-07-05,2525,2525,PAID,0
3464,336,281,430,2025-08-01,2025-08-03,2525,2525,PAID,0
3465,336,281,430,2025-09-01,2025-09-03,2525,2525,PAID,0
3466,336,281,430,2025-10-01,,2525,0,PENDING,240
3467,336,281,430,2025-11-01,2025-11-02,2525,2525,PAID,0
3468,336,281,430,2025-12-01,2025-12-03,2525,2525,PAID,0
3469,286,282,432,2025-07-01,,3023,0,PENDING,332
3470,286,282,432,2025-08-01,,3023,0,PENDING,301
3471,286,282,432,2025-09-01,,3023,0,PENDING,270
3472,286,282,432,2025-10-01,2025-10-06,3023,3023,PAID,0
3473,286,282,432,2025-11-01,2025-11-05,3023,3023,PAID,0
3474,286,282,432,2025-12-01,2025-12-05,3023,3023,PAID,0
3475,286,282,432,2026-01-01,2026-01-06,3023,3023,PAID,0
3476,1969,283,434,2025-05-01,2025-05-03,2455,2455,PAID,0
3477,1969,283,434,2025-06-01,2025-06-06,2455,2455,PAID,0
3478,1969,283,434,2025-07-01,2025-07-02,2455,2455,PAID,0
3479,1969,283,434,2025-08-01,2025-08-02,2455,2455,PAID,0
3480,1969,283,434,2025-09-01,,2455,0,PENDING,270
3481,1969,283,434,2025-10-01,2025-10-06,2455,2455,PAID,0
3482,1969,283,434,2025-11-01,2025-11-07,2455,2455,PAID,0
3483,1969,283,434,2025-12-01,,2455,0,OVERDUE,179
3484,1969,283,434,2026-01-01,2026-01-01,2455,2455,PAID,0
3485,1969,283,434,2026-02-01,2026-02-03,2455,2455,PAID,0
3486,1969,283,434,2026-03-01,2026-03-02,2455,2455,PAID,0
3487,1969,283,434,2026-04-01,2026-04-04,2455,2455,PAID,0
3488,1969,283,434,2026-05-01,2026-05-07,2455,2455,PAID,0
3489,940,284,436,2024-02-01,2024-02-02,2129,2129,PAID,0
3490,940,284,436,2024-03-01,2024-03-05,2129,2129,PAID,0
3491,940,284,436,2024-04-01,,2129,0,PENDING,788
3492,940,284,436,2024-05-01,,2129,0,OVERDUE,758
3493,940,284,436,2024-06-01,2024-06-03,2129,2129,PAID,0
3494,940,284,436,2024-07-01,2024-07-02,2129,2129,PAID,0
3495,940,284,436,2024-08-01,2024-08-04,2129,2129,PAID,0
3496,81,285,437,2025-08-01,2025-08-06,2464,2464,PAID,0
3497,81,285,437,2025-09-01,2025-09-01,2464,2464,PAID,0
3498,81,285,437,2025-10-01,,2464,0,OVERDUE,240
3499,81,285,437,2025-11-01,2025-11-08,2464,2464,PAID,0
3500,81,285,437,2025-12-01,2025-12-04,2464,2464,PAID,0
3501,81,285,437,2026-01-01,,2464,0,OVERDUE,148
3502,81,285,437,2026-02-01,2026-02-01,2464,2464,PAID,0
3503,81,285,437,2026-03-01,2026-03-07,2464,2464,PAID,0
3504,81,285,437,2026-04-01,,2464,0,OVERDUE,58
3505,81,285,437,2026-05-01,2026-05-08,2464,2464,PAID,0
3506,813,286,438,2024-08-01,2024-08-01,1163,1163,PAID,0
3507,813,286,438,2024-09-01,2024-09-16,1163,716,PARTIAL,0
3508,813,286,438,2024-10-01,2024-10-04,1163,1163,PAID,0
3509,813,286,438,2024-11-01,2024-11-07,1163,1163,PAID,0
3510,813,286,438,2024-12-01,2024-12-06,1163,1163,PAID,0
3511,813,286,438,2025-01-01,2025-01-07,1163,1163,PAID,0
3512,813,286,438,2025-02-01,2025-02-02,1163,1163,PAID,0
3513,813,286,438,2025-03-01,2025-03-03,1163,1163,PAID,0
3514,813,286,438,2025-04-01,,1163,0,OVERDUE,423
3515,813,286,438,2025-05-01,2025-05-01,1163,1163,PAID,0
3516,813,286,438,2025-06-01,2025-06-07,1163,1163,PAID,0
3517,813,286,438,2025-07-01,2025-07-05,1163,1163,PAID,0
3518,813,286,438,2025-08-01,2025-08-07,1163,1163,PAID,0
3519,820,287,439,2024-04-01,,1645,0,PENDING,788
3520,820,287,439,2024-05-01,2024-05-04,1645,1645,PAID,0
3521,820,287,439,2024-06-01,,1645,0,OVERDUE,727
3522,820,287,439,2024-07-01,2024-07-07,1645,1645,PAID,0
3523,820,287,439,2024-08-01,,1645,0,PENDING,666
3524,820,287,439,2024-09-01,2024-09-07,1645,1645,PAID,0
3525,820,287,439,2024-10-01,2024-10-07,1645,1645,PAID,0
3526,820,287,439,2024-11-01,2024-11-02,1645,1645,PAID,0
3527,820,287,439,2024-12-01,2024-12-02,1645,1645,PAID,0
3528,820,287,439,2025-01-01,2025-01-06,1645,1645,PAID,0
3529,820,287,439,2025-02-01,2025-02-04,1645,1645,PAID,0
3530,820,287,439,2025-03-01,2025-03-01,1645,1645,PAID,0
3531,820,287,439,2025-04-01,2025-04-05,1645,1645,PAID,0
3532,1133,288,444,2024-04-01,,2809,0,PENDING,788
3533,1133,288,444,2024-05-01,2024-05-08,2809,2809,PAID,0
3534,1133,288,444,2024-06-01,2024-06-04,2809,2809,PAID,0
3535,1133,288,444,2024-07-01,2024-07-06,2809,2809,PAID,0
3536,1133,288,444,2024-08-01,,2809,0,PENDING,666
3537,1133,288,444,2024-09-01,2024-09-17,2809,2063,PARTIAL,0
3538,1133,288,444,2024-10-01,2024-10-01,2809,2809,PAID,0
3539,1133,288,444,2024-11-01,2024-11-02,2809,2809,PAID,0
3540,1133,288,444,2024-12-01,2024-12-06,2809,2809,PAID,0
3541,1133,288,444,2025-01-01,2025-01-02,2809,2809,PAID,0
3542,1133,288,444,2025-02-01,2025-02-03,2809,2809,PAID,0
3543,1133,288,444,2025-03-01,2025-03-08,2809,2809,PAID,0
3544,1133,288,444,2025-04-01,,2809,0,OVERDUE,423
3545,1133,288,444,2025-05-01,2025-05-03,2809,2809,PAID,0
3546,1133,288,444,2025-06-01,2025-06-06,2809,2809,PAID,0
3547,1133,288,444,2025-07-01,,2809,0,OVERDUE,332
3548,1133,288,444,2025-08-01,2025-08-04,2809,2809,PAID,0
3549,1133,288,444,2025-09-01,2025-09-07,2809,2809,PAID,0
3550,1133,288,444,2025-10-01,2025-10-06,2809,2809,PAID,0
3551,1133,288,444,2025-11-01,,2809,0,OVERDUE,209
3552,1133,288,444,2025-12-01,2025-12-01,2809,2809,PAID,0
3553,1133,288,444,2026-01-01,2026-01-02,2809,2809,PAID,0
3554,1133,288,444,2026-02-01,2026-02-01,2809,2809,PAID,0
3555,1133,288,444,2026-03-01,2026-03-08,2809,2809,PAID,0
3556,1233,289,445,2024-04-01,2024-04-05,2273,2273,PAID,0
3557,1233,289,445,2024-05-01,2024-05-03,2273,2273,PAID,0
3558,1233,289,445,2024-06-01,,2273,0,PENDING,727
3559,1233,289,445,2024-07-01,,2273,0,OVERDUE,697
3560,1233,289,445,2024-08-01,2024-08-06,2273,2273,PAID,0
3561,1233,289,445,2024-09-01,2024-09-05,2273,2273,PAID,0
3562,1233,289,445,2024-10-01,2024-10-02,2273,2273,PAID,0
3563,1233,289,445,2024-11-01,2024-11-06,2273,2273,PAID,0
3564,1233,289,445,2024-12-01,2024-12-06,2273,2273,PAID,0
3565,1233,289,445,2025-01-01,,2273,0,PENDING,513
3566,1233,289,445,2025-02-01,2025-02-06,2273,2273,PAID,0
3567,1233,289,445,2025-03-01,,2273,0,OVERDUE,454
3568,1233,289,445,2025-04-01,2025-04-04,2273,2273,PAID,0
3569,1233,289,445,2025-05-01,2025-05-06,2273,2273,PAID,0
3570,1233,289,445,2025-06-01,2025-06-03,2273,2273,PAID,0
3571,1233,289,445,2025-07-01,2025-07-05,2273,2273,PAID,0
3572,1233,289,445,2025-08-01,2025-08-02,2273,2273,PAID,0
3573,1233,289,445,2025-09-01,2025-09-04,2273,2273,PAID,0
3574,1233,289,445,2025-10-01,2025-10-06,2273,2273,PAID,0
3575,1233,289,445,2025-11-01,2025-11-08,2273,2273,PAID,0
3576,1233,289,445,2025-12-01,2025-12-01,2273,2273,PAID,0
3577,1233,289,445,2026-01-01,,2273,0,OVERDUE,148
3578,1233,289,445,2026-02-01,2026-02-08,2273,2273,PAID,0
3579,1233,289,445,2026-03-01,2026-03-08,2273,2273,PAID,0
3580,1847,290,447,2025-01-01,2025-01-08,3464,3464,PAID,0
3581,1847,290,447,2025-02-01,2025-02-04,3464,3464,PAID,0
3582,1847,290,447,2025-03-01,2025-03-07,3464,3464,PAID,0
3583,1847,290,447,2025-04-01,2025-04-01,3464,3464,PAID,0
3584,1847,290,447,2025-05-01,,3464,0,OVERDUE,393
3585,1847,290,447,2025-06-01,2025-06-03,3464,3464,PAID,0
3586,1847,290,447,2025-07-01,2025-07-07,3464,3464,PAID,0
3587,1847,290,447,2025-08-01,2025-08-02,3464,3464,PAID,0
3588,1847,290,447,2025-09-01,2025-09-10,3464,1961,PARTIAL,0
3589,1847,290,447,2025-10-01,2025-10-06,3464,3464,PAID,0
3590,1847,290,447,2025-11-01,2025-11-08,3464,3464,PAID,0
3591,1847,290,447,2025-12-01,2025-12-05,3464,3464,PAID,0
3592,1847,290,447,2026-01-01,2026-01-08,3464,3464,PAID,0
3593,126,291,449,2024-05-01,2024-05-07,3656,3656,PAID,0
3594,126,291,449,2024-06-01,2024-06-07,3656,3656,PAID,0
3595,126,291,449,2024-07-01,,3656,0,PENDING,697
3596,126,291,449,2024-08-01,2024-08-05,3656,3656,PAID,0
3597,126,291,449,2024-09-01,2024-09-06,3656,3656,PAID,0
3598,126,291,449,2024-10-01,,3656,0,OVERDUE,605
3599,126,291,449,2024-11-01,2024-11-08,3656,3656,PAID,0
3600,126,291,449,2024-12-01,2024-12-04,3656,3656,PAID,0
3601,126,291,449,2025-01-01,,3656,0,PENDING,513
3602,126,291,449,2025-02-01,2025-02-08,3656,3656,PAID,0
3603,126,291,449,2025-03-01,2025-03-01,3656,3656,PAID,0
3604,126,291,449,2025-04-01,2025-04-03,3656,3656,PAID,0
3605,126,291,449,2025-05-01,2025-05-07,3656,3656,PAID,0
3606,126,291,449,2025-06-01,2025-06-08,3656,3656,PAID,0
3607,126,291,449,2025-07-01,2025-07-08,3656,3656,PAID,0
3608,126,291,449,2025-08-01,,3656,0,OVERDUE,301
3609,126,291,449,2025-09-01,2025-09-06,3656,3656,PAID,0
3610,126,291,449,2025-10-01,2025-10-01,3656,3656,PAID,0
3611,126,291,449,2025-11-01,2025-11-05,3656,3656,PAID,0
3612,126,291,449,2025-12-01,,3656,0,OVERDUE,179
3613,126,291,449,2026-01-01,,3656,0,PENDING,148
3614,126,291,449,2026-02-01,2026-02-08,3656,3656,PAID,0
3615,126,291,449,2026-03-01,2026-03-04,3656,3656,PAID,0
3616,126,291,449,2026-04-01,,3656,0,PENDING,58
3617,126,291,449,2026-05-01,2026-05-06,3656,3656,PAID,0
3618,38,292,450,2024-01-01,2024-01-06,2235,2235,PAID,0
3619,38,292,450,2024-02-01,,2235,0,PENDING,848
3620,38,292,450,2024-03-01,2024-03-01,2235,2235,PAID,0
3621,38,292,450,2024-04-01,2024-04-06,2235,2235,PAID,0
3622,38,292,450,2024-05-01,,2235,0,PENDING,758
3623,38,292,450,2024-06-01,2024-06-05,2235,2235,PAID,0
3624,38,292,450,2024-07-01,,2235,0,PENDING,697
3625,38,292,450,2024-08-01,2024-08-02,2235,2235,PAID,0
3626,38,292,450,2024-09-01,2024-09-01,2235,2235,PAID,0
3627,38,292,450,2024-10-01,2024-10-08,2235,2235,PAID,0
3628,38,292,450,2024-11-01,2024-11-08,2235,2235,PAID,0
3629,38,292,450,2024-12-01,2024-12-06,2235,2235,PAID,0
3630,38,292,450,2025-01-01,2025-01-08,2235,2235,PAID,0
3631,1721,293,451,2024-01-01,2024-01-08,1004,1004,PAID,0
3632,1721,293,451,2024-02-01,2024-02-07,1004,1004,PAID,0
3633,1721,293,451,2024-03-01,2024-03-04,1004,1004,PAID,0
3634,1721,293,451,2024-04-01,2024-04-06,1004,1004,PAID,0
3635,1721,293,451,2024-05-01,2024-05-01,1004,1004,PAID,0
3636,1721,293,451,2024-06-01,2024-06-01,1004,1004,PAID,0
3637,1721,293,451,2024-07-01,2024-07-05,1004,1004,PAID,0
3638,1115,294,452,2024-11-01,,1408,0,OVERDUE,574
3639,1115,294,452,2024-12-01,2024-12-06,1408,1408,PAID,0
3640,1115,294,452,2025-01-01,2025-01-01,1408,1408,PAID,0
3641,1115,294,452,2025-02-01,,1408,0,PENDING,482
3642,1115,294,452,2025-03-01,2025-03-03,1408,1408,PAID,0
3643,1115,294,452,2025-04-01,,1408,0,OVERDUE,423
3644,1115,294,452,2025-05-01,,1408,0,OVERDUE,393
3645,1115,294,452,2025-06-01,2025-06-07,1408,1408,PAID,0
3646,1115,294,452,2025-07-01,2025-07-03,1408,1408,PAID,0
3647,1115,294,452,2025-08-01,,1408,0,OVERDUE,301
3648,1115,294,452,2025-09-01,,1408,0,PENDING,270
3649,1115,294,452,2025-10-01,2025-10-08,1408,1408,PAID,0
3650,1115,294,452,2025-11-01,,1408,0,OVERDUE,209
3651,367,295,454,2025-02-01,,1370,0,OVERDUE,482
3652,367,295,454,2025-03-01,2025-03-06,1370,1370,PAID,0
3653,367,295,454,2025-04-01,2025-04-04,1370,1370,PAID,0
3654,367,295,454,2025-05-01,2025-05-07,1370,1370,PAID,0
3655,367,295,454,2025-06-01,2025-06-04,1370,1370,PAID,0
3656,367,295,454,2025-07-01,2025-07-03,1370,1370,PAID,0
3657,367,295,454,2025-08-01,,1370,0,PENDING,301
3658,555,296,455,2025-01-01,,3310,0,PENDING,513
3659,555,296,455,2025-02-01,,3310,0,OVERDUE,482
3660,555,296,455,2025-03-01,2025-03-02,3310,3310,PAID,0
3661,555,296,455,2025-04-01,2025-04-08,3310,3310,PAID,0
3662,555,296,455,2025-05-01,2025-05-06,3310,3310,PAID,0
3663,555,296,455,2025-06-01,2025-06-07,3310,3310,PAID,0
3664,555,296,455,2025-07-01,2025-07-01,3310,3310,PAID,0
3665,555,296,455,2025-08-01,2025-08-03,3310,3310,PAID,0
3666,555,296,455,2025-09-01,2025-09-03,3310,3310,PAID,0
3667,555,296,455,2025-10-01,2025-10-04,3310,3310,PAID,0
3668,555,296,455,2025-11-01,2025-11-03,3310,3310,PAID,0
3669,555,296,455,2025-12-01,2025-12-04,3310,3310,PAID,0
3670,555,296,455,2026-01-01,2026-01-07,3310,3310,PAID,0
3671,555,296,455,2026-02-01,2026-02-07,3310,3310,PAID,0
3672,555,296,455,2026-03-01,,3310,0,PENDING,89
3673,555,296,455,2026-04-01,,3310,0,OVERDUE,58
3674,555,296,455,2026-05-01,,3310,0,PENDING,28
3675,1095,297,456,2024-09-01,,2744,0,OVERDUE,635
3676,1095,297,456,2024-10-01,2024-10-05,2744,2744,PAID,0
3677,1095,297,456,2024-11-01,2024-11-01,2744,2744,PAID,0
3678,1095,297,456,2024-12-01,2024-12-06,2744,2744,PAID,0
3679,1095,297,456,2025-01-01,2025-01-04,2744,2744,PAID,0
3680,1095,297,456,2025-02-01,2025-02-07,2744,2744,PAID,0
3681,1095,297,456,2025-03-01,2025-03-03,2744,2744,PAID,0
3682,1095,297,456,2025-04-01,2025-04-02,2744,2744,PAID,0
3683,1095,297,456,2025-05-01,2025-05-06,2744,2744,PAID,0
3684,1095,297,456,2025-06-01,2025-06-01,2744,2744,PAID,0
3685,1095,297,456,2025-07-01,2025-07-07,2744,2744,PAID,0
3686,1095,297,456,2025-08-01,,2744,0,PENDING,301
3687,1095,297,456,2025-09-01,2025-09-06,2744,2744,PAID,0
3688,1708,298,457,2024-10-01,2024-10-08,2106,2106,PAID,0
3689,1708,298,457,2024-11-01,2024-11-06,2106,2106,PAID,0
3690,1708,298,457,2024-12-01,2024-12-02,2106,2106,PAID,0
3691,1708,298,457,2025-01-01,2025-01-16,2106,1371,PARTIAL,0
3692,1708,298,457,2025-02-01,,2106,0,PENDING,482
3693,1708,298,457,2025-03-01,,2106,0,PENDING,454
3694,1708,298,457,2025-04-01,2025-04-06,2106,2106,PAID,0
3695,1708,298,457,2025-05-01,2025-05-05,2106,2106,PAID,0
3696,1708,298,457,2025-06-01,,2106,0,OVERDUE,362
3697,1708,298,457,2025-07-01,2025-07-01,2106,2106,PAID,0
3698,1708,298,457,2025-08-01,2025-08-08,2106,2106,PAID,0
3699,1708,298,457,2025-09-01,2025-09-05,2106,2106,PAID,0
3700,1708,298,457,2025-10-01,2025-10-11,2106,1017,PARTIAL,0
3701,1708,298,457,2025-11-01,2025-11-07,2106,2106,PAID,0
3702,1708,298,457,2025-12-01,2025-12-08,2106,2106,PAID,0
3703,1708,298,457,2026-01-01,2026-01-01,2106,2106,PAID,0
3704,1708,298,457,2026-02-01,2026-02-01,2106,2106,PAID,0
3705,1708,298,457,2026-03-01,2026-03-03,2106,2106,PAID,0
3706,518,299,460,2024-05-01,2024-05-04,1381,1381,PAID,0
3707,518,299,460,2024-06-01,,1381,0,OVERDUE,727
3708,518,299,460,2024-07-01,,1381,0,OVERDUE,697
3709,518,299,460,2024-08-01,2024-08-02,1381,1381,PAID,0
3710,518,299,460,2024-09-01,2024-09-06,1381,1381,PAID,0
3711,518,299,460,2024-10-01,2024-10-07,1381,1381,PAID,0
3712,518,299,460,2024-11-01,,1381,0,OVERDUE,574
3713,735,300,461,2025-07-01,,1776,0,OVERDUE,332
3714,735,300,461,2025-08-01,2025-08-03,1776,1776,PAID,0
3715,735,300,461,2025-09-01,2025-09-08,1776,1776,PAID,0
3716,735,300,461,2025-10-01,2025-10-08,1776,1776,PAID,0
3717,735,300,461,2025-11-01,2025-11-08,1776,1776,PAID,0
3718,735,300,461,2025-12-01,2025-12-02,1776,1776,PAID,0
3719,735,300,461,2026-01-01,2026-01-03,1776,1776,PAID,0
3720,735,300,461,2026-02-01,,1776,0,PENDING,117
3721,735,300,461,2026-03-01,2026-03-07,1776,1776,PAID,0
3722,735,300,461,2026-04-01,2026-04-02,1776,1776,PAID,0
3723,735,300,461,2026-05-01,2026-05-07,1776,1776,PAID,0
3724,1066,301,463,2024-01-01,2024-01-02,4113,4113,PAID,0
3725,1066,301,463,2024-02-01,2024-02-04,4113,4113,PAID,0
3726,1066,301,463,2024-03-01,2024-03-03,4113,4113,PAID,0
3727,1066,301,463,2024-04-01,2024-04-01,4113,4113,PAID,0
3728,1066,301,463,2024-05-01,2024-05-01,4113,4113,PAID,0
3729,1066,301,463,2024-06-01,2024-06-01,4113,4113,PAID,0
3730,1066,301,463,2024-07-01,2024-07-08,4113,4113,PAID,0
3731,1066,301,463,2024-08-01,2024-08-02,4113,4113,PAID,0
3732,1066,301,463,2024-09-01,2024-09-01,4113,4113,PAID,0
3733,1066,301,463,2024-10-01,2024-10-03,4113,4113,PAID,0
3734,1066,301,463,2024-11-01,2024-11-01,4113,4113,PAID,0
3735,1066,301,463,2024-12-01,2024-12-08,4113,4113,PAID,0
3736,1066,301,463,2025-01-01,2025-01-06,4113,4113,PAID,0
3737,214,302,466,2025-06-01,,2477,0,OVERDUE,362
3738,214,302,466,2025-07-01,2025-07-05,2477,2477,PAID,0
3739,214,302,466,2025-08-01,2025-08-03,2477,2477,PAID,0
3740,214,302,466,2025-09-01,2025-09-02,2477,2477,PAID,0
3741,214,302,466,2025-10-01,2025-10-05,2477,2477,PAID,0
3742,214,302,466,2025-11-01,2025-11-03,2477,2477,PAID,0
3743,214,302,466,2025-12-01,,2477,0,PENDING,179
3744,214,302,466,2026-01-01,2026-01-01,2477,2477,PAID,0
3745,214,302,466,2026-02-01,2026-02-06,2477,2477,PAID,0
3746,214,302,466,2026-03-01,2026-03-08,2477,2477,PAID,0
3747,214,302,466,2026-04-01,2026-04-03,2477,2477,PAID,0
3748,214,302,466,2026-05-01,,2477,0,PENDING,28
3749,454,303,467,2024-08-01,2024-08-07,3681,3681,PAID,0
3750,454,303,467,2024-09-01,2024-09-06,3681,3681,PAID,0
3751,454,303,467,2024-10-01,2024-10-04,3681,3681,PAID,0
3752,454,303,467,2024-11-01,2024-11-06,3681,3681,PAID,0
3753,454,303,467,2024-12-01,2024-12-08,3681,3681,PAID,0
3754,454,303,467,2025-01-01,2025-01-04,3681,3681,PAID,0
3755,454,303,467,2025-02-01,2025-02-04,3681,3681,PAID,0
3756,454,303,467,2025-03-01,2025-03-01,3681,3681,PAID,0
3757,454,303,467,2025-04-01,2025-04-02,3681,3681,PAID,0
3758,454,303,467,2025-05-01,,3681,0,PENDING,393
3759,454,303,467,2025-06-01,2025-06-03,3681,3681,PAID,0
3760,454,303,467,2025-07-01,2025-07-07,3681,3681,PAID,0
3761,454,303,467,2025-08-01,2025-08-05,3681,3681,PAID,0
3762,454,303,467,2025-09-01,2025-09-06,3681,3681,PAID,0
3763,454,303,467,2025-10-01,2025-10-02,3681,3681,PAID,0
3764,454,303,467,2025-11-01,2025-11-08,3681,3681,PAID,0
3765,454,303,467,2025-12-01,2025-12-06,3681,3681,PAID,0
3766,454,303,467,2026-01-01,2026-01-02,3681,3681,PAID,0
3767,454,303,467,2026-02-01,2026-02-08,3681,3681,PAID,0
3768,454,303,467,2026-03-01,2026-03-08,3681,3681,PAID,0
3769,454,303,467,2026-04-01,2026-04-01,3681,3681,PAID,0
3770,454,303,467,2026-05-01,2026-05-06,3681,3681,PAID,0
3771,1140,304,469,2024-10-01,2024-10-03,3947,3947,PAID,0
3772,1140,304,469,2024-11-01,2024-11-03,3947,3947,PAID,0
3773,1140,304,469,2024-12-01,2024-12-06,3947,3947,PAID,0
3774,1140,304,469,2025-01-01,2025-01-04,3947,3947,PAID,0
3775,1140,304,469,2025-02-01,2025-02-08,3947,3947,PAID,0
3776,1140,304,469,2025-03-01,,3947,0,PENDING,454
3777,1140,304,469,2025-04-01,,3947,0,PENDING,423
3778,1797,305,470,2024-05-01,2024-05-04,4007,4007,PAID,0
3779,1797,305,470,2024-06-01,2024-06-06,4007,4007,PAID,0
3780,1797,305,470,2024-07-01,2024-07-02,4007,4007,PAID,0
3781,1797,305,470,2024-08-01,2024-08-06,4007,4007,PAID,0
3782,1797,305,470,2024-09-01,,4007,0,OVERDUE,635
3783,1797,305,470,2024-10-01,,4007,0,PENDING,605
3784,1797,305,470,2024-11-01,2024-11-04,4007,4007,PAID,0
3785,1106,306,472,2025-05-01,,2802,0,PENDING,393
3786,1106,306,472,2025-06-01,2025-06-02,2802,2802,PAID,0
3787,1106,306,472,2025-07-01,2025-07-03,2802,2802,PAID,0
3788,1106,306,472,2025-08-01,2025-08-18,2802,1503,PARTIAL,0
3789,1106,306,472,2025-09-01,,2802,0,PENDING,270
3790,1106,306,472,2025-10-01,2025-10-02,2802,2802,PAID,0
3791,1106,306,472,2025-11-01,2025-11-10,2802,2005,PARTIAL,0
3792,1174,307,474,2024-11-01,2024-11-08,3312,3312,PAID,0
3793,1174,307,474,2024-12-01,,3312,0,PENDING,544
3794,1174,307,474,2025-01-01,2025-01-03,3312,3312,PAID,0
3795,1174,307,474,2025-02-01,2025-02-06,3312,3312,PAID,0
3796,1174,307,474,2025-03-01,2025-03-04,3312,3312,PAID,0
3797,1174,307,474,2025-04-01,2025-04-03,3312,3312,PAID,0
3798,1174,307,474,2025-05-01,2025-05-08,3312,3312,PAID,0
3799,1174,307,474,2025-06-01,2025-06-04,3312,3312,PAID,0
3800,1174,307,474,2025-07-01,2025-07-07,3312,3312,PAID,0
3801,1174,307,474,2025-08-01,2025-08-08,3312,3312,PAID,0
3802,1174,307,474,2025-09-01,2025-09-05,3312,3312,PAID,0
3803,1174,307,474,2025-10-01,2025-10-05,3312,3312,PAID,0
3804,1174,307,474,2025-11-01,2025-11-06,3312,3312,PAID,0
3805,1138,308,475,2025-01-01,,2262,0,PENDING,513
3806,1138,308,475,2025-02-01,2025-02-08,2262,2262,PAID,0
3807,1138,308,475,2025-03-01,2025-03-03,2262,2262,PAID,0
3808,1138,308,475,2025-04-01,2025-04-07,2262,2262,PAID,0
3809,1138,308,475,2025-05-01,2025-05-02,2262,2262,PAID,0
3810,1138,308,475,2025-06-01,2025-06-07,2262,2262,PAID,0
3811,1138,308,475,2025-07-01,2025-07-05,2262,2262,PAID,0
3812,1138,308,475,2025-08-01,2025-08-01,2262,2262,PAID,0
3813,1138,308,475,2025-09-01,,2262,0,PENDING,270
3814,1138,308,475,2025-10-01,2025-10-01,2262,2262,PAID,0
3815,1138,308,475,2025-11-01,2025-11-04,2262,2262,PAID,0
3816,1138,308,475,2025-12-01,2025-12-01,2262,2262,PAID,0
3817,390,309,477,2024-06-01,2024-06-03,1931,1931,PAID,0
3818,390,309,477,2024-07-01,2024-07-07,1931,1931,PAID,0
3819,390,309,477,2024-08-01,2024-08-16,1931,699,PARTIAL,0
3820,390,309,477,2024-09-01,2024-09-05,1931,1931,PAID,0
3821,390,309,477,2024-10-01,2024-10-02,1931,1931,PAID,0
3822,390,309,477,2024-11-01,2024-11-06,1931,1931,PAID,0
3823,390,309,477,2024-12-01,2024-12-08,1931,1931,PAID,0
3824,390,309,477,2025-01-01,2025-01-05,1931,1931,PAID,0
3825,390,309,477,2025-02-01,,1931,0,PENDING,482
3826,390,309,477,2025-03-01,2025-03-03,1931,1931,PAID,0
3827,390,309,477,2025-04-01,2025-04-05,1931,1931,PAID,0
3828,390,309,477,2025-05-01,2025-05-01,1931,1931,PAID,0
3829,390,309,477,2025-06-01,2025-06-04,1931,1931,PAID,0
3830,1792,310,480,2024-01-01,2024-01-02,1136,1136,PAID,0
3831,1792,310,480,2024-02-01,2024-02-05,1136,1136,PAID,0
3832,1792,310,480,2024-03-01,,1136,0,OVERDUE,819
3833,1792,310,480,2024-04-01,2024-04-01,1136,1136,PAID,0
3834,1792,310,480,2024-05-01,,1136,0,OVERDUE,758
3835,1792,310,480,2024-06-01,2024-06-03,1136,1136,PAID,0
3836,1792,310,480,2024-07-01,2024-07-02,1136,1136,PAID,0
3837,1364,311,481,2024-06-01,,3743,0,OVERDUE,727
3838,1364,311,481,2024-07-01,2024-07-08,3743,3743,PAID,0
3839,1364,311,481,2024-08-01,2024-08-03,3743,3743,PAID,0
3840,1364,311,481,2024-09-01,2024-09-02,3743,3743,PAID,0
3841,1364,311,481,2024-10-01,2024-10-06,3743,3743,PAID,0
3842,1364,311,481,2024-11-01,2024-11-01,3743,3743,PAID,0
3843,1364,311,481,2024-12-01,,3743,0,PENDING,544
3844,1364,311,481,2025-01-01,2025-01-05,3743,3743,PAID,0
3845,1364,311,481,2025-02-01,2025-02-04,3743,3743,PAID,0
3846,1364,311,481,2025-03-01,2025-03-06,3743,3743,PAID,0
3847,1364,311,481,2025-04-01,2025-04-05,3743,3743,PAID,0
3848,1364,311,481,2025-05-01,2025-05-05,3743,3743,PAID,0
3849,1364,311,481,2025-06-01,2025-06-04,3743,3743,PAID,0
3850,1364,311,481,2025-07-01,,3743,0,PENDING,332
3851,1364,311,481,2025-08-01,2025-08-16,3743,2450,PARTIAL,0
3852,1364,311,481,2025-09-01,2025-09-07,3743,3743,PAID,0
3853,1364,311,481,2025-10-01,,3743,0,OVERDUE,240
3854,1364,311,481,2025-11-01,2025-11-08,3743,3743,PAID,0
3855,1364,311,481,2025-12-01,,3743,0,PENDING,179
3856,1364,311,481,2026-01-01,2026-01-06,3743,3743,PAID,0
3857,1364,311,481,2026-02-01,2026-02-01,3743,3743,PAID,0
3858,1364,311,481,2026-03-01,,3743,0,PENDING,89
3859,1364,311,481,2026-04-01,2026-04-03,3743,3743,PAID,0
3860,1364,311,481,2026-05-01,2026-05-08,3743,3743,PAID,0
3861,1648,312,484,2024-05-01,2024-05-04,3462,3462,PAID,0
3862,1648,312,484,2024-06-01,2024-06-01,3462,3462,PAID,0
3863,1648,312,484,2024-07-01,2024-07-04,3462,3462,PAID,0
3864,1648,312,484,2024-08-01,2024-08-01,3462,3462,PAID,0
3865,1648,312,484,2024-09-01,2024-09-01,3462,3462,PAID,0
3866,1648,312,484,2024-10-01,2024-10-08,3462,3462,PAID,0
3867,1648,312,484,2024-11-01,2024-11-05,3462,3462,PAID,0
3868,1648,312,484,2024-12-01,2024-12-08,3462,3462,PAID,0
3869,1648,312,484,2025-01-01,2025-01-04,3462,3462,PAID,0
3870,1648,312,484,2025-02-01,,3462,0,PENDING,482
3871,1648,312,484,2025-03-01,2025-03-06,3462,3462,PAID,0
3872,1648,312,484,2025-04-01,2025-04-01,3462,3462,PAID,0
3873,1648,312,484,2025-05-01,2025-05-05,3462,3462,PAID,0
3874,1648,312,484,2025-06-01,2025-06-04,3462,3462,PAID,0
3875,1648,312,484,2025-07-01,2025-07-08,3462,3462,PAID,0
3876,1648,312,484,2025-08-01,2025-08-01,3462,3462,PAID,0
3877,1648,312,484,2025-09-01,2025-09-08,3462,3462,PAID,0
3878,1648,312,484,2025-10-01,,3462,0,OVERDUE,240
3879,1648,312,484,2025-11-01,,3462,0,PENDING,209
3880,1648,312,484,2025-12-01,2025-12-04,3462,3462,PAID,0
3881,1648,312,484,2026-01-01,2026-01-05,3462,3462,PAID,0
3882,1648,312,484,2026-02-01,,3462,0,OVERDUE,117
3883,1648,312,484,2026-03-01,2026-03-07,3462,3462,PAID,0
3884,1648,312,484,2026-04-01,2026-04-05,3462,3462,PAID,0
3885,1648,312,484,2026-05-01,2026-05-04,3462,3462,PAID,0
3886,85,313,485,2025-07-01,2025-07-03,3281,3281,PAID,0
3887,85,313,485,2025-08-01,,3281,0,PENDING,301
3888,85,313,485,2025-09-01,2025-09-03,3281,3281,PAID,0
3889,85,313,485,2025-10-01,2025-10-04,3281,3281,PAID,0
3890,85,313,485,2025-11-01,2025-11-04,3281,3281,PAID,0
3891,85,313,485,2025-12-01,2025-12-02,3281,3281,PAID,0
3892,85,313,485,2026-01-01,,3281,0,OVERDUE,148
3893,676,314,486,2025-10-01,2025-10-08,3788,3788,PAID,0
3894,676,314,486,2025-11-01,2025-11-06,3788,3788,PAID,0
3895,676,314,486,2025-12-01,2025-12-04,3788,3788,PAID,0
3896,676,314,486,2026-01-01,2026-01-04,3788,3788,PAID,0
3897,676,314,486,2026-02-01,2026-02-02,3788,3788,PAID,0
3898,676,314,486,2026-03-01,,3788,0,PENDING,89
3899,676,314,486,2026-04-01,2026-04-08,3788,3788,PAID,0
3900,676,314,486,2026-05-01,,3788,0,OVERDUE,28
3901,989,315,488,2025-08-01,2025-08-06,1623,1623,PAID,0
3902,989,315,488,2025-09-01,2025-09-08,1623,1623,PAID,0
3903,989,315,488,2025-10-01,2025-10-04,1623,1623,PAID,0
3904,989,315,488,2025-11-01,2025-11-01,1623,1623,PAID,0
3905,989,315,488,2025-12-01,2025-12-02,1623,1623,PAID,0
3906,989,315,488,2026-01-01,2026-01-03,1623,1623,PAID,0
3907,1366,316,489,2025-02-01,2025-02-03,1172,1172,PAID,0
3908,1366,316,489,2025-03-01,2025-03-01,1172,1172,PAID,0
3909,1366,316,489,2025-04-01,2025-04-02,1172,1172,PAID,0
3910,1366,316,489,2025-05-01,2025-05-06,1172,1172,PAID,0
3911,1366,316,489,2025-06-01,2025-06-08,1172,1172,PAID,0
3912,1366,316,489,2025-07-01,2025-07-05,1172,1172,PAID,0
3913,1366,316,489,2025-08-01,2025-08-01,1172,1172,PAID,0
3914,1129,317,490,2025-04-01,2025-04-03,1174,1174,PAID,0
3915,1129,317,490,2025-05-01,,1174,0,OVERDUE,393
3916,1129,317,490,2025-06-01,,1174,0,PENDING,362
3917,1129,317,490,2025-07-01,2025-07-06,1174,1174,PAID,0
3918,1129,317,490,2025-08-01,2025-08-02,1174,1174,PAID,0
3919,1129,317,490,2025-09-01,2025-09-03,1174,1174,PAID,0
3920,1129,317,490,2025-10-01,2025-10-06,1174,1174,PAID,0
3921,1129,317,490,2025-11-01,,1174,0,PENDING,209
3922,1129,317,490,2025-12-01,2025-12-04,1174,1174,PAID,0
3923,1129,317,490,2026-01-01,2026-01-01,1174,1174,PAID,0
3924,1129,317,490,2026-02-01,,1174,0,OVERDUE,117
3925,1129,317,490,2026-03-01,2026-03-02,1174,1174,PAID,0
3926,1129,317,490,2026-04-01,2026-04-04,1174,1174,PAID,0
3927,1129,317,490,2026-05-01,,1174,0,PENDING,28
3928,486,318,491,2024-02-01,2024-02-06,2703,2703,PAID,0
3929,486,318,491,2024-03-01,,2703,0,OVERDUE,819
3930,486,318,491,2024-04-01,2024-04-04,2703,2703,PAID,0
3931,486,318,491,2024-05-01,2024-05-05,2703,2703,PAID,0
3932,486,318,491,2024-06-01,2024-06-05,2703,2703,PAID,0
3933,486,318,491,2024-07-01,,2703,0,OVERDUE,697
3934,486,318,491,2024-08-01,2024-08-15,2703,1716,PARTIAL,0
3935,486,318,491,2024-09-01,2024-09-06,2703,2703,PAID,0
3936,486,318,491,2024-10-01,2024-10-06,2703,2703,PAID,0
3937,486,318,491,2024-11-01,2024-11-02,2703,2703,PAID,0
3938,486,318,491,2024-12-01,,2703,0,OVERDUE,544
3939,486,318,491,2025-01-01,2025-01-04,2703,2703,PAID,0
3940,486,318,491,2025-02-01,2025-02-03,2703,2703,PAID,0
3941,1219,319,492,2024-01-01,2024-01-12,1999,896,PARTIAL,0
3942,1219,319,492,2024-02-01,,1999,0,PENDING,848
3943,1219,319,492,2024-03-01,2024-03-07,1999,1999,PAID,0
3944,1219,319,492,2024-04-01,2024-04-02,1999,1999,PAID,0
3945,1219,319,492,2024-05-01,2024-05-06,1999,1999,PAID,0
3946,1219,319,492,2024-06-01,,1999,0,OVERDUE,727
3947,1219,319,492,2024-07-01,2024-07-04,1999,1999,PAID,0
3948,971,320,494,2025-07-01,2025-07-01,4166,4166,PAID,0
3949,971,320,494,2025-08-01,,4166,0,PENDING,301
3950,971,320,494,2025-09-01,2025-09-07,4166,4166,PAID,0
3951,971,320,494,2025-10-01,,4166,0,OVERDUE,240
3952,971,320,494,2025-11-01,2025-11-05,4166,4166,PAID,0
3953,971,320,494,2025-12-01,2025-12-06,4166,4166,PAID,0
3954,971,320,494,2026-01-01,2026-01-07,4166,4166,PAID,0
3955,971,320,494,2026-02-01,2026-02-06,4166,4166,PAID,0
3956,971,320,494,2026-03-01,2026-03-07,4166,4166,PAID,0
3957,971,320,494,2026-04-01,2026-04-08,4166,4166,PAID,0
3958,971,320,494,2026-05-01,,4166,0,PENDING,28
