tenant_id,tenant_name,email,phone,tenant_status,created_at,credit_score
1,Sophia Moore,sophia.moore1@example.com,+1-555-562-4840,Inactive,2024-03-23,658
2,Emily Harris,emily.harris2@example.com,+1-555-685-3575,Inactive,2024-06-05,720
3,David Miller,david.miller3@example.com,+1-555-869-2376,Inactive,2025-06-29,712
4,Mia Taylor,mia.taylor4@example.com,+1-555-697-1674,Inactive,2025-11-15,739
5,James Martin,james.martin5@example.com,+1-555-561-8660,Inactive,2025-04-17,674
6,Charlotte Jackson,charlotte.jackson6@example.com,+1-555-379-7264,Active,2024-01-03,693
7,Sophia Anderson,sophia.anderson7@example.com,+1-555-760-2243,Inactive,2023-06-18,655
8,Joseph Brown,joseph.brown8@example.com,+1-555-904-5528,Active,2023-07-21,610
9,David White,david.white9@example.com,+1-555-139-9946,Active,2024-11-14,630
10,James Anderson,james.anderson10@example.com,+1-555-409-5496,Active,2023-10-10,798
11,Amelia Anderson,amelia.anderson11@example.com,+1-555-108-5906,Inactive,2024-12-10,780
12,Robert Harris,robert.harris12@example.com,+1-555-941-1194,Inactive,2025-11-15,774
13,Chris Harris,chris.harris13@example.com,+1-555-333-4717,Past Due,2024-03-05,701
14,Sophia Clark,sophia.clark14@example.com,+1-555-839-8559,Inactive,2023-06-25,660
15,Michael Martin,michael.martin15@example.com,+1-555-888-7843,Active,2025-06-17,695
16,Amelia Smith,amelia.smith16@example.com,+1-555-483-3276,Past Due,2023-09-20,658
17,John Lewis,john.lewis17@example.com,+1-555-929-6810,Inactive,2024-04-06,687
18,Emily Harris,emily.harris18@example.com,+1-555-881-9808,Inactive,2024-10-29,730
19,John Johnson,john.johnson19@example.com,+1-555-242-3518,Inactive,2026-03-09,741
20,Robert Harris,robert.harris20@example.com,+1-555-309-7400,Active,2025-12-30,678
21,Michael Lewis,michael.lewis21@example.com,+1-555-211-6387,Past Due,2025-07-13,743
22,Ava Brown,ava.brown22@example.com,+1-555-275-2709,Past Due,2026-02-06,625
23,Sarah Lewis,sarah.lewis23@example.com,+1-555-127-4058,Active,2023-05-23,813
24,Robert Thomas,robert.thomas24@example.com,+1-555-310-4818,Inactive,2025-12-09,597
25,William Johnson,william.johnson25@example.com,+1-555-477-9495,Active,2023-12-18,663
26,Emily Harris,emily.harris26@example.com,+1-555-260-2814,Active,2026-01-03,687
27,Charlotte Brown,charlotte.brown27@example.com,+1-555-498-4382,Active,2024-02-26,659
28,Emily Lewis,emily.lewis28@example.com,+1-555-262-6084,Past Due,2024-02-20,708
29,William Anderson,william.anderson29@example.com,+1-555-306-1121,Active,2025-07-01,596
30,Robert Taylor,robert.taylor30@example.com,+1-555-638-6388,Past Due,2025-10-02,697
31,William Johnson,william.johnson31@example.com,+1-555-854-2492,Inactive,2025-07-23,668
32,Ava Harris,ava.harris32@example.com,+1-555-727-3869,Inactive,2024-05-25,625
33,Emily Clark,emily.clark33@example.com,+1-555-493-4005,Past Due,2026-03-10,604
34,Robert Johnson,robert.johnson34@example.com,+1-555-345-3587,Inactive,2026-01-06,654
35,David Moore,david.moore35@example.com,+1-555-605-7738,Past Due,2023-09-06,674
36,David Davis,david.davis36@example.com,+1-555-616-6341,Inactive,2025-07-12,622
37,Daniel Moore,daniel.moore37@example.com,+1-555-618-1731,Inactive,2023-02-24,598
38,William Harris,william.harris38@example.com,+1-555-451-7542,Active,2025-03-23,589
39,John Anderson,john.anderson39@example.com,+1-555-217-3236,Inactive,2025-08-08,704
40,William Brown,william.brown40@example.com,+1-555-184-9985,Past Due,2024-05-11,762
41,William Miller,william.miller41@example.com,+1-555-582-5573,Active,2023-12-16,794
42,John Davis,john.davis42@example.com,+1-555-281-5819,Active,2025-12-30,769
43,Robert Wilson,robert.wilson43@example.com,+1-555-179-1183,Past Due,2024-07-13,619
44,William White,william.white44@example.com,+1-555-282-4549,Past Due,2023-03-12,808
45,Amelia Moore,amelia.moore45@example.com,+1-555-552-1782,Past Due,2025-12-06,744
46,Emma Harris,emma.harris46@example.com,+1-555-806-6051,Inactive,2023-04-18,733
47,John Johnson,john.johnson47@example.com,+1-555-890-7183,Active,2024-05-26,675
48,Sophia Moore,sophia.moore48@example.com,+1-555-193-1262,Inactive,2023-02-27,583
49,James Moore,james.moore49@example.com,+1-555-796-2035,Active,2023-07-17,784
50,Olivia Wilson,olivia.wilson50@example.com,+1-555-145-7810,Past Due,2023-08-09,788
51,James Jackson,james.jackson51@example.com,+1-555-675-4105,Past Due,2024-02-29,819
52,Amelia Harris,amelia.harris52@example.com,+1-555-538-2979,Active,2024-03-13,607
53,Mia Jackson,mia.jackson53@example.com,+1-555-277-1245,Inactive,2024-10-09,583
54,Robert Moore,robert.moore54@example.com,+1-555-569-4606,Active,2024-07-24,746
55,Mia Johnson,mia.johnson55@example.com,+1-555-168-4580,Inactive,2024-09-09,776
56,Charlotte Davis,charlotte.davis56@example.com,+1-555-829-9784,Past Due,2023-12-18,644
57,Emma Jackson,emma.jackson57@example.com,+1-555-746-7366,Past Due,2023-09-30,665
58,Olivia Jackson,olivia.jackson58@example.com,+1-555-971-8899,Active,2024-11-17,584
59,William Harris,william.harris59@example.com,+1-555-623-4808,Past Due,2023-01-28,639
60,John Davis,john.davis60@example.com,+1-555-416-4873,Past Due,2025-05-27,773
61,Sophia Brown,sophia.brown61@example.com,+1-555-161-3253,Inactive,2025-10-18,655
62,Michael Miller,michael.miller62@example.com,+1-555-484-4348,Past Due,2023-03-19,640
63,William Jackson,william.jackson63@example.com,+1-555-237-5556,Inactive,2023-03-23,713
64,Emily Thomas,emily.thomas64@example.com,+1-555-868-1388,Active,2024-11-09,667
65,Sophia Moore,sophia.moore65@example.com,+1-555-652-1885,Past Due,2024-05-23,785
66,Sophia Harris,sophia.harris66@example.com,+1-555-633-6269,Active,2025-06-24,741
67,John Brown,john.brown67@example.com,+1-555-990-9055,Active,2024-01-30,593
68,Chris Moore,chris.moore68@example.com,+1-555-228-2503,Active,2026-01-29,792
69,Michael Taylor,michael.taylor69@example.com,+1-555-619-2280,Inactive,2025-08-14,659
70,Olivia Moore,olivia.moore70@example.com,+1-555-350-7947,Active,2024-05-24,657
71,Ava Clark,ava.clark71@example.com,+1-555-750-4299,Inactive,2025-09-12,600
72,Mia Harris,mia.harris72@example.com,+1-555-486-3748,Inactive,2025-06-22,688
73,Joseph Martin,joseph.martin73@example.com,+1-555-878-3553,Inactive,2023-02-10,775
74,Robert Martin,robert.martin74@example.com,+1-555-974-2363,Inactive,2026-01-05,619
75,Amelia Wilson,amelia.wilson75@example.com,+1-555-363-7233,Inactive,2024-09-18,696
76,Ava Harris,ava.harris76@example.com,+1-555-675-8878,Active,2024-11-13,614
77,Charlotte Moore,charlotte.moore77@example.com,+1-555-258-4106,Active,2023-01-27,800
78,Joseph White,joseph.white78@example.com,+1-555-603-7628,Inactive,2025-03-19,770
79,Mia Harris,mia.harris79@example.com,+1-555-601-6043,Past Due,2023-05-26,684
80,Sarah Davis,sarah.davis80@example.com,+1-555-494-3660,Active,2025-06-12,645
81,Mia Lewis,mia.lewis81@example.com,+1-555-750-7032,Past Due,2023-04-29,746
82,Robert Martin,robert.martin82@example.com,+1-555-853-5043,Active,2025-09-05,588
83,Mia Smith,mia.smith83@example.com,+1-555-814-3422,Inactive,2025-07-21,754
84,Chris Anderson,chris.anderson84@example.com,+1-555-353-3644,Active,2023-08-28,777
85,David Harris,david.harris85@example.com,+1-555-507-2316,Past Due,2024-01-22,804
86,Emily Wilson,emily.wilson86@example.com,+1-555-949-7993,Inactive,2024-09-10,708
87,Amelia Harris,amelia.harris87@example.com,+1-555-700-6045,Past Due,2025-04-22,772
88,David Davis,david.davis88@example.com,+1-555-751-6642,Active,2024-07-04,771
89,Michael Harris,michael.harris89@example.com,+1-555-815-6047,Active,2023-12-11,788
90,Charlotte Smith,charlotte.smith90@example.com,+1-555-199-2144,Past Due,2025-05-05,714
91,Emily Thomas,emily.thomas91@example.com,+1-555-850-8060,Active,2023-12-28,675
92,Olivia Miller,olivia.miller92@example.com,+1-555-302-8970,Active,2025-10-26,608
93,William Moore,william.moore93@example.com,+1-555-290-4292,Active,2024-01-10,787
94,Michael Anderson,michael.anderson94@example.com,+1-555-992-7697,Inactive,2023-08-12,802
95,Olivia Brown,olivia.brown95@example.com,+1-555-400-2404,Inactive,2023-09-13,650
96,David Jackson,david.jackson96@example.com,+1-555-130-4846,Inactive,2025-09-20,752
97,Emma Smith,emma.smith97@example.com,+1-555-162-5359,Active,2026-04-07,782
98,Sarah Davis,sarah.davis98@example.com,+1-555-316-9557,Active,2025-02-08,734
99,Joseph Anderson,joseph.anderson99@example.com,+1-555-597-8753,Inactive,2025-05-29,666
100,Mia Jackson,mia.jackson100@example.com,+1-555-422-4925,Inactive,2025-03-27,676
101,Sarah White,sarah.white101@example.com,+1-555-994-6410,Active,2023-01-07,696
102,Robert Miller,robert.miller102@example.com,+1-555-126-3013,Past Due,2024-07-26,759
103,Sophia White,sophia.white103@example.com,+1-555-562-8785,Past Due,2025-04-26,749
104,Michael Smith,michael.smith104@example.com,+1-555-753-6278,Active,2025-01-07,803
105,Sarah Jackson,sarah.jackson105@example.com,+1-555-794-8279,Active,2025-09-19,682
106,David White,david.white106@example.com,+1-555-538-8800,Past Due,2023-07-25,767
107,Robert Thomas,robert.thomas107@example.com,+1-555-721-4196,Past Due,2023-10-21,802
108,Joseph Johnson,joseph.johnson108@example.com,+1-555-230-9158,Active,2024-09-09,793
109,Amelia Clark,amelia.clark109@example.com,+1-555-272-8311,Active,2025-09-14,749
110,Amelia Taylor,amelia.taylor110@example.com,+1-555-349-4467,Active,2023-07-03,607
111,Emily Smith,emily.smith111@example.com,+1-555-264-6349,Inactive,2024-07-28,636
112,Daniel Lewis,daniel.lewis112@example.com,+1-555-786-3016,Past Due,2023-10-06,816
113,Amelia Lewis,amelia.lewis113@example.com,+1-555-192-6452,Active,2026-03-25,776
114,David Jackson,david.jackson114@example.com,+1-555-486-7252,Past Due,2026-02-24,799
115,Emily Taylor,emily.taylor115@example.com,+1-555-328-5244,Active,2024-08-18,602
116,Emma Brown,emma.brown116@example.com,+1-555-448-4082,Past Due,2023-08-26,726
117,Mia Miller,mia.miller117@example.com,+1-555-973-6134,Inactive,2026-03-27,768
118,John Thomas,john.thomas118@example.com,+1-555-163-9775,Active,2025-03-05,688
119,James White,james.white119@example.com,+1-555-916-3069,Past Due,2024-03-30,607
120,Robert Smith,robert.smith120@example.com,+1-555-651-8546,Inactive,2023-10-24,788
121,Ava Taylor,ava.taylor121@example.com,+1-555-611-8467,Active,2024-08-03,617
122,Sarah Jackson,sarah.jackson122@example.com,+1-555-416-9230,Past Due,2023-09-10,650
123,Charlotte Moore,charlotte.moore123@example.com,+1-555-606-5775,Past Due,2025-02-10,595
124,James Miller,james.miller124@example.com,+1-555-947-4450,Past Due,2024-04-05,759
125,Sarah Wilson,sarah.wilson125@example.com,+1-555-977-8987,Past Due,2025-03-13,656
126,Olivia Smith,olivia.smith126@example.com,+1-555-661-7427,Inactive,2025-05-15,753
127,Charlotte White,charlotte.white127@example.com,+1-555-875-7412,Inactive,2023-05-28,715
128,Ava Thomas,ava.thomas128@example.com,+1-555-813-4196,Past Due,2026-01-27,680
129,Emma Miller,emma.miller129@example.com,+1-555-431-1886,Past Due,2024-09-14,697
130,Olivia Miller,olivia.miller130@example.com,+1-555-552-8904,Inactive,2023-10-24,633
131,Michael Moore,michael.moore131@example.com,+1-555-852-1149,Inactive,2026-03-24,606
132,Chris Harris,chris.harris132@example.com,+1-555-537-3756,Active,2023-07-16,671
133,Charlotte Wilson,charlotte.wilson133@example.com,+1-555-153-2922,Past Due,2024-11-24,731
134,Emily Miller,emily.miller134@example.com,+1-555-742-7619,Active,2023-03-11,610
135,Sophia Harris,sophia.harris135@example.com,+1-555-600-5959,Past Due,2023-12-20,747
136,Robert Brown,robert.brown136@example.com,+1-555-896-8596,Past Due,2025-02-21,650
137,William White,william.white137@example.com,+1-555-111-2966,Active,2023-06-19,611
138,Charlotte Taylor,charlotte.taylor138@example.com,+1-555-123-8856,Inactive,2023-07-13,783
139,Olivia Harris,olivia.harris139@example.com,+1-555-595-8105,Inactive,2026-03-16,612
140,Emma Jackson,emma.jackson140@example.com,+1-555-165-9806,Active,2025-04-10,788
141,John Harris,john.harris141@example.com,+1-555-669-9788,Past Due,2025-09-27,596
142,Joseph Davis,joseph.davis142@example.com,+1-555-871-4399,Past Due,2023-08-29,626
143,Olivia Smith,olivia.smith143@example.com,+1-555-668-8327,Inactive,2023-09-09,590
144,Chris Moore,chris.moore144@example.com,+1-555-768-3641,Active,2026-02-25,645
145,Sarah Brown,sarah.brown145@example.com,+1-555-227-9292,Inactive,2025-01-14,719
146,Olivia Martin,olivia.martin146@example.com,+1-555-773-1001,Active,2024-09-07,591
147,Joseph Thomas,joseph.thomas147@example.com,+1-555-774-9750,Inactive,2023-10-14,727
148,Charlotte Jackson,charlotte.jackson148@example.com,+1-555-635-6769,Past Due,2026-01-07,710
149,Michael Davis,michael.davis149@example.com,+1-555-778-1732,Active,2023-03-17,628
150,Chris Thomas,chris.thomas150@example.com,+1-555-976-4526,Active,2026-02-04,635
151,Mia Anderson,mia.anderson151@example.com,+1-555-231-7914,Active,2026-01-31,645
152,Daniel Harris,daniel.harris152@example.com,+1-555-765-3675,Inactive,2025-07-23,601
153,Daniel Martin,daniel.martin153@example.com,+1-555-811-3346,Past Due,2024-02-22,598
154,Daniel Moore,daniel.moore154@example.com,+1-555-831-7097,Past Due,2025-11-13,734
155,Olivia Martin,olivia.martin155@example.com,+1-555-941-3514,Inactive,2025-06-07,677
156,John Taylor,john.taylor156@example.com,+1-555-179-5425,Active,2025-12-24,608
157,Amelia Martin,amelia.martin157@example.com,+1-555-167-6396,Past Due,2023-07-02,672
158,James Anderson,james.anderson158@example.com,+1-555-249-4698,Inactive,2023-01-21,605
159,Robert Taylor,robert.taylor159@example.com,+1-555-487-2720,Active,2023-12-26,714
160,Ava Lewis,ava.lewis160@example.com,+1-555-197-9666,Inactive,2026-03-17,801
161,Ava Anderson,ava.anderson161@example.com,+1-555-722-2623,Active,2023-12-16,661
162,Robert Wilson,robert.wilson162@example.com,+1-555-453-9711,Past Due,2025-04-04,702
163,Chris Anderson,chris.anderson163@example.com,+1-555-109-9414,Past Due,2023-11-15,748
164,Chris Miller,chris.miller164@example.com,+1-555-487-5380,Active,2025-01-28,761
165,Sophia Martin,sophia.martin165@example.com,+1-555-823-8500,Active,2025-06-17,670
166,William Thomas,william.thomas166@example.com,+1-555-382-8008,Past Due,2024-04-13,658
167,David Thomas,david.thomas167@example.com,+1-555-516-6123,Active,2023-06-12,599
168,Sophia Brown,sophia.brown168@example.com,+1-555-269-1940,Active,2024-08-08,721
169,Charlotte Smith,charlotte.smith169@example.com,+1-555-534-9334,Past Due,2023-10-07,702
170,Charlotte Davis,charlotte.davis170@example.com,+1-555-515-1227,Past Due,2024-01-25,813
171,John Martin,john.martin171@example.com,+1-555-819-9754,Past Due,2024-12-07,642
172,Joseph Johnson,joseph.johnson172@example.com,+1-555-721-8350,Active,2025-12-08,811
173,Sophia Wilson,sophia.wilson173@example.com,+1-555-176-7013,Active,2025-11-18,670
174,Sarah Martin,sarah.martin174@example.com,+1-555-607-7211,Active,2025-02-03,608
175,James Taylor,james.taylor175@example.com,+1-555-951-9832,Active,2024-08-17,656
176,Charlotte Thomas,charlotte.thomas176@example.com,+1-555-371-4490,Active,2026-03-10,680
177,Michael Thomas,michael.thomas177@example.com,+1-555-758-9446,Active,2025-08-06,808
178,Charlotte Johnson,charlotte.johnson178@example.com,+1-555-464-1096,Past Due,2025-07-31,664
179,Ava White,ava.white179@example.com,+1-555-209-1084,Inactive,2024-01-17,682
180,Mia Smith,mia.smith180@example.com,+1-555-203-8058,Inactive,2024-02-09,601
181,Joseph Miller,joseph.miller181@example.com,+1-555-520-3029,Inactive,2023-01-15,619
182,Daniel Taylor,daniel.taylor182@example.com,+1-555-581-7477,Inactive,2024-09-04,673
183,Emily Wilson,emily.wilson183@example.com,+1-555-649-5415,Active,2025-06-17,748
184,William Wilson,william.wilson184@example.com,+1-555-243-6795,Past Due,2025-06-07,581
185,Mia Moore,mia.moore185@example.com,+1-555-213-4105,Inactive,2023-03-24,614
186,Robert Martin,robert.martin186@example.com,+1-555-861-6426,Active,2023-11-25,750
187,Michael Lewis,michael.lewis187@example.com,+1-555-781-5354,Active,2025-05-12,705
188,Amelia Lewis,amelia.lewis188@example.com,+1-555-919-3087,Inactive,2025-03-29,708
189,Robert Miller,robert.miller189@example.com,+1-555-212-2767,Active,2023-09-16,619
190,Mia Smith,mia.smith190@example.com,+1-555-885-4874,Active,2024-12-01,689
191,John Martin,john.martin191@example.com,+1-555-591-5742,Inactive,2025-09-22,601
192,Emily Taylor,emily.taylor192@example.com,+1-555-732-3498,Past Due,2025-11-13,627
193,Sophia Anderson,sophia.anderson193@example.com,+1-555-885-2884,Inactive,2024-05-21,750
194,Emily Moore,emily.moore194@example.com,+1-555-585-2688,Past Due,2025-10-25,736
195,Olivia Moore,olivia.moore195@example.com,+1-555-975-3436,Active,2023-09-04,613
196,Robert Johnson,robert.johnson196@example.com,+1-555-380-4148,Active,2025-05-23,584
197,Michael Brown,michael.brown197@example.com,+1-555-985-1834,Inactive,2025-04-14,714
198,Ava Taylor,ava.taylor198@example.com,+1-555-327-6507,Inactive,2025-09-08,595
199,Joseph Martin,joseph.martin199@example.com,+1-555-759-1846,Inactive,2023-08-14,648
200,Mia Anderson,mia.anderson200@example.com,+1-555-459-7849,Active,2024-10-17,809
201,Sarah Wilson,sarah.wilson201@example.com,+1-555-141-1008,Active,2024-10-20,634
202,Ava Lewis,ava.lewis202@example.com,+1-555-386-2650,Inactive,2024-01-14,644
203,Charlotte White,charlotte.white203@example.com,+1-555-442-5986,Active,2023-07-18,751
204,John Miller,john.miller204@example.com,+1-555-439-6907,Past Due,2025-01-10,770
205,Joseph White,joseph.white205@example.com,+1-555-343-5521,Active,2026-04-11,678
206,David Davis,david.davis206@example.com,+1-555-233-2971,Active,2024-01-26,629
207,William Davis,william.davis207@example.com,+1-555-176-9955,Past Due,2024-12-03,657
208,Charlotte Moore,charlotte.moore208@example.com,+1-555-646-3517,Active,2023-09-19,629
209,Emily Anderson,emily.anderson209@example.com,+1-555-998-6690,Inactive,2025-07-07,741
210,Emma Martin,emma.martin210@example.com,+1-555-169-8910,Inactive,2025-12-08,818
211,Joseph Smith,joseph.smith211@example.com,+1-555-270-5491,Past Due,2023-09-22,654
212,Sarah Johnson,sarah.johnson212@example.com,+1-555-913-4116,Past Due,2025-03-25,706
213,Amelia Brown,amelia.brown213@example.com,+1-555-269-8172,Past Due,2025-02-25,723
214,Robert Harris,robert.harris214@example.com,+1-555-721-5448,Active,2024-01-12,580
215,Olivia Moore,olivia.moore215@example.com,+1-555-706-1145,Past Due,2025-07-21,708
216,Joseph Anderson,joseph.anderson216@example.com,+1-555-410-4609,Inactive,2024-07-03,721
217,Emma Wilson,emma.wilson217@example.com,+1-555-329-1747,Past Due,2024-05-02,654
218,Sarah Miller,sarah.miller218@example.com,+1-555-384-3178,Inactive,2023-04-16,744
219,Sophia Moore,sophia.moore219@example.com,+1-555-647-2903,Active,2024-12-12,741
220,Mia Jackson,mia.jackson220@example.com,+1-555-185-9999,Inactive,2023-10-01,684
221,Ava Jackson,ava.jackson221@example.com,+1-555-158-1170,Inactive,2024-03-25,767
222,Daniel Wilson,daniel.wilson222@example.com,+1-555-362-1256,Past Due,2026-04-09,607
223,Robert Anderson,robert.anderson223@example.com,+1-555-990-4377,Inactive,2024-03-27,663
224,Daniel Moore,daniel.moore224@example.com,+1-555-695-7479,Active,2025-07-02,639
225,Emily White,emily.white225@example.com,+1-555-251-8848,Active,2025-10-12,626
226,William Wilson,william.wilson226@example.com,+1-555-935-3885,Active,2026-03-12,705
227,Olivia Thomas,olivia.thomas227@example.com,+1-555-121-6081,Active,2023-12-30,789
228,Robert Moore,robert.moore228@example.com,+1-555-171-3351,Active,2025-05-23,642
229,William Harris,william.harris229@example.com,+1-555-202-9630,Active,2023-01-25,734
230,Emma Harris,emma.harris230@example.com,+1-555-493-1339,Active,2023-01-28,775
231,Sarah Miller,sarah.miller231@example.com,+1-555-354-2369,Inactive,2023-10-20,820
232,John Smith,john.smith232@example.com,+1-555-910-2742,Past Due,2024-11-24,798
233,David Moore,david.moore233@example.com,+1-555-242-8871,Past Due,2025-06-28,788
234,Olivia Thomas,olivia.thomas234@example.com,+1-555-439-8846,Active,2024-05-14,594
235,Amelia Anderson,amelia.anderson235@example.com,+1-555-742-9906,Active,2023-02-13,791
236,Sarah Davis,sarah.davis236@example.com,+1-555-657-5861,Active,2025-11-13,806
237,Emily Miller,emily.miller237@example.com,+1-555-101-4675,Active,2024-04-09,689
238,Robert Miller,robert.miller238@example.com,+1-555-461-5699,Active,2025-02-26,755
239,Emma Lewis,emma.lewis239@example.com,+1-555-273-2804,Active,2023-07-28,652
240,Mia Brown,mia.brown240@example.com,+1-555-730-6467,Active,2025-01-08,816
241,David Johnson,david.johnson241@example.com,+1-555-719-3475,Active,2025-05-27,715
242,James Wilson,james.wilson242@example.com,+1-555-795-7967,Active,2024-09-09,739
243,Ava White,ava.white243@example.com,+1-555-996-2702,Inactive,2025-10-19,749
244,Mia Anderson,mia.anderson244@example.com,+1-555-930-2251,Active,2023-11-01,779
245,Chris Jackson,chris.jackson245@example.com,+1-555-251-7399,Inactive,2025-09-06,788
246,David Davis,david.davis246@example.com,+1-555-691-8003,Past Due,2024-07-24,617
247,David Jackson,david.jackson247@example.com,+1-555-230-3979,Inactive,2024-12-23,661
248,Charlotte Martin,charlotte.martin248@example.com,+1-555-592-7782,Past Due,2024-11-13,615
249,Sophia Harris,sophia.harris249@example.com,+1-555-528-9144,Past Due,2025-12-29,706
250,Amelia Taylor,amelia.taylor250@example.com,+1-555-493-2369,Past Due,2025-05-13,714
251,Sophia Brown,sophia.brown251@example.com,+1-555-340-6926,Active,2024-02-21,797
252,John White,john.white252@example.com,+1-555-671-8764,Active,2023-08-14,595
253,Mia White,mia.white253@example.com,+1-555-969-3283,Inactive,2025-07-31,616
254,Amelia Martin,amelia.martin254@example.com,+1-555-348-4452,Active,2023-04-25,771
255,Chris Davis,chris.davis255@example.com,+1-555-812-3344,Inactive,2023-02-23,758
256,Emily White,emily.white256@example.com,+1-555-155-2736,Past Due,2026-04-06,598
257,Charlotte Wilson,charlotte.wilson257@example.com,+1-555-130-3406,Inactive,2023-10-17,600
258,Sophia Brown,sophia.brown258@example.com,+1-555-112-7823,Active,2024-01-09,700
259,Chris Thomas,chris.thomas259@example.com,+1-555-581-7742,Past Due,2024-11-21,693
260,John Thomas,john.thomas260@example.com,+1-555-213-3554,Active,2023-03-07,734
261,Olivia Wilson,olivia.wilson261@example.com,+1-555-111-7494,Inactive,2025-07-19,721
262,Daniel Thomas,daniel.thomas262@example.com,+1-555-826-4724,Inactive,2023-11-18,649
263,David Harris,david.harris263@example.com,+1-555-228-4471,Inactive,2023-04-25,636
264,Robert Wilson,robert.wilson264@example.com,+1-555-942-2264,Past Due,2025-08-17,702
265,James Harris,james.harris265@example.com,+1-555-947-7233,Active,2023-04-22,785
266,Mia Martin,mia.martin266@example.com,+1-555-299-5422,Active,2023-08-02,599
267,Mia Jackson,mia.jackson267@example.com,+1-555-128-4924,Inactive,2023-11-30,718
268,Emma Brown,emma.brown268@example.com,+1-555-316-1179,Inactive,2024-01-20,721
269,Michael Johnson,michael.johnson269@example.com,+1-555-346-5410,Active,2026-03-13,724
270,Sarah Lewis,sarah.lewis270@example.com,+1-555-146-1787,Inactive,2023-07-10,659
271,John White,john.white271@example.com,+1-555-869-5626,Inactive,2025-10-21,629
272,James Harris,james.harris272@example.com,+1-555-843-6830,Active,2023-07-19,664
273,Emily Davis,emily.davis273@example.com,+1-555-614-3460,Active,2025-02-21,702
274,Sarah Thomas,sarah.thomas274@example.com,+1-555-265-3482,Past Due,2025-08-06,600
275,David Taylor,david.taylor275@example.com,+1-555-320-3307,Past Due,2023-11-26,708
276,Joseph Jackson,joseph.jackson276@example.com,+1-555-558-3149,Inactive,2024-08-18,672
277,Emily Johnson,emily.johnson277@example.com,+1-555-829-7350,Active,2024-03-03,736
278,David Miller,david.miller278@example.com,+1-555-680-9151,Active,2023-01-31,616
279,Ava Brown,ava.brown279@example.com,+1-555-610-2541,Inactive,2024-10-04,623
280,Ava Wilson,ava.wilson280@example.com,+1-555-169-5589,Past Due,2025-01-14,670
281,David Brown,david.brown281@example.com,+1-555-283-8548,Inactive,2025-08-27,645
282,William Miller,william.miller282@example.com,+1-555-226-8999,Active,2025-01-14,799
283,Ava Harris,ava.harris283@example.com,+1-555-518-3113,Inactive,2025-01-21,711
284,James White,james.white284@example.com,+1-555-185-7769,Past Due,2025-07-10,647
285,Sarah Johnson,sarah.johnson285@example.com,+1-555-858-5011,Past Due,2026-02-22,582
286,Chris Davis,chris.davis286@example.com,+1-555-397-7157,Active,2026-03-13,682
287,David Taylor,david.taylor287@example.com,+1-555-497-8573,Past Due,2023-07-11,669
288,William Clark,william.clark288@example.com,+1-555-757-9767,Inactive,2023-08-12,601
289,Olivia Davis,olivia.davis289@example.com,+1-555-506-8096,Active,2025-04-02,664
290,David Jackson,david.jackson290@example.com,+1-555-450-8967,Active,2025-09-02,609
291,Daniel Clark,daniel.clark291@example.com,+1-555-139-9930,Active,2025-08-20,617
292,Michael Jackson,michael.jackson292@example.com,+1-555-681-1513,Past Due,2025-02-17,595
293,Mia Martin,mia.martin293@example.com,+1-555-584-4496,Active,2024-03-09,802
294,John Martin,john.martin294@example.com,+1-555-376-5129,Past Due,2023-12-27,601
295,Chris Brown,chris.brown295@example.com,+1-555-380-7636,Active,2024-09-02,803
296,William Martin,william.martin296@example.com,+1-555-637-4507,Past Due,2024-06-15,627
297,Sarah Brown,sarah.brown297@example.com,+1-555-538-6603,Inactive,2023-12-03,630
298,Mia Martin,mia.martin298@example.com,+1-555-593-8790,Past Due,2023-11-26,758
299,Emily White,emily.white299@example.com,+1-555-809-7375,Active,2026-02-22,780
300,Michael Brown,michael.brown300@example.com,+1-555-840-3369,Inactive,2024-10-10,583
301,Chris Clark,chris.clark301@example.com,+1-555-251-9182,Inactive,2023-08-21,782
302,Emily Anderson,emily.anderson302@example.com,+1-555-633-1060,Inactive,2023-09-15,742
303,William Davis,william.davis303@example.com,+1-555-137-4581,Past Due,2024-01-20,687
304,Amelia Wilson,amelia.wilson304@example.com,+1-555-715-7185,Active,2024-12-13,633
305,Michael Smith,michael.smith305@example.com,+1-555-479-6960,Active,2024-09-10,809
306,Ava Davis,ava.davis306@example.com,+1-555-816-9177,Past Due,2025-07-22,685
307,Emily White,emily.white307@example.com,+1-555-460-9887,Inactive,2025-12-07,775
308,James Davis,james.davis308@example.com,+1-555-280-8517,Inactive,2025-02-03,625
309,Amelia Wilson,amelia.wilson309@example.com,+1-555-655-8141,Inactive,2024-08-06,796
310,Emily Thomas,emily.thomas310@example.com,+1-555-818-2625,Active,2023-08-01,602
311,John Martin,john.martin311@example.com,+1-555-206-9133,Past Due,2026-01-20,605
312,William Johnson,william.johnson312@example.com,+1-555-783-5749,Inactive,2024-03-09,637
313,William Harris,william.harris313@example.com,+1-555-217-4204,Inactive,2023-09-12,669
314,William Martin,william.martin314@example.com,+1-555-940-7484,Active,2025-02-06,780
315,Sophia Thomas,sophia.thomas315@example.com,+1-555-374-5333,Inactive,2025-04-29,752
316,Sophia Smith,sophia.smith316@example.com,+1-555-524-1535,Active,2023-02-23,619
317,Mia Jackson,mia.jackson317@example.com,+1-555-443-3792,Past Due,2025-05-30,641
318,Amelia Harris,amelia.harris318@example.com,+1-555-297-7444,Active,2026-03-29,689
319,Chris Harris,chris.harris319@example.com,+1-555-845-3846,Inactive,2024-10-13,712
320,Olivia Martin,olivia.martin320@example.com,+1-555-336-2631,Past Due,2023-09-16,709
321,Emma Harris,emma.harris321@example.com,+1-555-963-5263,Past Due,2023-11-22,662
322,Michael Brown,michael.brown322@example.com,+1-555-195-1420,Inactive,2023-01-24,740
323,Chris Smith,chris.smith323@example.com,+1-555-732-9907,Active,2026-03-17,677
324,John Miller,john.miller324@example.com,+1-555-564-6867,Active,2024-05-05,747
325,Sophia Thomas,sophia.thomas325@example.com,+1-555-298-9772,Active,2025-02-13,777
326,Daniel Johnson,daniel.johnson326@example.com,+1-555-381-2359,Active,2023-02-17,743
327,Emma Davis,emma.davis327@example.com,+1-555-570-3010,Active,2023-10-18,652
328,Daniel Wilson,daniel.wilson328@example.com,+1-555-195-2267,Inactive,2025-01-10,813
329,Michael Harris,michael.harris329@example.com,+1-555-203-9045,Active,2025-04-27,598
330,Charlotte Brown,charlotte.brown330@example.com,+1-555-315-7879,Inactive,2024-10-04,742
331,William Wilson,william.wilson331@example.com,+1-555-284-5894,Active,2024-01-01,748
332,Sarah Davis,sarah.davis332@example.com,+1-555-451-6681,Inactive,2026-01-24,581
333,Olivia Anderson,olivia.anderson333@example.com,+1-555-224-4159,Past Due,2023-03-02,717
334,John Miller,john.miller334@example.com,+1-555-321-6978,Active,2024-03-20,587
335,James Miller,james.miller335@example.com,+1-555-325-2367,Past Due,2023-09-17,648
336,Daniel Lewis,daniel.lewis336@example.com,+1-555-304-2506,Inactive,2026-02-03,746
337,Ava Clark,ava.clark337@example.com,+1-555-863-9123,Inactive,2025-11-15,682
338,Michael Anderson,michael.anderson338@example.com,+1-555-277-4242,Past Due,2024-07-29,680
339,Emma Thomas,emma.thomas339@example.com,+1-555-269-4372,Past Due,2025-09-26,690
340,William Martin,william.martin340@example.com,+1-555-710-5451,Inactive,2023-08-09,735
341,Robert Martin,robert.martin341@example.com,+1-555-304-6782,Inactive,2023-05-12,695
342,Olivia Johnson,olivia.johnson342@example.com,+1-555-623-5146,Past Due,2025-04-19,655
343,Joseph White,joseph.white343@example.com,+1-555-507-1490,Active,2024-01-04,787
344,James Martin,james.martin344@example.com,+1-555-909-4046,Inactive,2024-05-17,598
345,Michael White,michael.white345@example.com,+1-555-480-3376,Inactive,2023-09-08,582
346,James Smith,james.smith346@example.com,+1-555-834-6388,Active,2025-08-11,725
347,James Taylor,james.taylor347@example.com,+1-555-675-2085,Inactive,2024-08-03,734
348,Michael Moore,michael.moore348@example.com,+1-555-205-5555,Past Due,2023-06-03,726
349,Emily Martin,emily.martin349@example.com,+1-555-425-6244,Active,2024-02-08,592
350,Charlotte Lewis,charlotte.lewis350@example.com,+1-555-147-5496,Inactive,2023-09-02,611
351,William Wilson,william.wilson351@example.com,+1-555-715-6355,Past Due,2025-02-23,640
352,John Thomas,john.thomas352@example.com,+1-555-118-1076,Inactive,2024-08-05,613
353,Robert Johnson,robert.johnson353@example.com,+1-555-646-9642,Active,2024-11-21,745
354,John Brown,john.brown354@example.com,+1-555-581-2558,Inactive,2024-09-08,650
355,James White,james.white355@example.com,+1-555-509-2306,Past Due,2024-10-03,706
356,Sarah Harris,sarah.harris356@example.com,+1-555-405-8447,Inactive,2023-09-06,795
357,Mia Davis,mia.davis357@example.com,+1-555-129-4670,Active,2023-01-22,615
358,Emma Jackson,emma.jackson358@example.com,+1-555-982-8138,Active,2023-12-15,602
359,Michael White,michael.white359@example.com,+1-555-935-9807,Active,2023-04-18,646
360,Sarah Davis,sarah.davis360@example.com,+1-555-149-5985,Active,2024-06-24,664
361,Robert Anderson,robert.anderson361@example.com,+1-555-815-3790,Active,2026-04-09,697
362,Emma Miller,emma.miller362@example.com,+1-555-426-3424,Past Due,2025-04-26,743
363,William Davis,william.davis363@example.com,+1-555-634-9644,Active,2026-03-29,702
364,Charlotte Anderson,charlotte.anderson364@example.com,+1-555-429-8908,Active,2023-07-08,647
365,Ava Brown,ava.brown365@example.com,+1-555-461-4971,Past Due,2024-02-26,757
366,David Brown,david.brown366@example.com,+1-555-606-1987,Active,2023-01-27,751
367,Michael Clark,michael.clark367@example.com,+1-555-938-7308,Active,2025-09-25,606
368,James Moore,james.moore368@example.com,+1-555-933-9644,Past Due,2024-10-03,774
369,Ava Clark,ava.clark369@example.com,+1-555-771-3523,Past Due,2023-08-05,814
370,Chris Taylor,chris.taylor370@example.com,+1-555-472-7317,Inactive,2025-11-17,631
371,Robert Moore,robert.moore371@example.com,+1-555-170-5552,Inactive,2023-12-03,755
372,Ava Davis,ava.davis372@example.com,+1-555-250-8552,Active,2023-08-14,641
373,John Clark,john.clark373@example.com,+1-555-291-5370,Active,2025-09-02,749
374,Joseph Clark,joseph.clark374@example.com,+1-555-460-5351,Active,2026-02-01,601
375,Mia Martin,mia.martin375@example.com,+1-555-317-3467,Inactive,2025-10-25,690
376,Joseph Jackson,joseph.jackson376@example.com,+1-555-154-8230,Inactive,2025-01-27,605
377,Sarah Harris,sarah.harris377@example.com,+1-555-849-7923,Active,2024-08-25,628
378,Robert Wilson,robert.wilson378@example.com,+1-555-708-5520,Past Due,2025-10-07,712
379,Emily Davis,emily.davis379@example.com,+1-555-797-1817,Past Due,2024-05-24,608
380,Sophia Davis,sophia.davis380@example.com,+1-555-154-1584,Past Due,2024-06-29,641
381,David Davis,david.davis381@example.com,+1-555-382-4710,Past Due,2025-04-08,680
382,Robert Davis,robert.davis382@example.com,+1-555-325-5395,Inactive,2024-02-26,623
383,Michael White,michael.white383@example.com,+1-555-752-5718,Past Due,2024-08-12,767
384,John Davis,john.davis384@example.com,+1-555-289-9245,Past Due,2025-09-03,769
385,Ava Taylor,ava.taylor385@example.com,+1-555-274-6162,Past Due,2023-05-23,622
386,Olivia Jackson,olivia.jackson386@example.com,+1-555-566-3323,Active,2025-08-29,689
387,James Smith,james.smith387@example.com,+1-555-281-5322,Active,2023-12-16,753
388,John White,john.white388@example.com,+1-555-585-1016,Inactive,2024-05-21,700
389,Emma Johnson,emma.johnson389@example.com,+1-555-938-1284,Past Due,2024-08-18,793
390,Sophia Wilson,sophia.wilson390@example.com,+1-555-873-3401,Active,2023-07-24,657
391,James Clark,james.clark391@example.com,+1-555-602-6747,Past Due,2024-06-11,749
392,Charlotte Anderson,charlotte.anderson392@example.com,+1-555-473-8516,Active,2024-12-23,657
393,James Lewis,james.lewis393@example.com,+1-555-215-5422,Past Due,2025-11-29,766
394,John Miller,john.miller394@example.com,+1-555-520-4608,Past Due,2023-10-18,671
395,Charlotte Smith,charlotte.smith395@example.com,+1-555-350-8056,Inactive,2024-02-27,770
396,David Moore,david.moore396@example.com,+1-555-486-2768,Inactive,2026-01-20,810
397,William Wilson,william.wilson397@example.com,+1-555-371-6715,Inactive,2025-03-11,730
398,Emily Anderson,emily.anderson398@example.com,+1-555-416-4122,Active,2026-04-01,713
399,James Davis,james.davis399@example.com,+1-555-543-8455,Past Due,2024-12-11,653
400,Emma Smith,emma.smith400@example.com,+1-555-610-3410,Inactive,2023-11-04,713
401,Ava Wilson,ava.wilson401@example.com,+1-555-410-8976,Inactive,2023-05-13,784
402,Ava Smith,ava.smith402@example.com,+1-555-564-1670,Active,2024-08-02,791
403,Emma Johnson,emma.johnson403@example.com,+1-555-600-6010,Active,2025-05-31,670
404,John Johnson,john.johnson404@example.com,+1-555-357-3256,Inactive,2024-08-03,781
405,Joseph Miller,joseph.miller405@example.com,+1-555-188-5434,Active,2024-02-07,690
406,David Thomas,david.thomas406@example.com,+1-555-324-1526,Inactive,2024-12-27,643
407,Robert Martin,robert.martin407@example.com,+1-555-508-2607,Inactive,2024-09-10,732
408,Ava Wilson,ava.wilson408@example.com,+1-555-677-8140,Past Due,2024-10-22,785
409,Chris Moore,chris.moore409@example.com,+1-555-356-3223,Inactive,2026-02-09,631
410,Ava Thomas,ava.thomas410@example.com,+1-555-187-5871,Past Due,2025-08-02,719
411,Olivia Harris,olivia.harris411@example.com,+1-555-901-8158,Active,2023-10-11,714
412,William Jackson,william.jackson412@example.com,+1-555-615-6858,Inactive,2024-12-26,689
413,William Martin,william.martin413@example.com,+1-555-520-8557,Active,2026-02-18,586
414,Emily Brown,emily.brown414@example.com,+1-555-873-3303,Past Due,2024-09-11,781
415,Sophia White,sophia.white415@example.com,+1-555-230-9900,Past Due,2024-08-23,593
416,Robert Miller,robert.miller416@example.com,+1-555-512-1097,Inactive,2025-11-26,697
417,Sarah Brown,sarah.brown417@example.com,+1-555-156-5426,Past Due,2023-08-08,665
418,Emma Thomas,emma.thomas418@example.com,+1-555-679-8888,Past Due,2024-11-09,801
419,Sarah Davis,sarah.davis419@example.com,+1-555-858-9369,Past Due,2023-04-19,759
420,Michael Miller,michael.miller420@example.com,+1-555-675-9115,Active,2024-04-02,809
421,Chris Thomas,chris.thomas421@example.com,+1-555-743-6093,Past Due,2023-01-14,786
422,Charlotte Moore,charlotte.moore422@example.com,+1-555-217-2100,Active,2023-11-10,734
423,Emma Davis,emma.davis423@example.com,+1-555-353-4347,Active,2025-08-28,586
424,Joseph Clark,joseph.clark424@example.com,+1-555-500-1911,Active,2024-09-06,683
425,Charlotte Wilson,charlotte.wilson425@example.com,+1-555-939-4849,Past Due,2024-06-17,790
426,William Davis,william.davis426@example.com,+1-555-542-3396,Past Due,2023-02-14,627
427,Chris Taylor,chris.taylor427@example.com,+1-555-274-9380,Past Due,2026-01-24,631
428,Charlotte Lewis,charlotte.lewis428@example.com,+1-555-396-5742,Past Due,2023-07-24,730
429,Charlotte White,charlotte.white429@example.com,+1-555-783-5508,Inactive,2025-03-01,758
430,Emma Clark,emma.clark430@example.com,+1-555-526-7960,Active,2023-02-27,652
431,William Davis,william.davis431@example.com,+1-555-677-7380,Active,2026-04-03,657
432,Sarah Clark,sarah.clark432@example.com,+1-555-143-6811,Active,2025-08-16,805
433,William Anderson,william.anderson433@example.com,+1-555-109-3593,Inactive,2025-10-22,799
434,Joseph Moore,joseph.moore434@example.com,+1-555-457-9602,Inactive,2025-11-16,596
435,Olivia Miller,olivia.miller435@example.com,+1-555-460-6558,Inactive,2023-10-14,651
436,Ava Harris,ava.harris436@example.com,+1-555-169-8925,Inactive,2025-08-24,735
437,Olivia Anderson,olivia.anderson437@example.com,+1-555-232-6309,Past Due,2026-04-04,669
438,Robert Brown,robert.brown438@example.com,+1-555-146-1483,Past Due,2023-11-22,639
439,Emma Davis,emma.davis439@example.com,+1-555-611-8805,Inactive,2024-04-19,777
440,Sophia Davis,sophia.davis440@example.com,+1-555-278-7292,Inactive,2023-05-12,595
441,Daniel Davis,daniel.davis441@example.com,+1-555-138-2194,Inactive,2025-02-05,735
442,John Wilson,john.wilson442@example.com,+1-555-428-2763,Past Due,2025-07-09,676
443,Chris Moore,chris.moore443@example.com,+1-555-300-5136,Inactive,2025-06-15,753
444,Ava Taylor,ava.taylor444@example.com,+1-555-306-3655,Inactive,2025-12-18,787
445,Michael Brown,michael.brown445@example.com,+1-555-696-1397,Past Due,2023-07-17,632
446,Sarah Miller,sarah.miller446@example.com,+1-555-105-6891,Inactive,2026-03-09,719
447,David Jackson,david.jackson447@example.com,+1-555-289-9653,Inactive,2024-01-25,793
448,Michael Lewis,michael.lewis448@example.com,+1-555-612-6768,Inactive,2026-02-18,798
449,Chris Brown,chris.brown449@example.com,+1-555-549-8004,Past Due,2025-02-09,803
450,David Brown,david.brown450@example.com,+1-555-230-9474,Inactive,2023-07-26,610
451,Charlotte Taylor,charlotte.taylor451@example.com,+1-555-152-9856,Inactive,2023-02-16,637
452,Ava Anderson,ava.anderson452@example.com,+1-555-499-6863,Active,2023-11-20,653
453,David Taylor,david.taylor453@example.com,+1-555-973-9482,Past Due,2025-10-21,659
454,Robert Johnson,robert.johnson454@example.com,+1-555-659-2816,Past Due,2025-08-22,819
455,Daniel Smith,daniel.smith455@example.com,+1-555-133-6538,Inactive,2024-06-18,631
456,James Johnson,james.johnson456@example.com,+1-555-242-4346,Past Due,2024-11-06,816
457,Sarah Taylor,sarah.taylor457@example.com,+1-555-605-2194,Past Due,2023-03-14,668
458,David Martin,david.martin458@example.com,+1-555-712-2320,Past Due,2025-09-07,613
459,Daniel Johnson,daniel.johnson459@example.com,+1-555-206-1583,Inactive,2025-11-05,637
460,Mia Martin,mia.martin460@example.com,+1-555-589-5971,Active,2023-02-13,818
461,Sarah Smith,sarah.smith461@example.com,+1-555-892-4214,Past Due,2025-02-15,754
462,John Lewis,john.lewis462@example.com,+1-555-153-7342,Inactive,2023-09-14,690
463,Emily Miller,emily.miller463@example.com,+1-555-218-8175,Active,2025-01-23,670
464,Michael Jackson,michael.jackson464@example.com,+1-555-547-1949,Active,2024-04-20,603
465,John Taylor,john.taylor465@example.com,+1-555-522-9785,Past Due,2023-04-04,785
466,John Taylor,john.taylor466@example.com,+1-555-932-1931,Active,2023-04-27,612
467,William Wilson,william.wilson467@example.com,+1-555-389-1716,Inactive,2024-12-17,734
468,Sophia Thomas,sophia.thomas468@example.com,+1-555-232-7517,Inactive,2023-09-08,748
469,David Brown,david.brown469@example.com,+1-555-356-9907,Active,2025-10-10,760
470,Mia Taylor,mia.taylor470@example.com,+1-555-554-5959,Inactive,2026-02-03,654
471,Sophia Anderson,sophia.anderson471@example.com,+1-555-426-9870,Past Due,2023-08-02,593
472,Mia Martin,mia.martin472@example.com,+1-555-822-8966,Inactive,2023-06-10,632
473,Chris Taylor,chris.taylor473@example.com,+1-555-412-4453,Active,2025-02-01,765
474,Chris Johnson,chris.johnson474@example.com,+1-555-340-8213,Past Due,2025-07-18,609
475,John Lewis,john.lewis475@example.com,+1-555-956-1553,Inactive,2024-07-23,730
476,Robert Thomas,robert.thomas476@example.com,+1-555-947-2384,Active,2024-07-25,798
477,Robert Lewis,robert.lewis477@example.com,+1-555-119-7268,Inactive,2025-06-28,591
478,Sophia Moore,sophia.moore478@example.com,+1-555-488-4021,Past Due,2025-06-01,716
479,Sarah Thomas,sarah.thomas479@example.com,+1-555-132-9872,Inactive,2023-02-23,812
480,James Anderson,james.anderson480@example.com,+1-555-929-4547,Active,2024-11-29,765
481,Emily Martin,emily.martin481@example.com,+1-555-901-1935,Active,2026-02-07,679
482,Ava Clark,ava.clark482@example.com,+1-555-534-9501,Inactive,2023-11-29,677
483,William Taylor,william.taylor483@example.com,+1-555-235-1248,Inactive,2024-07-15,601
484,Sophia Thomas,sophia.thomas484@example.com,+1-555-445-7465,Active,2024-07-15,672
485,Daniel Anderson,daniel.anderson485@example.com,+1-555-901-1202,Active,2024-09-20,725
486,James Anderson,james.anderson486@example.com,+1-555-967-3929,Inactive,2025-08-05,584
487,William Smith,william.smith487@example.com,+1-555-577-1606,Inactive,2025-09-10,743
488,Amelia Moore,amelia.moore488@example.com,+1-555-518-1959,Past Due,2023-06-12,650
489,Amelia Jackson,amelia.jackson489@example.com,+1-555-165-8216,Active,2024-06-12,776
490,Daniel Anderson,daniel.anderson490@example.com,+1-555-989-9108,Active,2024-04-10,741
491,Olivia Miller,olivia.miller491@example.com,+1-555-992-1812,Active,2023-08-23,747
492,Sarah Wilson,sarah.wilson492@example.com,+1-555-800-9302,Inactive,2026-04-02,661
493,Sarah Taylor,sarah.taylor493@example.com,+1-555-162-5244,Inactive,2023-02-03,753
494,Mia Johnson,mia.johnson494@example.com,+1-555-714-4845,Inactive,2023-08-12,599
495,Joseph Clark,joseph.clark495@example.com,+1-555-215-9372,Active,2024-04-30,632
496,James White,james.white496@example.com,+1-555-949-7815,Active,2025-05-23,804
497,Ava Miller,ava.miller497@example.com,+1-555-125-6350,Past Due,2025-01-07,665
498,Emily White,emily.white498@example.com,+1-555-581-5817,Past Due,2023-03-05,621
499,Mia Johnson,mia.johnson499@example.com,+1-555-397-3458,Past Due,2023-02-22,607
500,Michael Jackson,michael.jackson500@example.com,+1-555-623-9326,Past Due,2024-12-05,820
501,Michael Harris,michael.harris501@example.com,+1-555-950-1534,Past Due,2023-11-04,677
502,David Brown,david.brown502@example.com,+1-555-329-9249,Past Due,2026-01-27,767
503,Emily Davis,emily.davis503@example.com,+1-555-967-9646,Active,2025-08-25,748
504,Joseph Clark,joseph.clark504@example.com,+1-555-424-5410,Active,2026-03-24,655
505,Sophia Jackson,sophia.jackson505@example.com,+1-555-348-6930,Active,2025-07-22,660
506,Emma Taylor,emma.taylor506@example.com,+1-555-555-7716,Inactive,2023-06-13,670
507,Amelia Brown,amelia.brown507@example.com,+1-555-470-8932,Past Due,2024-04-16,694
508,Emily Taylor,emily.taylor508@example.com,+1-555-683-3052,Past Due,2024-05-16,778
509,Emily Miller,emily.miller509@example.com,+1-555-720-5264,Inactive,2024-11-30,660
510,Emma Brown,emma.brown510@example.com,+1-555-518-7898,Past Due,2023-10-31,727
511,Charlotte Moore,charlotte.moore511@example.com,+1-555-284-8439,Active,2023-12-08,610
512,Emily Anderson,emily.anderson512@example.com,+1-555-883-8698,Past Due,2023-07-26,612
513,Sarah Martin,sarah.martin513@example.com,+1-555-124-3735,Active,2023-09-29,711
514,Joseph Harris,joseph.harris514@example.com,+1-555-532-6805,Active,2025-04-03,758
515,Amelia Taylor,amelia.taylor515@example.com,+1-555-829-5806,Active,2024-11-20,809
516,James Davis,james.davis516@example.com,+1-555-839-1741,Active,2024-12-27,694
517,Emily Clark,emily.clark517@example.com,+1-555-858-8138,Inactive,2025-09-04,759
518,Chris Wilson,chris.wilson518@example.com,+1-555-841-9345,Active,2023-11-08,809
519,John White,john.white519@example.com,+1-555-790-8430,Inactive,2024-10-18,692
520,Olivia Anderson,olivia.anderson520@example.com,+1-555-891-2587,Active,2024-08-31,706
521,James Johnson,james.johnson521@example.com,+1-555-677-9481,Past Due,2026-04-02,710
522,Emily Thomas,emily.thomas522@example.com,+1-555-430-7292,Inactive,2024-01-01,616
523,Sarah Moore,sarah.moore523@example.com,+1-555-540-9505,Inactive,2026-03-23,805
524,James Davis,james.davis524@example.com,+1-555-455-5666,Active,2023-08-31,653
525,Daniel Lewis,daniel.lewis525@example.com,+1-555-549-4664,Active,2024-08-13,820
526,Daniel Davis,daniel.davis526@example.com,+1-555-337-5565,Active,2023-07-16,632
527,Amelia Wilson,amelia.wilson527@example.com,+1-555-128-1651,Past Due,2026-01-06,784
528,Michael Smith,michael.smith528@example.com,+1-555-600-1422,Inactive,2024-02-21,652
529,Emily Clark,emily.clark529@example.com,+1-555-633-3067,Inactive,2024-08-27,815
530,Emma Davis,emma.davis530@example.com,+1-555-555-8082,Inactive,2024-06-22,602
531,Chris Anderson,chris.anderson531@example.com,+1-555-849-2908,Inactive,2023-06-11,770
532,Sophia Brown,sophia.brown532@example.com,+1-555-434-3567,Past Due,2024-11-17,650
533,William Brown,william.brown533@example.com,+1-555-823-6157,Active,2025-06-06,605
534,Joseph Jackson,joseph.jackson534@example.com,+1-555-294-1583,Past Due,2023-01-17,642
535,Chris Harris,chris.harris535@example.com,+1-555-993-4607,Past Due,2024-02-05,647
536,Charlotte Miller,charlotte.miller536@example.com,+1-555-596-4065,Past Due,2025-10-14,652
537,Chris Moore,chris.moore537@example.com,+1-555-750-2453,Past Due,2024-03-14,580
538,Emily Brown,emily.brown538@example.com,+1-555-602-4416,Past Due,2023-12-31,589
539,Emily Anderson,emily.anderson539@example.com,+1-555-728-7230,Past Due,2026-04-10,640
540,Mia Lewis,mia.lewis540@example.com,+1-555-643-3950,Inactive,2024-04-19,804
541,Ava Lewis,ava.lewis541@example.com,+1-555-601-7425,Past Due,2025-01-01,719
542,Charlotte Thomas,charlotte.thomas542@example.com,+1-555-198-4586,Active,2024-08-11,687
543,William Jackson,william.jackson543@example.com,+1-555-353-7960,Active,2023-12-27,698
544,James Davis,james.davis544@example.com,+1-555-455-7522,Past Due,2023-09-20,778
545,Charlotte Lewis,charlotte.lewis545@example.com,+1-555-715-7750,Past Due,2024-04-25,587
546,Ava Anderson,ava.anderson546@example.com,+1-555-619-4524,Inactive,2023-05-05,723
547,James Anderson,james.anderson547@example.com,+1-555-791-6203,Inactive,2025-03-12,787
548,William Martin,william.martin548@example.com,+1-555-508-5271,Active,2024-07-03,704
549,Sophia Jackson,sophia.jackson549@example.com,+1-555-751-1747,Inactive,2025-07-05,684
550,Sophia Wilson,sophia.wilson550@example.com,+1-555-648-4378,Past Due,2023-08-14,737
551,James Miller,james.miller551@example.com,+1-555-719-9843,Active,2023-02-13,785
552,Robert Brown,robert.brown552@example.com,+1-555-899-6460,Inactive,2026-02-06,596
553,Sarah Moore,sarah.moore553@example.com,+1-555-470-9773,Active,2023-11-18,794
554,Amelia Harris,amelia.harris554@example.com,+1-555-980-4757,Inactive,2023-11-27,813
555,Mia Jackson,mia.jackson555@example.com,+1-555-523-4532,Past Due,2024-05-24,820
556,John Johnson,john.johnson556@example.com,+1-555-965-1328,Past Due,2023-07-29,708
557,Robert Lewis,robert.lewis557@example.com,+1-555-143-3571,Inactive,2024-09-09,586
558,Sophia Taylor,sophia.taylor558@example.com,+1-555-134-5463,Past Due,2023-09-11,788
559,Robert Harris,robert.harris559@example.com,+1-555-234-5423,Active,2023-06-06,598
560,Joseph Martin,joseph.martin560@example.com,+1-555-120-1241,Past Due,2026-01-14,734
561,Chris Davis,chris.davis561@example.com,+1-555-853-7408,Active,2024-10-01,780
562,James Martin,james.martin562@example.com,+1-555-624-1383,Inactive,2024-07-15,697
563,Michael Davis,michael.davis563@example.com,+1-555-370-8723,Inactive,2024-08-19,689
564,David Taylor,david.taylor564@example.com,+1-555-516-5563,Inactive,2024-08-05,812
565,Amelia Taylor,amelia.taylor565@example.com,+1-555-491-1282,Inactive,2025-03-17,675
566,Amelia Davis,amelia.davis566@example.com,+1-555-563-4671,Past Due,2023-02-20,681
567,Sophia Clark,sophia.clark567@example.com,+1-555-478-8811,Past Due,2023-08-12,744
568,Ava Jackson,ava.jackson568@example.com,+1-555-247-2370,Active,2026-02-22,623
569,Michael Lewis,michael.lewis569@example.com,+1-555-707-5095,Active,2023-10-17,683
570,Charlotte Taylor,charlotte.taylor570@example.com,+1-555-160-9084,Inactive,2025-04-23,659
571,James Miller,james.miller571@example.com,+1-555-137-6266,Past Due,2026-03-03,733
572,Emily Smith,emily.smith572@example.com,+1-555-374-4427,Past Due,2025-09-27,719
573,Charlotte Jackson,charlotte.jackson573@example.com,+1-555-767-4862,Inactive,2025-08-02,761
574,Charlotte Brown,charlotte.brown574@example.com,+1-555-207-7974,Past Due,2023-06-08,676
575,Chris Smith,chris.smith575@example.com,+1-555-265-9518,Past Due,2023-09-06,622
576,Michael Clark,michael.clark576@example.com,+1-555-990-2862,Active,2025-05-18,706
577,Olivia Lewis,olivia.lewis577@example.com,+1-555-243-9963,Inactive,2025-03-28,582
578,Ava Davis,ava.davis578@example.com,+1-555-545-5820,Past Due,2024-07-09,713
579,James White,james.white579@example.com,+1-555-677-3718,Active,2024-08-17,713
580,Michael White,michael.white580@example.com,+1-555-631-5116,Inactive,2025-08-05,633
581,James Miller,james.miller581@example.com,+1-555-268-9591,Past Due,2025-08-28,582
582,James Martin,james.martin582@example.com,+1-555-283-3463,Inactive,2023-05-18,581
583,Ava Moore,ava.moore583@example.com,+1-555-304-2537,Past Due,2025-07-28,664
584,Emma Johnson,emma.johnson584@example.com,+1-555-739-8679,Past Due,2023-11-17,597
585,Mia Taylor,mia.taylor585@example.com,+1-555-453-1231,Active,2024-07-16,652
586,Emily Thomas,emily.thomas586@example.com,+1-555-476-7607,Inactive,2026-02-23,718
587,Michael Brown,michael.brown587@example.com,+1-555-706-3497,Active,2024-03-19,651
588,Olivia Anderson,olivia.anderson588@example.com,+1-555-677-2676,Active,2025-12-05,730
589,Robert Jackson,robert.jackson589@example.com,+1-555-689-5542,Past Due,2025-08-27,633
590,Olivia Smith,olivia.smith590@example.com,+1-555-902-4798,Active,2023-07-07,817
591,Chris Miller,chris.miller591@example.com,+1-555-268-8790,Active,2024-10-24,599
592,Sarah Miller,sarah.miller592@example.com,+1-555-623-8203,Inactive,2025-08-24,663
593,Ava Davis,ava.davis593@example.com,+1-555-346-7442,Inactive,2025-02-28,760
594,Charlotte White,charlotte.white594@example.com,+1-555-419-9552,Inactive,2025-12-22,600
595,Michael Wilson,michael.wilson595@example.com,+1-555-748-5550,Past Due,2023-10-20,795
596,Emily Clark,emily.clark596@example.com,+1-555-601-5104,Past Due,2023-09-04,722
597,Emily White,emily.white597@example.com,+1-555-282-1414,Inactive,2025-08-12,777
598,Mia Martin,mia.martin598@example.com,+1-555-318-4129,Inactive,2025-02-05,625
599,John Moore,john.moore599@example.com,+1-555-552-6914,Past Due,2024-02-04,581
600,Ava Jackson,ava.jackson600@example.com,+1-555-196-7043,Inactive,2025-10-26,815
601,John Anderson,john.anderson601@example.com,+1-555-134-5504,Past Due,2025-09-07,681
602,Sarah Anderson,sarah.anderson602@example.com,+1-555-380-1937,Past Due,2023-03-04,800
603,Charlotte Clark,charlotte.clark603@example.com,+1-555-602-3847,Inactive,2026-01-22,786
604,Emma Johnson,emma.johnson604@example.com,+1-555-478-1472,Past Due,2023-11-10,760
605,Olivia Miller,olivia.miller605@example.com,+1-555-184-7874,Active,2023-04-25,693
606,Sarah Jackson,sarah.jackson606@example.com,+1-555-199-9914,Inactive,2024-02-02,747
607,John Jackson,john.jackson607@example.com,+1-555-957-6185,Past Due,2023-12-13,811
608,Mia Smith,mia.smith608@example.com,+1-555-780-7605,Inactive,2023-05-06,596
609,Michael Miller,michael.miller609@example.com,+1-555-846-5368,Active,2023-12-20,693
610,Sarah Anderson,sarah.anderson610@example.com,+1-555-723-4255,Past Due,2025-11-01,684
611,Olivia Smith,olivia.smith611@example.com,+1-555-418-5485,Past Due,2024-12-19,610
612,James Clark,james.clark612@example.com,+1-555-681-2410,Past Due,2025-08-06,602
613,Emma Brown,emma.brown613@example.com,+1-555-286-2415,Active,2024-10-12,731
614,John Wilson,john.wilson614@example.com,+1-555-907-1171,Active,2025-02-06,697
615,David Taylor,david.taylor615@example.com,+1-555-415-4130,Past Due,2023-09-29,659
616,Sarah Harris,sarah.harris616@example.com,+1-555-822-5703,Active,2024-07-25,615
617,James Martin,james.martin617@example.com,+1-555-331-4084,Inactive,2024-02-13,625
618,Ava Anderson,ava.anderson618@example.com,+1-555-814-8202,Inactive,2023-07-09,705
619,Mia White,mia.white619@example.com,+1-555-457-9569,Inactive,2023-12-16,589
620,Robert Miller,robert.miller620@example.com,+1-555-650-4451,Past Due,2025-06-07,668
621,Ava Moore,ava.moore621@example.com,+1-555-450-9253,Past Due,2024-07-04,603
622,Joseph Moore,joseph.moore622@example.com,+1-555-364-4575,Inactive,2024-06-18,588
623,Emma Wilson,emma.wilson623@example.com,+1-555-586-3290,Inactive,2024-10-23,675
624,Robert Johnson,robert.johnson624@example.com,+1-555-430-2713,Past Due,2025-01-04,802
625,John Wilson,john.wilson625@example.com,+1-555-531-8790,Inactive,2024-11-20,745
626,Emma Wilson,emma.wilson626@example.com,+1-555-466-6018,Active,2025-08-14,719
627,Olivia Smith,olivia.smith627@example.com,+1-555-549-8478,Past Due,2026-03-25,757
628,Emily Harris,emily.harris628@example.com,+1-555-584-4990,Inactive,2025-02-03,733
629,James Lewis,james.lewis629@example.com,+1-555-794-7572,Inactive,2023-03-24,817
630,Sophia Davis,sophia.davis630@example.com,+1-555-531-7977,Inactive,2026-03-28,682
631,John Wilson,john.wilson631@example.com,+1-555-624-3726,Inactive,2025-12-09,630
632,Chris Miller,chris.miller632@example.com,+1-555-779-6458,Active,2023-07-05,659
633,Chris White,chris.white633@example.com,+1-555-569-7487,Active,2025-08-01,580
634,Chris Moore,chris.moore634@example.com,+1-555-276-5936,Inactive,2023-06-14,627
635,Sophia Moore,sophia.moore635@example.com,+1-555-547-2477,Past Due,2024-05-16,619
636,Amelia White,amelia.white636@example.com,+1-555-105-8820,Active,2024-12-06,605
637,Charlotte Harris,charlotte.harris637@example.com,+1-555-815-4481,Inactive,2025-02-09,792
638,William Taylor,william.taylor638@example.com,+1-555-881-2569,Inactive,2023-09-21,661
639,Chris Harris,chris.harris639@example.com,+1-555-891-6359,Inactive,2025-05-19,732
640,Robert Brown,robert.brown640@example.com,+1-555-455-9000,Past Due,2023-02-25,636
641,Olivia Taylor,olivia.taylor641@example.com,+1-555-477-6935,Inactive,2025-10-23,790
642,John Harris,john.harris642@example.com,+1-555-179-4769,Active,2025-10-20,628
643,Sarah Moore,sarah.moore643@example.com,+1-555-409-8133,Active,2024-11-26,678
644,Olivia Martin,olivia.martin644@example.com,+1-555-254-5668,Inactive,2025-03-03,752
645,Charlotte Johnson,charlotte.johnson645@example.com,+1-555-367-7909,Active,2023-12-01,681
646,Joseph Davis,joseph.davis646@example.com,+1-555-576-2353,Inactive,2023-07-27,747
647,Robert Smith,robert.smith647@example.com,+1-555-264-6226,Active,2026-03-22,709
648,Robert Clark,robert.clark648@example.com,+1-555-111-8964,Past Due,2025-04-02,688
649,Sarah Thomas,sarah.thomas649@example.com,+1-555-535-5237,Past Due,2023-08-26,734
650,William White,william.white650@example.com,+1-555-899-8758,Past Due,2024-11-17,796
651,Amelia White,amelia.white651@example.com,+1-555-214-3930,Inactive,2025-12-24,774
652,Robert Brown,robert.brown652@example.com,+1-555-253-1113,Inactive,2024-06-12,630
653,Joseph Clark,joseph.clark653@example.com,+1-555-545-1795,Inactive,2024-07-30,590
654,Emma Lewis,emma.lewis654@example.com,+1-555-571-7014,Active,2025-01-26,644
655,Emily Jackson,emily.jackson655@example.com,+1-555-791-5852,Active,2026-01-16,648
656,Olivia Thomas,olivia.thomas656@example.com,+1-555-465-7833,Active,2025-07-03,663
657,Ava Johnson,ava.johnson657@example.com,+1-555-710-2829,Inactive,2023-03-16,716
658,Robert Taylor,robert.taylor658@example.com,+1-555-279-2377,Past Due,2023-07-13,612
659,Chris Lewis,chris.lewis659@example.com,+1-555-541-5500,Inactive,2025-07-27,756
660,Sophia Clark,sophia.clark660@example.com,+1-555-141-2253,Inactive,2025-02-02,589
661,Chris Davis,chris.davis661@example.com,+1-555-491-9398,Past Due,2023-06-11,666
662,Ava Martin,ava.martin662@example.com,+1-555-510-1366,Active,2024-06-10,764
663,David Martin,david.martin663@example.com,+1-555-219-4139,Past Due,2024-06-18,657
664,Joseph Taylor,joseph.taylor664@example.com,+1-555-810-1800,Inactive,2026-03-20,701
665,Michael Martin,michael.martin665@example.com,+1-555-381-4042,Inactive,2025-10-24,751
666,Sarah Harris,sarah.harris666@example.com,+1-555-285-5668,Inactive,2023-01-11,684
667,Michael Smith,michael.smith667@example.com,+1-555-900-7788,Past Due,2023-09-23,650
668,Daniel Clark,daniel.clark668@example.com,+1-555-713-6212,Active,2024-03-29,637
669,John Jackson,john.jackson669@example.com,+1-555-326-2044,Past Due,2024-08-12,766
670,William Martin,william.martin670@example.com,+1-555-750-6386,Past Due,2025-03-07,701
671,Amelia Smith,amelia.smith671@example.com,+1-555-451-6580,Inactive,2024-12-10,790
672,William Miller,william.miller672@example.com,+1-555-573-9175,Active,2025-12-26,758
673,Olivia Harris,olivia.harris673@example.com,+1-555-361-7601,Active,2026-03-16,600
674,Charlotte White,charlotte.white674@example.com,+1-555-185-4400,Past Due,2025-12-20,674
675,Ava Thomas,ava.thomas675@example.com,+1-555-868-6166,Inactive,2025-08-15,587
676,Chris Wilson,chris.wilson676@example.com,+1-555-739-6761,Past Due,2025-06-02,686
677,John Thomas,john.thomas677@example.com,+1-555-669-9040,Active,2025-02-07,815
678,Amelia Miller,amelia.miller678@example.com,+1-555-487-3023,Active,2025-03-21,635
679,Michael Davis,michael.davis679@example.com,+1-555-684-5740,Active,2023-11-22,776
680,Robert Martin,robert.martin680@example.com,+1-555-460-4567,Inactive,2024-07-25,661
681,Mia Davis,mia.davis681@example.com,+1-555-780-6206,Past Due,2026-01-01,716
682,Robert Taylor,robert.taylor682@example.com,+1-555-979-7618,Inactive,2025-08-08,653
683,William Wilson,william.wilson683@example.com,+1-555-994-3910,Inactive,2024-08-13,580
684,Amelia Jackson,amelia.jackson684@example.com,+1-555-881-8602,Past Due,2023-12-19,754
685,Emma Harris,emma.harris685@example.com,+1-555-694-7850,Inactive,2025-04-20,628
686,John Taylor,john.taylor686@example.com,+1-555-241-9247,Active,2026-03-14,767
687,Emily Smith,emily.smith687@example.com,+1-555-432-5095,Active,2026-03-11,740
688,Charlotte Brown,charlotte.brown688@example.com,+1-555-479-1372,Past Due,2025-03-08,721
689,Joseph Moore,joseph.moore689@example.com,+1-555-970-3644,Inactive,2025-01-25,765
690,Sophia Wilson,sophia.wilson690@example.com,+1-555-583-4273,Inactive,2023-09-29,655
691,David Smith,david.smith691@example.com,+1-555-311-8555,Inactive,2024-05-16,755
692,William Taylor,william.taylor692@example.com,+1-555-915-3897,Inactive,2025-10-21,744
693,Emma Jackson,emma.jackson693@example.com,+1-555-993-3609,Active,2025-08-04,764
694,David Smith,david.smith694@example.com,+1-555-866-1529,Past Due,2025-04-12,801
695,Joseph Lewis,joseph.lewis695@example.com,+1-555-982-7313,Active,2025-05-04,646
696,Amelia Davis,amelia.davis696@example.com,+1-555-832-9751,Past Due,2023-02-18,692
697,Charlotte Johnson,charlotte.johnson697@example.com,+1-555-399-7527,Past Due,2023-03-23,673
698,Robert Clark,robert.clark698@example.com,+1-555-538-3032,Active,2023-10-26,796
699,Daniel Davis,daniel.davis699@example.com,+1-555-839-3768,Inactive,2025-04-25,748
700,James Miller,james.miller700@example.com,+1-555-348-8906,Active,2024-06-25,604
701,James Brown,james.brown701@example.com,+1-555-569-9053,Active,2024-06-16,667
702,Ava Clark,ava.clark702@example.com,+1-555-438-8378,Past Due,2024-06-12,725
703,Daniel Johnson,daniel.johnson703@example.com,+1-555-879-3294,Active,2025-12-04,653
704,John Taylor,john.taylor704@example.com,+1-555-479-6942,Past Due,2024-08-19,658
705,Olivia Thomas,olivia.thomas705@example.com,+1-555-586-8206,Past Due,2024-08-26,619
706,Chris Miller,chris.miller706@example.com,+1-555-722-5789,Inactive,2024-06-10,743
707,Sophia Smith,sophia.smith707@example.com,+1-555-971-4467,Past Due,2024-09-12,617
708,John Anderson,john.anderson708@example.com,+1-555-472-9332,Past Due,2025-11-24,683
709,Charlotte Wilson,charlotte.wilson709@example.com,+1-555-452-3553,Past Due,2025-10-23,660
710,Joseph White,joseph.white710@example.com,+1-555-487-8950,Past Due,2023-12-13,802
711,Joseph Lewis,joseph.lewis711@example.com,+1-555-279-8929,Inactive,2023-01-30,751
712,David Jackson,david.jackson712@example.com,+1-555-330-6067,Active,2024-04-04,618
713,Daniel Davis,daniel.davis713@example.com,+1-555-765-4226,Inactive,2025-10-18,697
714,John Taylor,john.taylor714@example.com,+1-555-859-4318,Inactive,2023-03-09,682
715,Emma Jackson,emma.jackson715@example.com,+1-555-619-2100,Inactive,2026-02-07,716
716,Amelia Brown,amelia.brown716@example.com,+1-555-917-1917,Inactive,2026-03-06,713
717,Sophia Taylor,sophia.taylor717@example.com,+1-555-362-3993,Past Due,2024-05-16,638
718,William Wilson,william.wilson718@example.com,+1-555-141-5354,Past Due,2024-07-22,603
719,Michael Brown,michael.brown719@example.com,+1-555-235-9561,Inactive,2023-05-05,633
720,Sophia Taylor,sophia.taylor720@example.com,+1-555-699-8819,Inactive,2023-07-21,717
721,Sarah Jackson,sarah.jackson721@example.com,+1-555-908-2196,Active,2025-09-06,609
722,William Brown,william.brown722@example.com,+1-555-587-4234,Active,2026-01-15,730
723,Michael Lewis,michael.lewis723@example.com,+1-555-407-1157,Past Due,2025-05-30,800
724,Emma Clark,emma.clark724@example.com,+1-555-896-4191,Past Due,2025-07-23,580
725,Daniel Martin,daniel.martin725@example.com,+1-555-715-5435,Inactive,2023-12-28,664
726,Joseph Lewis,joseph.lewis726@example.com,+1-555-626-5649,Past Due,2024-09-05,647
727,Amelia Taylor,amelia.taylor727@example.com,+1-555-449-5510,Past Due,2026-02-23,708
728,Ava Clark,ava.clark728@example.com,+1-555-214-3984,Inactive,2023-01-14,661
729,Joseph Lewis,joseph.lewis729@example.com,+1-555-607-3672,Active,2023-05-15,774
730,Emily Thomas,emily.thomas730@example.com,+1-555-196-8261,Inactive,2026-01-08,790
731,Olivia Moore,olivia.moore731@example.com,+1-555-897-2781,Active,2024-03-12,658
732,Joseph Thomas,joseph.thomas732@example.com,+1-555-427-9690,Inactive,2023-07-30,755
733,Ava Moore,ava.moore733@example.com,+1-555-684-3532,Inactive,2023-11-17,629
734,Robert Wilson,robert.wilson734@example.com,+1-555-972-3587,Past Due,2023-11-18,663
735,Joseph Lewis,joseph.lewis735@example.com,+1-555-769-7830,Past Due,2024-07-05,638
736,Daniel Lewis,daniel.lewis736@example.com,+1-555-976-5974,Inactive,2023-10-24,658
737,James White,james.white737@example.com,+1-555-949-6166,Inactive,2024-09-22,688
738,Robert Martin,robert.martin738@example.com,+1-555-105-7620,Active,2025-04-17,670
739,Chris Clark,chris.clark739@example.com,+1-555-885-5492,Active,2024-02-19,633
740,Daniel Thomas,daniel.thomas740@example.com,+1-555-952-7119,Active,2024-10-21,689
741,Robert Jackson,robert.jackson741@example.com,+1-555-671-4267,Active,2025-10-27,692
742,Daniel Davis,daniel.davis742@example.com,+1-555-176-4983,Active,2024-10-28,765
743,Charlotte Lewis,charlotte.lewis743@example.com,+1-555-147-7390,Past Due,2025-09-24,643
744,Daniel Harris,daniel.harris744@example.com,+1-555-160-2661,Active,2024-12-02,650
745,Amelia White,amelia.white745@example.com,+1-555-548-5656,Active,2025-08-24,614
746,David Jackson,david.jackson746@example.com,+1-555-893-7779,Active,2023-11-05,730
747,Ava Moore,ava.moore747@example.com,+1-555-675-2441,Inactive,2024-05-17,663
748,Amelia Anderson,amelia.anderson748@example.com,+1-555-670-9700,Inactive,2023-02-14,615
749,David Jackson,david.jackson749@example.com,+1-555-973-6918,Inactive,2024-03-15,627
750,James Clark,james.clark750@example.com,+1-555-333-8549,Inactive,2024-11-13,630
751,Daniel Anderson,daniel.anderson751@example.com,+1-555-718-1379,Active,2023-09-02,744
752,Emily Martin,emily.martin752@example.com,+1-555-505-8968,Active,2025-12-18,595
753,Joseph White,joseph.white753@example.com,+1-555-116-8163,Active,2025-10-29,803
754,James Lewis,james.lewis754@example.com,+1-555-389-6468,Past Due,2023-05-18,768
755,David Brown,david.brown755@example.com,+1-555-671-2840,Past Due,2023-11-21,784
756,Joseph Brown,joseph.brown756@example.com,+1-555-687-8675,Past Due,2024-01-26,772
757,David Martin,david.martin757@example.com,+1-555-937-5536,Inactive,2025-07-13,807
758,Chris Jackson,chris.jackson758@example.com,+1-555-174-3976,Past Due,2026-03-24,666
759,William Martin,william.martin759@example.com,+1-555-121-7577,Past Due,2024-08-24,581
760,Robert Smith,robert.smith760@example.com,+1-555-108-4690,Inactive,2025-05-24,618
761,Daniel Taylor,daniel.taylor761@example.com,+1-555-698-6351,Past Due,2025-07-26,747
762,Michael White,michael.white762@example.com,+1-555-832-3500,Active,2023-10-31,632
763,Ava Wilson,ava.wilson763@example.com,+1-555-203-1429,Past Due,2023-03-22,779
764,Chris White,chris.white764@example.com,+1-555-170-6365,Inactive,2024-04-16,748
765,Michael Moore,michael.moore765@example.com,+1-555-410-3675,Inactive,2024-07-09,639
766,Michael White,michael.white766@example.com,+1-555-127-3249,Inactive,2023-09-10,793
767,Robert Smith,robert.smith767@example.com,+1-555-554-4417,Inactive,2023-04-11,694
768,William Harris,william.harris768@example.com,+1-555-303-4369,Inactive,2023-09-13,603
769,Olivia Davis,olivia.davis769@example.com,+1-555-266-4434,Active,2025-09-28,769
770,Mia Jackson,mia.jackson770@example.com,+1-555-525-4129,Active,2023-07-05,784
771,Joseph White,joseph.white771@example.com,+1-555-589-5182,Past Due,2023-08-18,696
772,John Smith,john.smith772@example.com,+1-555-489-7881,Inactive,2023-07-24,670
773,Mia Thomas,mia.thomas773@example.com,+1-555-956-2069,Inactive,2024-09-07,638
774,David Harris,david.harris774@example.com,+1-555-996-8722,Active,2024-07-16,766
775,James Johnson,james.johnson775@example.com,+1-555-244-5079,Active,2026-03-02,582
776,Chris Miller,chris.miller776@example.com,+1-555-243-8697,Active,2023-05-06,732
777,Michael Thomas,michael.thomas777@example.com,+1-555-480-7797,Active,2025-05-08,624
778,Olivia Miller,olivia.miller778@example.com,+1-555-859-3975,Inactive,2023-08-13,781
779,Olivia Smith,olivia.smith779@example.com,+1-555-609-4343,Inactive,2025-04-06,740
780,Mia Anderson,mia.anderson780@example.com,+1-555-736-6260,Active,2023-02-22,664
781,John Lewis,john.lewis781@example.com,+1-555-135-3364,Inactive,2023-04-06,718
782,Robert Wilson,robert.wilson782@example.com,+1-555-261-2640,Active,2024-12-15,809
783,Sophia Brown,sophia.brown783@example.com,+1-555-529-2086,Active,2025-09-01,698
784,Emily Clark,emily.clark784@example.com,+1-555-237-1011,Inactive,2025-09-02,700
785,Daniel Miller,daniel.miller785@example.com,+1-555-430-9847,Inactive,2023-07-17,702
786,Charlotte Moore,charlotte.moore786@example.com,+1-555-228-4593,Past Due,2023-09-23,786
787,Chris Taylor,chris.taylor787@example.com,+1-555-775-2346,Past Due,2023-07-14,763
788,Robert Thomas,robert.thomas788@example.com,+1-555-729-2724,Active,2024-04-08,644
789,Olivia Thomas,olivia.thomas789@example.com,+1-555-436-8571,Past Due,2025-11-30,712
790,Daniel Miller,daniel.miller790@example.com,+1-555-435-7914,Inactive,2023-10-25,728
791,Sarah Harris,sarah.harris791@example.com,+1-555-747-1786,Active,2024-01-09,583
792,Chris Johnson,chris.johnson792@example.com,+1-555-955-4896,Active,2025-03-23,662
793,John Lewis,john.lewis793@example.com,+1-555-595-6634,Active,2026-03-28,683
794,William Moore,william.moore794@example.com,+1-555-564-5305,Past Due,2025-06-19,610
795,Daniel Jackson,daniel.jackson795@example.com,+1-555-445-4052,Inactive,2024-11-29,786
796,Charlotte Clark,charlotte.clark796@example.com,+1-555-779-2581,Past Due,2024-12-02,775
797,Joseph Anderson,joseph.anderson797@example.com,+1-555-164-6987,Inactive,2023-02-22,719
798,Chris Davis,chris.davis798@example.com,+1-555-332-8494,Active,2023-09-04,720
799,Ava Miller,ava.miller799@example.com,+1-555-994-6695,Inactive,2025-07-15,691
800,Amelia Brown,amelia.brown800@example.com,+1-555-987-9269,Active,2025-03-25,789
801,Joseph Moore,joseph.moore801@example.com,+1-555-245-4634,Active,2024-02-11,767
802,Mia Miller,mia.miller802@example.com,+1-555-676-9692,Past Due,2023-04-07,784
803,Amelia White,amelia.white803@example.com,+1-555-652-4775,Past Due,2025-12-23,622
804,Mia Wilson,mia.wilson804@example.com,+1-555-202-3713,Past Due,2024-04-08,795
805,Chris Martin,chris.martin805@example.com,+1-555-978-4312,Inactive,2023-04-11,682
806,Ava Harris,ava.harris806@example.com,+1-555-634-7901,Inactive,2025-08-16,662
807,Chris Thomas,chris.thomas807@example.com,+1-555-100-2226,Inactive,2026-02-12,751
808,Ava Moore,ava.moore808@example.com,+1-555-851-2094,Active,2025-04-20,615
809,Chris Lewis,chris.lewis809@example.com,+1-555-942-3625,Active,2025-03-12,781
810,Olivia Martin,olivia.martin810@example.com,+1-555-500-4168,Active,2024-12-18,598
811,Sophia Anderson,sophia.anderson811@example.com,+1-555-243-7577,Active,2026-04-14,752
812,Chris Moore,chris.moore812@example.com,+1-555-554-3333,Past Due,2024-07-18,774
813,James Smith,james.smith813@example.com,+1-555-752-2921,Past Due,2024-09-29,714
814,Emma Lewis,emma.lewis814@example.com,+1-555-337-8180,Inactive,2023-09-13,718
815,William Miller,william.miller815@example.com,+1-555-172-6593,Inactive,2023-03-25,677
816,Daniel Davis,daniel.davis816@example.com,+1-555-741-8643,Inactive,2026-04-13,623
817,Charlotte Thomas,charlotte.thomas817@example.com,+1-555-330-9566,Active,2023-07-01,767
818,Mia Taylor,mia.taylor818@example.com,+1-555-990-9102,Past Due,2025-06-04,687
819,Sarah Davis,sarah.davis819@example.com,+1-555-985-5590,Past Due,2024-07-18,811
820,Daniel Jackson,daniel.jackson820@example.com,+1-555-529-5116,Inactive,2023-06-20,583
821,Emma Lewis,emma.lewis821@example.com,+1-555-348-9109,Active,2025-06-07,750
822,Daniel Davis,daniel.davis822@example.com,+1-555-899-8993,Past Due,2026-03-04,676
823,Joseph Harris,joseph.harris823@example.com,+1-555-143-2766,Past Due,2023-07-21,727
824,Emma Davis,emma.davis824@example.com,+1-555-882-4909,Inactive,2026-04-03,752
825,Emily Harris,emily.harris825@example.com,+1-555-835-1653,Inactive,2025-06-20,798
826,William Johnson,william.johnson826@example.com,+1-555-508-8074,Past Due,2023-02-22,635
827,Olivia Smith,olivia.smith827@example.com,+1-555-745-6389,Active,2024-08-21,815
828,Emily Smith,emily.smith828@example.com,+1-555-846-8481,Inactive,2025-01-04,789
829,Mia White,mia.white829@example.com,+1-555-354-5532,Inactive,2023-04-08,663
830,William Anderson,william.anderson830@example.com,+1-555-887-3631,Active,2026-02-17,777
831,Amelia Jackson,amelia.jackson831@example.com,+1-555-858-7575,Inactive,2023-12-19,796
832,Charlotte Brown,charlotte.brown832@example.com,+1-555-441-6763,Past Due,2026-01-07,769
833,Sophia Jackson,sophia.jackson833@example.com,+1-555-948-6010,Active,2023-07-05,743
834,Robert Jackson,robert.jackson834@example.com,+1-555-736-9146,Past Due,2024-01-17,773
835,Robert Moore,robert.moore835@example.com,+1-555-371-8953,Inactive,2024-11-21,786
836,William White,william.white836@example.com,+1-555-872-3608,Active,2024-10-23,584
837,Emma Moore,emma.moore837@example.com,+1-555-695-6087,Past Due,2026-02-21,655
838,Amelia Wilson,amelia.wilson838@example.com,+1-555-507-2244,Active,2023-07-11,603
839,Robert Anderson,robert.anderson839@example.com,+1-555-249-6573,Past Due,2024-12-25,681
840,Chris Harris,chris.harris840@example.com,+1-555-206-5815,Past Due,2026-03-13,601
841,James Taylor,james.taylor841@example.com,+1-555-553-1668,Active,2026-01-27,619
842,Daniel Smith,daniel.smith842@example.com,+1-555-606-4677,Past Due,2024-03-24,642
843,Sophia Clark,sophia.clark843@example.com,+1-555-763-4538,Active,2023-01-26,655
844,Sophia Smith,sophia.smith844@example.com,+1-555-978-8917,Inactive,2025-04-28,722
845,Amelia Moore,amelia.moore845@example.com,+1-555-522-4048,Past Due,2026-04-04,682
846,Robert Anderson,robert.anderson846@example.com,+1-555-823-6963,Inactive,2025-06-02,674
847,Mia Taylor,mia.taylor847@example.com,+1-555-427-9853,Inactive,2023-06-07,757
848,Chris Jackson,chris.jackson848@example.com,+1-555-980-5045,Past Due,2026-03-31,612
849,Emma Lewis,emma.lewis849@example.com,+1-555-648-6136,Active,2024-04-11,764
850,Mia Taylor,mia.taylor850@example.com,+1-555-576-5409,Past Due,2023-04-19,697
851,William Lewis,william.lewis851@example.com,+1-555-705-8146,Active,2023-12-17,585
852,Amelia Clark,amelia.clark852@example.com,+1-555-672-1942,Inactive,2025-09-03,802
853,Chris Brown,chris.brown853@example.com,+1-555-798-6806,Active,2024-07-19,725
854,Daniel Smith,daniel.smith854@example.com,+1-555-830-9041,Inactive,2023-10-01,681
855,Michael Clark,michael.clark855@example.com,+1-555-417-9821,Past Due,2024-09-15,664
856,Sophia Martin,sophia.martin856@example.com,+1-555-247-9841,Past Due,2024-10-06,800
857,John Johnson,john.johnson857@example.com,+1-555-829-6871,Past Due,2023-09-03,778
858,David Brown,david.brown858@example.com,+1-555-642-7778,Past Due,2023-11-27,767
859,Michael Taylor,michael.taylor859@example.com,+1-555-715-3938,Active,2023-03-02,746
860,Charlotte Davis,charlotte.davis860@example.com,+1-555-439-2459,Active,2025-04-06,726
861,Robert Martin,robert.martin861@example.com,+1-555-490-8772,Active,2024-12-04,626
862,Emma Thomas,emma.thomas862@example.com,+1-555-463-3906,Past Due,2025-05-31,805
863,Daniel Lewis,daniel.lewis863@example.com,+1-555-192-4023,Inactive,2025-04-02,631
864,Sophia White,sophia.white864@example.com,+1-555-762-2336,Inactive,2025-07-14,772
865,Emma Anderson,emma.anderson865@example.com,+1-555-120-1997,Past Due,2023-05-02,754
866,Mia Davis,mia.davis866@example.com,+1-555-272-1028,Past Due,2023-01-26,581
867,James Harris,james.harris867@example.com,+1-555-413-1453,Past Due,2026-02-27,675
868,David Wilson,david.wilson868@example.com,+1-555-293-9162,Active,2026-01-01,635
869,Mia Davis,mia.davis869@example.com,+1-555-993-3534,Past Due,2025-02-05,726
870,Olivia Clark,olivia.clark870@example.com,+1-555-823-3908,Past Due,2023-11-01,788
871,William Smith,william.smith871@example.com,+1-555-737-1635,Past Due,2023-09-04,786
872,Ava Thomas,ava.thomas872@example.com,+1-555-210-6718,Past Due,2024-01-05,731
873,Joseph Wilson,joseph.wilson873@example.com,+1-555-202-9153,Active,2023-11-14,736
874,James Clark,james.clark874@example.com,+1-555-774-9978,Inactive,2025-07-06,609
875,Amelia Brown,amelia.brown875@example.com,+1-555-446-5034,Inactive,2023-10-17,641
876,Charlotte Moore,charlotte.moore876@example.com,+1-555-913-7623,Active,2025-01-03,595
877,Charlotte Davis,charlotte.davis877@example.com,+1-555-968-9517,Active,2024-10-18,813
878,Joseph Harris,joseph.harris878@example.com,+1-555-875-9951,Past Due,2024-02-16,652
879,James Miller,james.miller879@example.com,+1-555-558-4244,Inactive,2025-05-23,683
880,Emily Harris,emily.harris880@example.com,+1-555-184-9035,Active,2025-10-03,606
881,James Lewis,james.lewis881@example.com,+1-555-724-7370,Inactive,2025-10-16,781
882,Ava Johnson,ava.johnson882@example.com,+1-555-640-1682,Active,2023-07-02,658
883,Amelia Wilson,amelia.wilson883@example.com,+1-555-756-6138,Past Due,2023-04-09,716
884,John Johnson,john.johnson884@example.com,+1-555-410-7306,Active,2024-12-21,717
885,Sarah Martin,sarah.martin885@example.com,+1-555-856-9329,Past Due,2024-01-01,710
886,Mia Johnson,mia.johnson886@example.com,+1-555-319-2616,Inactive,2024-01-16,808
887,Sophia Jackson,sophia.jackson887@example.com,+1-555-174-4335,Inactive,2024-02-28,726
888,John Johnson,john.johnson888@example.com,+1-555-490-4375,Past Due,2023-08-27,816
889,Ava Smith,ava.smith889@example.com,+1-555-346-6419,Active,2025-03-09,791
890,Sophia White,sophia.white890@example.com,+1-555-957-7585,Active,2023-11-16,616
891,Sophia Anderson,sophia.anderson891@example.com,+1-555-532-6074,Active,2024-07-12,684
892,John Martin,john.martin892@example.com,+1-555-943-7777,Inactive,2024-07-23,795
893,Michael Lewis,michael.lewis893@example.com,+1-555-359-1170,Past Due,2025-03-20,590
894,William Miller,william.miller894@example.com,+1-555-778-4653,Active,2023-08-23,609
895,Olivia Lewis,olivia.lewis895@example.com,+1-555-168-4004,Past Due,2024-11-01,622
896,Daniel Harris,daniel.harris896@example.com,+1-555-391-9786,Inactive,2024-08-06,799
897,Daniel Davis,daniel.davis897@example.com,+1-555-879-2956,Inactive,2024-02-18,602
898,Amelia Lewis,amelia.lewis898@example.com,+1-555-305-3082,Past Due,2023-03-15,700
899,Charlotte Davis,charlotte.davis899@example.com,+1-555-214-4746,Active,2025-03-05,627
900,David Brown,david.brown900@example.com,+1-555-347-8142,Past Due,2025-01-29,692
901,Chris Clark,chris.clark901@example.com,+1-555-711-1672,Past Due,2025-10-28,776
902,Michael Moore,michael.moore902@example.com,+1-555-842-6208,Active,2026-03-10,583
903,Chris Jackson,chris.jackson903@example.com,+1-555-980-5109,Active,2024-12-18,698
904,Michael Johnson,michael.johnson904@example.com,+1-555-500-7226,Active,2024-08-20,709
905,David Taylor,david.taylor905@example.com,+1-555-288-4184,Inactive,2025-06-17,586
906,William Brown,william.brown906@example.com,+1-555-963-5026,Past Due,2025-12-18,653
907,Amelia Wilson,amelia.wilson907@example.com,+1-555-246-9964,Inactive,2023-04-27,608
908,David Martin,david.martin908@example.com,+1-555-630-9753,Active,2023-12-14,765
909,James White,james.white909@example.com,+1-555-139-3350,Active,2024-04-23,581
910,Robert Smith,robert.smith910@example.com,+1-555-676-1957,Inactive,2026-03-07,610
911,Sophia Johnson,sophia.johnson911@example.com,+1-555-677-9938,Active,2023-02-10,746
912,Charlotte Harris,charlotte.harris912@example.com,+1-555-389-7336,Inactive,2024-05-01,754
913,Charlotte Anderson,charlotte.anderson913@example.com,+1-555-453-8454,Inactive,2023-11-10,696
914,Amelia White,amelia.white914@example.com,+1-555-329-3365,Inactive,2023-12-24,679
915,Daniel Wilson,daniel.wilson915@example.com,+1-555-476-1343,Inactive,2024-09-06,616
916,Sarah Clark,sarah.clark916@example.com,+1-555-520-9871,Active,2025-04-03,612
917,Mia Moore,mia.moore917@example.com,+1-555-515-7899,Inactive,2025-08-01,767
918,William Clark,william.clark918@example.com,+1-555-497-8594,Inactive,2024-11-22,663
919,Robert Miller,robert.miller919@example.com,+1-555-840-9682,Active,2024-05-18,635
920,Michael Moore,michael.moore920@example.com,+1-555-994-6954,Inactive,2026-01-27,800
921,Emily White,emily.white921@example.com,+1-555-759-6028,Active,2025-03-15,616
922,Charlotte Davis,charlotte.davis922@example.com,+1-555-655-8410,Inactive,2025-04-24,593
923,Michael Moore,michael.moore923@example.com,+1-555-445-3567,Past Due,2025-02-26,819
924,Joseph Martin,joseph.martin924@example.com,+1-555-284-8257,Active,2024-02-27,678
925,Olivia Anderson,olivia.anderson925@example.com,+1-555-863-3553,Past Due,2025-04-03,727
926,Michael Miller,michael.miller926@example.com,+1-555-521-6185,Inactive,2024-05-18,802
927,Chris Lewis,chris.lewis927@example.com,+1-555-423-9693,Past Due,2023-03-14,753
928,Emma Brown,emma.brown928@example.com,+1-555-187-1351,Active,2023-04-19,664
929,David Jackson,david.jackson929@example.com,+1-555-465-4326,Past Due,2023-11-05,634
930,Ava Brown,ava.brown930@example.com,+1-555-471-6169,Past Due,2025-07-03,701
931,James Wilson,james.wilson931@example.com,+1-555-396-5968,Active,2026-02-24,620
932,Chris Wilson,chris.wilson932@example.com,+1-555-525-2940,Past Due,2025-04-19,620
933,Amelia Lewis,amelia.lewis933@example.com,+1-555-816-5607,Past Due,2024-05-25,609
934,Chris Clark,chris.clark934@example.com,+1-555-199-1645,Active,2025-02-19,701
935,Robert Lewis,robert.lewis935@example.com,+1-555-274-1326,Past Due,2025-01-12,818
936,William Wilson,william.wilson936@example.com,+1-555-558-1325,Inactive,2026-03-06,668
937,James Brown,james.brown937@example.com,+1-555-478-2128,Active,2023-10-04,739
938,Ava Harris,ava.harris938@example.com,+1-555-253-2818,Past Due,2024-02-08,742
939,James Thomas,james.thomas939@example.com,+1-555-828-2361,Inactive,2025-10-10,584
940,Emily Wilson,emily.wilson940@example.com,+1-555-473-5140,Active,2025-11-17,651
941,Joseph Smith,joseph.smith941@example.com,+1-555-601-6219,Active,2023-04-17,746
942,Sophia Thomas,sophia.thomas942@example.com,+1-555-369-8355,Inactive,2024-11-22,590
943,Daniel Clark,daniel.clark943@example.com,+1-555-775-2314,Inactive,2026-02-03,588
944,Chris Smith,chris.smith944@example.com,+1-555-852-1314,Inactive,2025-02-18,631
945,Charlotte Harris,charlotte.harris945@example.com,+1-555-497-1589,Past Due,2024-07-07,758
946,Robert Jackson,robert.jackson946@example.com,+1-555-475-9398,Inactive,2025-04-13,761
947,James Miller,james.miller947@example.com,+1-555-454-5285,Past Due,2024-01-31,705
948,Ava Anderson,ava.anderson948@example.com,+1-555-185-8370,Past Due,2023-06-23,786
949,James Davis,james.davis949@example.com,+1-555-123-3105,Active,2024-05-12,599
950,Olivia White,olivia.white950@example.com,+1-555-166-3523,Past Due,2024-04-30,779
951,David Brown,david.brown951@example.com,+1-555-109-1220,Past Due,2024-11-29,802
952,David Miller,david.miller952@example.com,+1-555-696-8549,Past Due,2024-11-08,781
953,Emma Davis,emma.davis953@example.com,+1-555-157-3272,Active,2023-06-16,627
954,David Brown,david.brown954@example.com,+1-555-103-8093,Past Due,2024-04-22,633
955,Sarah Brown,sarah.brown955@example.com,+1-555-496-6249,Past Due,2025-12-20,629
956,Charlotte Moore,charlotte.moore956@example.com,+1-555-825-9115,Past Due,2024-01-17,700
957,Ava Johnson,ava.johnson957@example.com,+1-555-553-4029,Past Due,2023-01-13,600
958,Olivia Moore,olivia.moore958@example.com,+1-555-369-3357,Past Due,2026-03-24,628
959,Emma Brown,emma.brown959@example.com,+1-555-292-4064,Inactive,2024-04-11,621
960,Robert Thomas,robert.thomas960@example.com,+1-555-715-7754,Past Due,2024-08-07,635
961,Emily Anderson,emily.anderson961@example.com,+1-555-944-6648,Past Due,2024-05-08,715
962,John Anderson,john.anderson962@example.com,+1-555-388-3642,Active,2023-05-07,596
963,Charlotte White,charlotte.white963@example.com,+1-555-850-1989,Past Due,2025-05-30,600
964,William Smith,william.smith964@example.com,+1-555-862-2445,Inactive,2025-01-10,758
965,David Anderson,david.anderson965@example.com,+1-555-844-6227,Inactive,2025-01-03,770
966,Charlotte White,charlotte.white966@example.com,+1-555-611-5919,Inactive,2024-10-03,719
967,Michael Taylor,michael.taylor967@example.com,+1-555-701-3794,Active,2024-12-23,684
968,William Clark,william.clark968@example.com,+1-555-432-7606,Inactive,2025-08-09,695
969,Chris Miller,chris.miller969@example.com,+1-555-855-7317,Inactive,2023-02-20,803
970,Chris Jackson,chris.jackson970@example.com,+1-555-490-3447,Inactive,2025-01-18,583
971,Emily Wilson,emily.wilson971@example.com,+1-555-254-4013,Active,2023-07-14,584
972,Robert Lewis,robert.lewis972@example.com,+1-555-253-5438,Inactive,2024-02-10,585
973,Charlotte Harris,charlotte.harris973@example.com,+1-555-262-5972,Past Due,2024-07-22,638
974,Michael Lewis,michael.lewis974@example.com,+1-555-721-9177,Inactive,2025-06-10,798
975,Olivia Lewis,olivia.lewis975@example.com,+1-555-781-1979,Inactive,2023-08-06,597
976,James Lewis,james.lewis976@example.com,+1-555-722-5740,Active,2024-04-26,712
977,Charlotte Moore,charlotte.moore977@example.com,+1-555-526-9036,Active,2024-09-22,741
978,Olivia Jackson,olivia.jackson978@example.com,+1-555-745-6089,Past Due,2025-05-28,736
979,Emma Miller,emma.miller979@example.com,+1-555-642-5618,Inactive,2025-02-03,786
980,Chris White,chris.white980@example.com,+1-555-678-8758,Active,2023-02-06,694
981,Mia Martin,mia.martin981@example.com,+1-555-352-4431,Inactive,2024-04-23,812
982,James Lewis,james.lewis982@example.com,+1-555-905-5596,Past Due,2024-11-28,727
983,James Moore,james.moore983@example.com,+1-555-230-6272,Past Due,2026-03-18,813
984,Sophia Taylor,sophia.taylor984@example.com,+1-555-932-5081,Inactive,2026-02-27,700
985,John Jackson,john.jackson985@example.com,+1-555-623-2566,Inactive,2023-10-31,739
986,James Brown,james.brown986@example.com,+1-555-641-9043,Inactive,2024-06-28,597
987,William Harris,william.harris987@example.com,+1-555-896-4165,Inactive,2023-10-21,673
988,Sarah Lewis,sarah.lewis988@example.com,+1-555-352-4659,Past Due,2023-01-07,663
989,Mia Lewis,mia.lewis989@example.com,+1-555-675-3394,Inactive,2024-10-17,704
990,James Moore,james.moore990@example.com,+1-555-943-4083,Past Due,2023-09-04,655
991,Sarah Moore,sarah.moore991@example.com,+1-555-636-9259,Inactive,2024-05-23,782
992,Robert Martin,robert.martin992@example.com,+1-555-817-1178,Inactive,2024-06-18,632
993,Chris Thomas,chris.thomas993@example.com,+1-555-125-1472,Past Due,2025-05-13,600
994,Mia Clark,mia.clark994@example.com,+1-555-894-3418,Inactive,2025-02-21,722
995,Olivia Clark,olivia.clark995@example.com,+1-555-876-6146,Active,2024-07-14,696
996,Daniel Moore,daniel.moore996@example.com,+1-555-823-8427,Inactive,2023-11-30,730
997,Chris Jackson,chris.jackson997@example.com,+1-555-117-3030,Active,2024-10-30,721
998,Charlotte White,charlotte.white998@example.com,+1-555-245-6165,Past Due,2025-02-07,720
999,John Martin,john.martin999@example.com,+1-555-761-6306,Inactive,2023-12-31,663
1000,Sarah Thomas,sarah.thomas1000@example.com,+1-555-431-1645,Past Due,2023-04-25,765
1001,Chris Lewis,chris.lewis1001@example.com,+1-555-165-2112,Active,2023-11-07,606
1002,Joseph Wilson,joseph.wilson1002@example.com,+1-555-830-4850,Active,2025-01-07,671
1003,James Brown,james.brown1003@example.com,+1-555-522-6629,Active,2025-10-05,682
1004,Amelia Johnson,amelia.johnson1004@example.com,+1-555-637-7821,Past Due,2025-03-21,757
1005,Chris Brown,chris.brown1005@example.com,+1-555-933-4395,Inactive,2023-11-22,609
1006,Daniel Taylor,daniel.taylor1006@example.com,+1-555-345-1925,Past Due,2026-02-16,586
1007,Sarah Taylor,sarah.taylor1007@example.com,+1-555-590-1694,Active,2024-03-24,774
1008,Sophia Miller,sophia.miller1008@example.com,+1-555-991-3255,Past Due,2024-10-16,662
1009,Robert Harris,robert.harris1009@example.com,+1-555-119-9359,Inactive,2025-10-05,586
1010,Emily Brown,emily.brown1010@example.com,+1-555-141-4278,Past Due,2023-03-15,633
1011,Sophia Lewis,sophia.lewis1011@example.com,+1-555-107-6724,Past Due,2023-06-15,728
1012,Mia Wilson,mia.wilson1012@example.com,+1-555-506-4486,Active,2026-01-03,581
1013,Ava Anderson,ava.anderson1013@example.com,+1-555-669-7132,Past Due,2025-03-06,620
1014,Michael Anderson,michael.anderson1014@example.com,+1-555-442-4207,Inactive,2024-06-17,680
1015,Emma Thomas,emma.thomas1015@example.com,+1-555-562-1472,Inactive,2025-11-14,777
1016,Robert Moore,robert.moore1016@example.com,+1-555-289-2846,Active,2025-03-04,785
1017,Emma Moore,emma.moore1017@example.com,+1-555-304-5892,Past Due,2024-03-14,806
1018,Ava White,ava.white1018@example.com,+1-555-574-1890,Past Due,2024-04-15,725
1019,Daniel Moore,daniel.moore1019@example.com,+1-555-623-1390,Inactive,2023-01-26,635
1020,Olivia Jackson,olivia.jackson1020@example.com,+1-555-311-9185,Past Due,2025-03-06,764
1021,James Clark,james.clark1021@example.com,+1-555-500-3707,Inactive,2025-09-10,723
1022,Ava Taylor,ava.taylor1022@example.com,+1-555-179-2757,Active,2023-03-05,738
1023,Sarah Smith,sarah.smith1023@example.com,+1-555-380-1000,Inactive,2025-06-30,677
1024,Olivia Davis,olivia.davis1024@example.com,+1-555-154-7030,Active,2024-01-26,688
1025,Mia Brown,mia.brown1025@example.com,+1-555-386-7840,Past Due,2023-02-15,656
1026,Sarah Davis,sarah.davis1026@example.com,+1-555-409-3323,Inactive,2025-07-24,818
1027,Michael Davis,michael.davis1027@example.com,+1-555-751-1497,Inactive,2023-12-24,583
1028,Emma Brown,emma.brown1028@example.com,+1-555-842-4847,Inactive,2026-04-02,757
1029,Amelia Anderson,amelia.anderson1029@example.com,+1-555-376-1369,Past Due,2026-02-27,702
1030,David Miller,david.miller1030@example.com,+1-555-320-2067,Inactive,2025-02-11,587
1031,Sarah Lewis,sarah.lewis1031@example.com,+1-555-542-8630,Inactive,2023-12-25,583
1032,Sarah Brown,sarah.brown1032@example.com,+1-555-888-5601,Past Due,2024-07-30,764
1033,Charlotte Moore,charlotte.moore1033@example.com,+1-555-921-5379,Active,2024-07-10,803
1034,Michael Taylor,michael.taylor1034@example.com,+1-555-806-8339,Active,2023-04-01,803
1035,Emily Lewis,emily.lewis1035@example.com,+1-555-910-4793,Past Due,2023-04-07,653
1036,Mia Brown,mia.brown1036@example.com,+1-555-712-7017,Inactive,2025-08-25,719
1037,Olivia White,olivia.white1037@example.com,+1-555-774-7082,Past Due,2026-02-02,718
1038,Chris Jackson,chris.jackson1038@example.com,+1-555-852-6681,Inactive,2023-12-23,728
1039,Robert White,robert.white1039@example.com,+1-555-578-6692,Inactive,2023-10-30,788
1040,Charlotte Martin,charlotte.martin1040@example.com,+1-555-468-8073,Active,2024-06-02,806
1041,Chris Jackson,chris.jackson1041@example.com,+1-555-467-8644,Inactive,2026-01-09,800
1042,Olivia Johnson,olivia.johnson1042@example.com,+1-555-451-9296,Past Due,2023-10-25,733
1043,James Wilson,james.wilson1043@example.com,+1-555-971-3285,Active,2025-03-22,600
1044,Emily Davis,emily.davis1044@example.com,+1-555-613-9912,Active,2025-11-30,606
1045,John Anderson,john.anderson1045@example.com,+1-555-663-3698,Past Due,2024-04-09,755
1046,James Lewis,james.lewis1046@example.com,+1-555-219-6332,Past Due,2025-02-03,720
1047,Robert Harris,robert.harris1047@example.com,+1-555-324-6752,Past Due,2025-04-15,756
1048,Emma Taylor,emma.taylor1048@example.com,+1-555-755-8432,Active,2024-01-21,763
1049,John Davis,john.davis1049@example.com,+1-555-607-3365,Active,2024-09-19,641
1050,Robert Thomas,robert.thomas1050@example.com,+1-555-945-4428,Past Due,2023-07-17,788
1051,Michael Smith,michael.smith1051@example.com,+1-555-116-1509,Inactive,2023-09-05,633
1052,Olivia Brown,olivia.brown1052@example.com,+1-555-168-5152,Inactive,2023-09-01,688
1053,Mia Harris,mia.harris1053@example.com,+1-555-110-5918,Inactive,2025-03-05,675
1054,Michael Thomas,michael.thomas1054@example.com,+1-555-538-8838,Past Due,2023-03-27,753
1055,Charlotte Johnson,charlotte.johnson1055@example.com,+1-555-611-6236,Inactive,2023-03-05,645
1056,Charlotte Harris,charlotte.harris1056@example.com,+1-555-870-9831,Active,2025-05-15,756
1057,Mia Lewis,mia.lewis1057@example.com,+1-555-127-7225,Active,2025-09-25,774
1058,David Lewis,david.lewis1058@example.com,+1-555-358-9908,Active,2023-06-19,642
1059,Emma Clark,emma.clark1059@example.com,+1-555-488-6527,Active,2025-08-19,588
1060,James Thomas,james.thomas1060@example.com,+1-555-665-8392,Active,2025-04-20,604
1061,John Miller,john.miller1061@example.com,+1-555-707-1462,Past Due,2025-06-29,597
1062,Joseph Wilson,joseph.wilson1062@example.com,+1-555-574-5501,Past Due,2026-03-03,679
1063,Amelia Johnson,amelia.johnson1063@example.com,+1-555-359-2927,Past Due,2025-11-24,705
1064,Olivia Clark,olivia.clark1064@example.com,+1-555-400-3666,Active,2024-08-17,733
1065,James Martin,james.martin1065@example.com,+1-555-212-3536,Active,2024-02-12,703
1066,Charlotte Taylor,charlotte.taylor1066@example.com,+1-555-105-7345,Past Due,2023-12-28,777
1067,Robert Johnson,robert.johnson1067@example.com,+1-555-409-3992,Active,2024-11-27,801
1068,Charlotte Taylor,charlotte.taylor1068@example.com,+1-555-830-8285,Past Due,2023-08-26,605
1069,Olivia Miller,olivia.miller1069@example.com,+1-555-235-1387,Inactive,2025-10-13,673
1070,Emily Smith,emily.smith1070@example.com,+1-555-825-9604,Past Due,2025-01-24,742
1071,Amelia Davis,amelia.davis1071@example.com,+1-555-528-8760,Active,2024-07-25,691
1072,Amelia Martin,amelia.martin1072@example.com,+1-555-168-2067,Active,2024-06-22,804
1073,Mia Lewis,mia.lewis1073@example.com,+1-555-510-9308,Active,2023-10-09,610
1074,John Wilson,john.wilson1074@example.com,+1-555-188-4060,Past Due,2024-02-07,694
1075,Amelia White,amelia.white1075@example.com,+1-555-670-5309,Inactive,2023-05-17,782
1076,Olivia Martin,olivia.martin1076@example.com,+1-555-218-1651,Active,2024-02-19,617
1077,Ava Miller,ava.miller1077@example.com,+1-555-864-7401,Active,2025-01-31,595
1078,Joseph Smith,joseph.smith1078@example.com,+1-555-215-9594,Past Due,2024-06-28,729
1079,Joseph Smith,joseph.smith1079@example.com,+1-555-410-3245,Inactive,2024-05-14,800
1080,Charlotte Moore,charlotte.moore1080@example.com,+1-555-293-8778,Inactive,2025-09-07,634
1081,Emma Wilson,emma.wilson1081@example.com,+1-555-497-9870,Active,2023-10-27,750
1082,Chris Miller,chris.miller1082@example.com,+1-555-981-2114,Inactive,2025-11-17,598
1083,Olivia Taylor,olivia.taylor1083@example.com,+1-555-741-7774,Past Due,2025-01-10,820
1084,Sophia Anderson,sophia.anderson1084@example.com,+1-555-516-1977,Inactive,2023-03-29,802
1085,James Harris,james.harris1085@example.com,+1-555-128-4155,Past Due,2025-02-04,680
1086,William Taylor,william.taylor1086@example.com,+1-555-866-3086,Inactive,2025-11-09,807
1087,Emily Wilson,emily.wilson1087@example.com,+1-555-347-9540,Inactive,2025-10-15,777
1088,David Martin,david.martin1088@example.com,+1-555-714-1506,Inactive,2023-05-16,723
1089,David Miller,david.miller1089@example.com,+1-555-891-1654,Inactive,2024-07-22,680
1090,Daniel Clark,daniel.clark1090@example.com,+1-555-765-6594,Inactive,2026-01-01,734
1091,James Thomas,james.thomas1091@example.com,+1-555-975-8699,Past Due,2025-09-25,678
1092,Amelia Miller,amelia.miller1092@example.com,+1-555-580-6522,Active,2025-09-29,667
1093,Amelia Brown,amelia.brown1093@example.com,+1-555-357-5394,Inactive,2024-08-14,732
1094,Joseph Taylor,joseph.taylor1094@example.com,+1-555-420-6311,Active,2026-03-05,628
1095,Mia Thomas,mia.thomas1095@example.com,+1-555-296-6488,Past Due,2025-04-22,651
1096,Daniel Martin,daniel.martin1096@example.com,+1-555-785-4085,Past Due,2023-10-13,785
1097,Ava Moore,ava.moore1097@example.com,+1-555-803-6922,Past Due,2026-01-16,721
1098,James Moore,james.moore1098@example.com,+1-555-917-8580,Past Due,2025-12-01,624
1099,Emma Thomas,emma.thomas1099@example.com,+1-555-753-5047,Active,2024-11-21,626
1100,Charlotte White,charlotte.white1100@example.com,+1-555-351-7416,Inactive,2024-07-08,818
1101,William Jackson,william.jackson1101@example.com,+1-555-249-5173,Past Due,2023-05-28,644
1102,Emma Harris,emma.harris1102@example.com,+1-555-932-7440,Active,2023-05-17,628
1103,Daniel Lewis,daniel.lewis1103@example.com,+1-555-565-5539,Past Due,2026-03-08,687
1104,Michael Anderson,michael.anderson1104@example.com,+1-555-152-8007,Past Due,2025-09-29,732
1105,Emma Lewis,emma.lewis1105@example.com,+1-555-547-7338,Inactive,2023-09-02,615
1106,Olivia Davis,olivia.davis1106@example.com,+1-555-470-1892,Active,2023-05-24,651
1107,Emma Anderson,emma.anderson1107@example.com,+1-555-230-2571,Past Due,2025-05-16,632
1108,Sarah Johnson,sarah.johnson1108@example.com,+1-555-110-2825,Inactive,2024-07-21,652
1109,Emily Taylor,emily.taylor1109@example.com,+1-555-336-4611,Past Due,2026-03-14,772
1110,Daniel White,daniel.white1110@example.com,+1-555-960-4872,Active,2023-02-17,721
1111,James Taylor,james.taylor1111@example.com,+1-555-275-7279,Active,2026-01-14,737
1112,John Wilson,john.wilson1112@example.com,+1-555-193-5419,Inactive,2023-09-13,604
1113,Sophia Martin,sophia.martin1113@example.com,+1-555-326-4965,Inactive,2023-12-06,808
1114,Olivia Taylor,olivia.taylor1114@example.com,+1-555-386-2759,Active,2024-05-04,751
1115,Ava Martin,ava.martin1115@example.com,+1-555-693-7335,Inactive,2024-03-13,639
1116,Emma Brown,emma.brown1116@example.com,+1-555-518-8276,Inactive,2023-11-04,769
1117,Robert Harris,robert.harris1117@example.com,+1-555-123-9868,Inactive,2024-02-25,805
1118,Charlotte Martin,charlotte.martin1118@example.com,+1-555-908-9584,Inactive,2024-10-21,585
1119,Charlotte Harris,charlotte.harris1119@example.com,+1-555-958-8244,Past Due,2024-02-25,675
1120,Chris Brown,chris.brown1120@example.com,+1-555-715-7187,Active,2025-04-07,633
1121,Michael Jackson,michael.jackson1121@example.com,+1-555-461-7637,Inactive,2024-05-24,763
1122,Ava Taylor,ava.taylor1122@example.com,+1-555-488-8695,Active,2026-02-27,642
1123,David Clark,david.clark1123@example.com,+1-555-830-1358,Inactive,2026-03-16,668
1124,Mia Harris,mia.harris1124@example.com,+1-555-120-9043,Inactive,2025-07-01,812
1125,Emily Brown,emily.brown1125@example.com,+1-555-547-5176,Inactive,2024-04-13,648
1126,Mia Anderson,mia.anderson1126@example.com,+1-555-590-3590,Active,2024-03-24,798
1127,Joseph Moore,joseph.moore1127@example.com,+1-555-966-1594,Inactive,2025-01-16,592
1128,Sophia Brown,sophia.brown1128@example.com,+1-555-824-3601,Active,2026-02-06,592
1129,Daniel Brown,daniel.brown1129@example.com,+1-555-637-5180,Inactive,2023-11-02,655
1130,Chris Martin,chris.martin1130@example.com,+1-555-385-4047,Active,2025-04-18,659
1131,Olivia Brown,olivia.brown1131@example.com,+1-555-337-2511,Past Due,2023-04-17,726
1132,Olivia Thomas,olivia.thomas1132@example.com,+1-555-661-8704,Inactive,2023-12-10,640
1133,John Moore,john.moore1133@example.com,+1-555-717-2262,Active,2023-07-27,648
1134,Olivia Davis,olivia.davis1134@example.com,+1-555-897-8578,Past Due,2025-01-25,765
1135,Olivia Miller,olivia.miller1135@example.com,+1-555-646-4060,Active,2023-01-18,663
1136,Olivia Anderson,olivia.anderson1136@example.com,+1-555-625-1339,Past Due,2025-10-30,809
1137,Sarah Harris,sarah.harris1137@example.com,+1-555-238-3736,Active,2025-08-18,619
1138,Chris Taylor,chris.taylor1138@example.com,+1-555-982-7016,Past Due,2024-07-25,698
1139,Sophia Clark,sophia.clark1139@example.com,+1-555-279-2800,Past Due,2024-05-23,621
1140,Sarah Brown,sarah.brown1140@example.com,+1-555-486-3226,Active,2024-08-11,697
1141,Joseph Lewis,joseph.lewis1141@example.com,+1-555-793-7471,Past Due,2026-01-13,765
1142,Robert Clark,robert.clark1142@example.com,+1-555-762-9514,Inactive,2026-03-28,763
1143,Robert Anderson,robert.anderson1143@example.com,+1-555-636-7679,Active,2025-10-27,799
1144,Charlotte Miller,charlotte.miller1144@example.com,+1-555-924-1596,Active,2023-05-31,733
1145,Mia Thomas,mia.thomas1145@example.com,+1-555-218-7756,Inactive,2025-02-08,656
1146,Mia Smith,mia.smith1146@example.com,+1-555-422-8982,Active,2023-02-02,635
1147,Emily Miller,emily.miller1147@example.com,+1-555-560-3291,Past Due,2024-09-10,681
1148,Sophia Miller,sophia.miller1148@example.com,+1-555-116-4720,Inactive,2024-06-01,704
1149,Robert Clark,robert.clark1149@example.com,+1-555-829-8621,Inactive,2024-02-24,698
1150,Chris Martin,chris.martin1150@example.com,+1-555-152-5020,Active,2023-07-27,655
1151,Mia Johnson,mia.johnson1151@example.com,+1-555-458-8620,Inactive,2025-06-06,599
1152,Ava White,ava.white1152@example.com,+1-555-940-9397,Past Due,2025-09-04,590
1153,Charlotte Brown,charlotte.brown1153@example.com,+1-555-460-6430,Active,2024-09-27,816
1154,Joseph Wilson,joseph.wilson1154@example.com,+1-555-111-2659,Active,2026-02-24,649
1155,Sarah Smith,sarah.smith1155@example.com,+1-555-621-4583,Past Due,2025-12-03,675
1156,John Clark,john.clark1156@example.com,+1-555-513-6472,Past Due,2025-07-31,668
1157,James Thomas,james.thomas1157@example.com,+1-555-476-1834,Past Due,2026-04-14,611
1158,William Lewis,william.lewis1158@example.com,+1-555-543-9420,Active,2026-01-27,766
1159,Joseph Brown,joseph.brown1159@example.com,+1-555-257-7191,Inactive,2025-06-19,767
1160,Daniel Miller,daniel.miller1160@example.com,+1-555-245-4216,Active,2025-02-25,650
1161,Robert Taylor,robert.taylor1161@example.com,+1-555-142-1721,Inactive,2023-01-25,614
1162,Michael Martin,michael.martin1162@example.com,+1-555-682-4172,Inactive,2023-11-07,689
1163,Amelia Anderson,amelia.anderson1163@example.com,+1-555-315-1009,Active,2023-12-01,799
1164,Sarah Anderson,sarah.anderson1164@example.com,+1-555-844-8907,Active,2024-03-24,699
1165,Olivia Lewis,olivia.lewis1165@example.com,+1-555-216-2310,Past Due,2025-07-30,787
1166,James White,james.white1166@example.com,+1-555-971-8682,Inactive,2026-03-27,722
1167,Amelia Jackson,amelia.jackson1167@example.com,+1-555-746-6349,Past Due,2023-11-15,750
1168,Joseph Anderson,joseph.anderson1168@example.com,+1-555-925-5018,Active,2023-02-15,691
1169,Charlotte Anderson,charlotte.anderson1169@example.com,+1-555-436-9336,Inactive,2025-10-18,765
1170,Robert Johnson,robert.johnson1170@example.com,+1-555-705-5920,Inactive,2023-08-07,790
1171,Chris Taylor,chris.taylor1171@example.com,+1-555-964-4587,Active,2025-08-08,811
1172,Chris Davis,chris.davis1172@example.com,+1-555-814-9883,Past Due,2025-01-13,685
1173,Robert Martin,robert.martin1173@example.com,+1-555-680-6426,Inactive,2023-06-16,642
1174,Olivia Lewis,olivia.lewis1174@example.com,+1-555-778-2086,Inactive,2023-04-27,691
1175,Robert Martin,robert.martin1175@example.com,+1-555-257-7786,Inactive,2023-03-04,665
1176,Mia Davis,mia.davis1176@example.com,+1-555-415-4861,Inactive,2025-10-04,817
1177,Robert Moore,robert.moore1177@example.com,+1-555-515-8046,Active,2024-08-09,642
1178,Olivia Jackson,olivia.jackson1178@example.com,+1-555-263-6359,Past Due,2025-02-10,798
1179,David Davis,david.davis1179@example.com,+1-555-184-2348,Past Due,2023-01-18,618
1180,Amelia Martin,amelia.martin1180@example.com,+1-555-604-2512,Past Due,2023-11-08,593
1181,John Lewis,john.lewis1181@example.com,+1-555-281-1535,Active,2024-08-19,795
1182,Mia White,mia.white1182@example.com,+1-555-782-2433,Active,2023-12-05,808
1183,Ava Jackson,ava.jackson1183@example.com,+1-555-202-1638,Past Due,2023-06-18,590
1184,John Moore,john.moore1184@example.com,+1-555-908-3784,Inactive,2025-10-01,607
1185,Daniel Thomas,daniel.thomas1185@example.com,+1-555-730-9619,Active,2024-08-05,615
1186,David Clark,david.clark1186@example.com,+1-555-720-5259,Active,2025-11-20,604
1187,Charlotte Taylor,charlotte.taylor1187@example.com,+1-555-805-5648,Active,2025-03-16,798
1188,James Wilson,james.wilson1188@example.com,+1-555-811-8744,Inactive,2025-01-04,710
1189,Ava Thomas,ava.thomas1189@example.com,+1-555-769-7571,Inactive,2024-04-26,783
1190,Ava Jackson,ava.jackson1190@example.com,+1-555-315-4943,Inactive,2023-11-01,760
1191,Chris Johnson,chris.johnson1191@example.com,+1-555-181-1962,Past Due,2023-08-30,617
1192,Emma Clark,emma.clark1192@example.com,+1-555-229-3446,Past Due,2023-05-31,652
1193,James Jackson,james.jackson1193@example.com,+1-555-693-4919,Past Due,2025-09-13,691
1194,Emily Davis,emily.davis1194@example.com,+1-555-759-5956,Past Due,2024-03-05,809
1195,Charlotte Johnson,charlotte.johnson1195@example.com,+1-555-472-3564,Inactive,2024-01-28,668
1196,David Johnson,david.johnson1196@example.com,+1-555-132-5131,Inactive,2024-01-18,788
1197,Charlotte Clark,charlotte.clark1197@example.com,+1-555-774-7512,Past Due,2024-10-24,695
1198,Chris Jackson,chris.jackson1198@example.com,+1-555-863-7919,Past Due,2024-10-06,814
1199,Olivia Smith,olivia.smith1199@example.com,+1-555-990-3689,Inactive,2025-05-01,603
1200,Charlotte Jackson,charlotte.jackson1200@example.com,+1-555-251-1688,Active,2024-05-06,711
1201,Charlotte Anderson,charlotte.anderson1201@example.com,+1-555-307-3957,Inactive,2023-03-20,777
1202,John White,john.white1202@example.com,+1-555-828-6619,Past Due,2025-02-02,666
1203,John Davis,john.davis1203@example.com,+1-555-594-9209,Active,2024-03-08,617
1204,James Anderson,james.anderson1204@example.com,+1-555-643-7401,Past Due,2024-02-07,691
1205,Sarah Clark,sarah.clark1205@example.com,+1-555-836-9964,Inactive,2026-01-08,773
1206,William Johnson,william.johnson1206@example.com,+1-555-391-6449,Active,2025-04-14,730
1207,David Lewis,david.lewis1207@example.com,+1-555-949-7836,Inactive,2026-03-17,639
1208,James Taylor,james.taylor1208@example.com,+1-555-560-5336,Inactive,2023-03-21,789
1209,Sophia Anderson,sophia.anderson1209@example.com,+1-555-504-5347,Active,2025-12-22,638
1210,Sarah Taylor,sarah.taylor1210@example.com,+1-555-941-8360,Active,2025-03-24,580
1211,Emily Johnson,emily.johnson1211@example.com,+1-555-177-5483,Past Due,2026-01-24,820
1212,Emily Smith,emily.smith1212@example.com,+1-555-613-6016,Past Due,2023-04-15,707
1213,Michael Thomas,michael.thomas1213@example.com,+1-555-898-2898,Active,2025-03-07,723
1214,James Wilson,james.wilson1214@example.com,+1-555-658-4281,Active,2025-05-29,600
1215,James Taylor,james.taylor1215@example.com,+1-555-591-1338,Active,2023-09-23,818
1216,Daniel Wilson,daniel.wilson1216@example.com,+1-555-773-5789,Past Due,2024-06-10,686
1217,Olivia Martin,olivia.martin1217@example.com,+1-555-308-3685,Inactive,2023-07-19,775
1218,Ava Thomas,ava.thomas1218@example.com,+1-555-655-9989,Past Due,2023-05-21,599
1219,Chris Davis,chris.davis1219@example.com,+1-555-973-1054,Active,2023-05-16,779
1220,Daniel Wilson,daniel.wilson1220@example.com,+1-555-216-8393,Inactive,2023-09-06,708
1221,Amelia Clark,amelia.clark1221@example.com,+1-555-623-3000,Inactive,2024-07-23,781
1222,David White,david.white1222@example.com,+1-555-907-2507,Inactive,2023-12-28,679
1223,Michael Anderson,michael.anderson1223@example.com,+1-555-842-1298,Past Due,2023-06-26,596
1224,Olivia Miller,olivia.miller1224@example.com,+1-555-450-3627,Past Due,2025-12-31,629
1225,Charlotte White,charlotte.white1225@example.com,+1-555-130-6573,Inactive,2025-06-04,606
1226,Joseph Harris,joseph.harris1226@example.com,+1-555-317-3744,Active,2025-09-17,778
1227,David Taylor,david.taylor1227@example.com,+1-555-954-9099,Past Due,2025-07-26,679
1228,James White,james.white1228@example.com,+1-555-303-1687,Active,2025-07-16,628
1229,John White,john.white1229@example.com,+1-555-117-7103,Past Due,2024-11-24,686
1230,John Jackson,john.jackson1230@example.com,+1-555-982-8593,Active,2023-10-02,795
1231,Emma Davis,emma.davis1231@example.com,+1-555-707-3224,Inactive,2025-10-09,721
1232,Amelia Jackson,amelia.jackson1232@example.com,+1-555-222-1532,Past Due,2024-10-11,642
1233,Ava Martin,ava.martin1233@example.com,+1-555-400-1637,Active,2023-04-23,820
1234,Ava Miller,ava.miller1234@example.com,+1-555-812-5231,Inactive,2023-11-10,651
1235,James Martin,james.martin1235@example.com,+1-555-176-9699,Inactive,2023-06-03,707
1236,Ava Thomas,ava.thomas1236@example.com,+1-555-516-1372,Active,2024-08-06,663
1237,Olivia Brown,olivia.brown1237@example.com,+1-555-990-3251,Past Due,2023-07-25,672
1238,Emma Davis,emma.davis1238@example.com,+1-555-370-6468,Inactive,2023-09-11,626
1239,Michael Brown,michael.brown1239@example.com,+1-555-337-1804,Inactive,2024-09-29,795
1240,Amelia Brown,amelia.brown1240@example.com,+1-555-931-9993,Past Due,2026-01-23,656
1241,Amelia Thomas,amelia.thomas1241@example.com,+1-555-202-7613,Active,2024-09-30,815
1242,Emily Brown,emily.brown1242@example.com,+1-555-773-6460,Inactive,2023-04-17,615
1243,David Davis,david.davis1243@example.com,+1-555-702-1065,Active,2025-09-03,590
1244,Charlotte White,charlotte.white1244@example.com,+1-555-515-9879,Active,2024-06-25,620
1245,Amelia Taylor,amelia.taylor1245@example.com,+1-555-183-6473,Active,2024-01-15,746
1246,Emma Smith,emma.smith1246@example.com,+1-555-581-4578,Past Due,2023-09-17,623
1247,Joseph Taylor,joseph.taylor1247@example.com,+1-555-517-1086,Past Due,2025-12-07,804
1248,Daniel Moore,daniel.moore1248@example.com,+1-555-604-9971,Active,2023-05-02,690
1249,Michael Harris,michael.harris1249@example.com,+1-555-297-9647,Inactive,2024-12-06,614
1250,Robert Martin,robert.martin1250@example.com,+1-555-692-5713,Inactive,2024-05-25,737
1251,Emma Martin,emma.martin1251@example.com,+1-555-361-9153,Active,2023-08-23,683
1252,Michael Anderson,michael.anderson1252@example.com,+1-555-807-3100,Past Due,2024-01-13,788
1253,Emma Taylor,emma.taylor1253@example.com,+1-555-235-1658,Active,2024-05-26,770
1254,Sarah Brown,sarah.brown1254@example.com,+1-555-800-7467,Active,2024-03-22,650
1255,Emma Smith,emma.smith1255@example.com,+1-555-767-4443,Past Due,2023-08-15,792
1256,John Martin,john.martin1256@example.com,+1-555-209-6592,Active,2025-07-04,616
1257,Chris Davis,chris.davis1257@example.com,+1-555-989-7041,Inactive,2025-04-21,676
1258,Joseph Anderson,joseph.anderson1258@example.com,+1-555-554-4302,Past Due,2023-10-26,632
1259,Robert White,robert.white1259@example.com,+1-555-292-4977,Inactive,2025-09-28,650
1260,Emily Johnson,emily.johnson1260@example.com,+1-555-358-1050,Inactive,2025-08-07,620
1261,Sarah Johnson,sarah.johnson1261@example.com,+1-555-866-8516,Past Due,2024-08-15,632
1262,Emily Davis,emily.davis1262@example.com,+1-555-394-3305,Inactive,2024-07-26,625
1263,Emily Smith,emily.smith1263@example.com,+1-555-584-9676,Active,2025-07-19,669
1264,Ava Taylor,ava.taylor1264@example.com,+1-555-560-4291,Past Due,2024-07-18,794
1265,Charlotte Harris,charlotte.harris1265@example.com,+1-555-376-3628,Inactive,2024-03-27,692
1266,Chris Smith,chris.smith1266@example.com,+1-555-899-4840,Past Due,2025-09-22,678
1267,Sophia Miller,sophia.miller1267@example.com,+1-555-212-5385,Past Due,2025-01-29,713
1268,Daniel Davis,daniel.davis1268@example.com,+1-555-378-9462,Inactive,2025-04-06,585
1269,David Davis,david.davis1269@example.com,+1-555-347-5633,Inactive,2024-05-15,773
1270,Amelia Wilson,amelia.wilson1270@example.com,+1-555-742-9143,Past Due,2023-01-07,618
1271,John Jackson,john.jackson1271@example.com,+1-555-886-7876,Past Due,2024-11-29,580
1272,Charlotte Moore,charlotte.moore1272@example.com,+1-555-291-2777,Past Due,2024-09-19,764
1273,Emily Anderson,emily.anderson1273@example.com,+1-555-812-5455,Past Due,2024-02-13,740
1274,Robert White,robert.white1274@example.com,+1-555-198-7224,Inactive,2024-02-06,807
1275,Sophia Jackson,sophia.jackson1275@example.com,+1-555-146-6507,Inactive,2025-08-23,774
1276,Sophia Jackson,sophia.jackson1276@example.com,+1-555-604-4728,Inactive,2026-02-25,584
1277,David Davis,david.davis1277@example.com,+1-555-678-3244,Active,2025-04-21,801
1278,Sarah Moore,sarah.moore1278@example.com,+1-555-578-7756,Past Due,2023-05-29,606
1279,Amelia Clark,amelia.clark1279@example.com,+1-555-835-3223,Active,2024-03-15,635
1280,Mia Davis,mia.davis1280@example.com,+1-555-137-5201,Active,2025-04-17,610
1281,Daniel Clark,daniel.clark1281@example.com,+1-555-314-2531,Inactive,2024-04-29,736
1282,Emma Brown,emma.brown1282@example.com,+1-555-924-5101,Past Due,2026-01-04,771
1283,Sophia Johnson,sophia.johnson1283@example.com,+1-555-587-5539,Past Due,2023-12-09,748
1284,John Lewis,john.lewis1284@example.com,+1-555-936-4544,Inactive,2024-11-08,605
1285,David Taylor,david.taylor1285@example.com,+1-555-689-5549,Active,2025-05-24,758
1286,Mia White,mia.white1286@example.com,+1-555-871-8411,Past Due,2023-12-03,586
1287,Emma Smith,emma.smith1287@example.com,+1-555-783-5509,Active,2023-12-19,790
1288,Olivia Taylor,olivia.taylor1288@example.com,+1-555-855-1740,Past Due,2024-01-03,630
1289,Michael Moore,michael.moore1289@example.com,+1-555-235-5833,Inactive,2023-05-06,749
1290,William Taylor,william.taylor1290@example.com,+1-555-733-3203,Active,2023-08-30,765
1291,Michael White,michael.white1291@example.com,+1-555-742-5908,Past Due,2025-06-03,619
1292,David Wilson,david.wilson1292@example.com,+1-555-585-7194,Active,2023-12-17,675
1293,Sarah Wilson,sarah.wilson1293@example.com,+1-555-800-7887,Active,2023-06-23,775
1294,Olivia Moore,olivia.moore1294@example.com,+1-555-174-3518,Inactive,2023-08-11,691
1295,Sophia Wilson,sophia.wilson1295@example.com,+1-555-372-9523,Past Due,2026-02-10,806
1296,Joseph Jackson,joseph.jackson1296@example.com,+1-555-563-3578,Past Due,2025-12-27,749
1297,Michael Clark,michael.clark1297@example.com,+1-555-535-3820,Past Due,2025-06-30,651
1298,James Anderson,james.anderson1298@example.com,+1-555-720-4508,Past Due,2023-02-11,630
1299,Robert Thomas,robert.thomas1299@example.com,+1-555-484-9772,Inactive,2023-07-06,803
1300,Emma Miller,emma.miller1300@example.com,+1-555-155-4764,Past Due,2025-12-28,799
1301,Emma Lewis,emma.lewis1301@example.com,+1-555-504-3215,Active,2025-11-26,626
1302,Amelia Taylor,amelia.taylor1302@example.com,+1-555-918-3071,Active,2023-04-14,710
1303,Amelia Brown,amelia.brown1303@example.com,+1-555-347-9831,Past Due,2023-06-21,666
1304,Joseph Brown,joseph.brown1304@example.com,+1-555-365-5278,Inactive,2026-01-29,614
1305,Olivia Johnson,olivia.johnson1305@example.com,+1-555-537-9036,Active,2023-10-14,785
1306,Sophia Brown,sophia.brown1306@example.com,+1-555-630-3421,Past Due,2025-06-24,598
1307,Emily Brown,emily.brown1307@example.com,+1-555-855-6273,Inactive,2023-12-04,754
1308,Daniel Jackson,daniel.jackson1308@example.com,+1-555-130-1542,Active,2023-02-25,778
1309,John Smith,john.smith1309@example.com,+1-555-185-6283,Active,2026-04-14,600
1310,David Moore,david.moore1310@example.com,+1-555-592-2609,Inactive,2026-01-08,745
1311,Mia Johnson,mia.johnson1311@example.com,+1-555-906-1423,Past Due,2023-11-03,670
1312,James Harris,james.harris1312@example.com,+1-555-788-2886,Past Due,2024-08-16,772
1313,Ava Anderson,ava.anderson1313@example.com,+1-555-263-2393,Past Due,2023-10-30,733
1314,Amelia Lewis,amelia.lewis1314@example.com,+1-555-394-9046,Past Due,2023-06-06,618
1315,Olivia Thomas,olivia.thomas1315@example.com,+1-555-613-1695,Inactive,2025-02-16,700
1316,Sarah Martin,sarah.martin1316@example.com,+1-555-578-1430,Active,2023-04-11,580
1317,Daniel Taylor,daniel.taylor1317@example.com,+1-555-486-6658,Past Due,2024-11-30,602
1318,Mia Anderson,mia.anderson1318@example.com,+1-555-642-3456,Inactive,2025-02-12,724
1319,Emma Taylor,emma.taylor1319@example.com,+1-555-522-3445,Inactive,2025-11-13,638
1320,James White,james.white1320@example.com,+1-555-777-1802,Inactive,2024-09-27,790
1321,Olivia Harris,olivia.harris1321@example.com,+1-555-847-1686,Past Due,2023-03-22,740
1322,Charlotte Johnson,charlotte.johnson1322@example.com,+1-555-516-4406,Active,2025-04-20,734
1323,Amelia Clark,amelia.clark1323@example.com,+1-555-732-6817,Active,2025-12-12,627
1324,Chris Brown,chris.brown1324@example.com,+1-555-162-5387,Active,2023-09-08,801
1325,Robert Anderson,robert.anderson1325@example.com,+1-555-954-9660,Active,2026-02-12,814
1326,Joseph Smith,joseph.smith1326@example.com,+1-555-367-5237,Past Due,2023-12-30,720
1327,Charlotte Lewis,charlotte.lewis1327@example.com,+1-555-354-9448,Active,2025-02-13,763
1328,Michael Brown,michael.brown1328@example.com,+1-555-509-5387,Active,2023-11-14,752
1329,David Miller,david.miller1329@example.com,+1-555-813-7554,Past Due,2024-08-27,765
1330,Olivia Thomas,olivia.thomas1330@example.com,+1-555-517-5875,Active,2023-02-12,642
1331,Emily Miller,emily.miller1331@example.com,+1-555-477-9656,Inactive,2024-03-14,606
1332,Ava Anderson,ava.anderson1332@example.com,+1-555-184-8568,Active,2025-03-10,654
1333,Robert Wilson,robert.wilson1333@example.com,+1-555-463-7122,Inactive,2023-03-28,627
1334,Robert Taylor,robert.taylor1334@example.com,+1-555-838-7046,Inactive,2026-01-18,754
1335,Olivia Thomas,olivia.thomas1335@example.com,+1-555-296-1381,Past Due,2023-06-23,700
1336,Robert Thomas,robert.thomas1336@example.com,+1-555-521-5584,Inactive,2025-11-16,727
1337,Joseph Smith,joseph.smith1337@example.com,+1-555-890-4700,Past Due,2023-08-12,674
1338,Sophia Wilson,sophia.wilson1338@example.com,+1-555-950-5512,Inactive,2023-10-02,699
1339,Sarah Jackson,sarah.jackson1339@example.com,+1-555-138-5746,Past Due,2023-04-28,798
1340,Ava Taylor,ava.taylor1340@example.com,+1-555-309-4541,Active,2024-12-28,629
1341,Joseph Anderson,joseph.anderson1341@example.com,+1-555-701-6162,Past Due,2023-09-08,681
1342,Sophia Miller,sophia.miller1342@example.com,+1-555-925-2674,Active,2023-07-13,762
1343,William Clark,william.clark1343@example.com,+1-555-838-3027,Past Due,2023-04-09,735
1344,Michael Taylor,michael.taylor1344@example.com,+1-555-707-2497,Past Due,2024-02-10,706
1345,Michael Miller,michael.miller1345@example.com,+1-555-514-6292,Active,2023-03-22,805
1346,Emily Johnson,emily.johnson1346@example.com,+1-555-840-2258,Active,2025-10-31,707
1347,James Harris,james.harris1347@example.com,+1-555-197-8564,Past Due,2025-04-13,779
1348,Amelia Smith,amelia.smith1348@example.com,+1-555-110-4028,Active,2023-02-24,787
1349,John Davis,john.davis1349@example.com,+1-555-442-7799,Active,2026-01-30,612
1350,Joseph Smith,joseph.smith1350@example.com,+1-555-350-7181,Inactive,2025-08-25,743
1351,Charlotte Anderson,charlotte.anderson1351@example.com,+1-555-846-5647,Past Due,2023-09-03,765
1352,Emily Smith,emily.smith1352@example.com,+1-555-735-4501,Inactive,2025-01-23,736
1353,Mia Miller,mia.miller1353@example.com,+1-555-159-2249,Inactive,2023-05-26,786
1354,Emma Thomas,emma.thomas1354@example.com,+1-555-211-9834,Inactive,2024-04-07,639
1355,Robert Lewis,robert.lewis1355@example.com,+1-555-451-1432,Past Due,2023-10-13,773
1356,Emily Moore,emily.moore1356@example.com,+1-555-274-3583,Active,2025-11-01,617
1357,David Taylor,david.taylor1357@example.com,+1-555-562-5505,Inactive,2024-11-22,687
1358,David Brown,david.brown1358@example.com,+1-555-361-1597,Past Due,2024-08-25,613
1359,Joseph Martin,joseph.martin1359@example.com,+1-555-865-1702,Inactive,2023-02-13,779
1360,James Taylor,james.taylor1360@example.com,+1-555-604-7479,Inactive,2025-06-10,782
1361,Sarah Davis,sarah.davis1361@example.com,+1-555-219-3110,Inactive,2023-02-06,820
1362,Sarah Moore,sarah.moore1362@example.com,+1-555-995-1907,Past Due,2024-02-21,672
1363,Robert Harris,robert.harris1363@example.com,+1-555-722-2448,Active,2025-03-02,619
1364,William Brown,william.brown1364@example.com,+1-555-428-4487,Active,2023-12-26,776
1365,Michael Anderson,michael.anderson1365@example.com,+1-555-448-6829,Active,2025-05-30,710
1366,Amelia Wilson,amelia.wilson1366@example.com,+1-555-546-2782,Inactive,2025-09-20,688
1367,Amelia Miller,amelia.miller1367@example.com,+1-555-736-4454,Past Due,2024-06-24,654
1368,Sarah Davis,sarah.davis1368@example.com,+1-555-347-5980,Past Due,2023-01-11,783
1369,Joseph Clark,joseph.clark1369@example.com,+1-555-898-4179,Inactive,2024-09-03,640
1370,Charlotte Miller,charlotte.miller1370@example.com,+1-555-517-1755,Active,2024-04-23,745
1371,Mia Davis,mia.davis1371@example.com,+1-555-154-2678,Past Due,2025-01-28,695
1372,John Johnson,john.johnson1372@example.com,+1-555-619-7033,Past Due,2026-04-04,761
1373,David Thomas,david.thomas1373@example.com,+1-555-392-3978,Active,2025-07-16,645
1374,Olivia Harris,olivia.harris1374@example.com,+1-555-874-7893,Past Due,2026-03-18,786
1375,Robert Thomas,robert.thomas1375@example.com,+1-555-950-8474,Active,2025-12-05,655
1376,Chris White,chris.white1376@example.com,+1-555-693-7293,Past Due,2026-03-10,643
1377,Chris Jackson,chris.jackson1377@example.com,+1-555-678-2686,Inactive,2023-02-13,777
1378,Joseph Thomas,joseph.thomas1378@example.com,+1-555-683-4185,Active,2024-01-25,607
1379,Olivia Taylor,olivia.taylor1379@example.com,+1-555-401-3314,Inactive,2025-04-07,724
1380,Amelia Johnson,amelia.johnson1380@example.com,+1-555-517-1376,Past Due,2025-08-26,619
1381,Robert Davis,robert.davis1381@example.com,+1-555-568-7843,Active,2025-06-24,624
1382,Michael Thomas,michael.thomas1382@example.com,+1-555-675-4737,Past Due,2024-03-27,663
1383,Mia Taylor,mia.taylor1383@example.com,+1-555-632-3269,Past Due,2026-02-23,773
1384,John Thomas,john.thomas1384@example.com,+1-555-947-1050,Inactive,2025-04-14,807
1385,Emma Miller,emma.miller1385@example.com,+1-555-811-8113,Inactive,2023-03-03,720
1386,Chris Harris,chris.harris1386@example.com,+1-555-704-6877,Past Due,2023-10-28,691
1387,Daniel Brown,daniel.brown1387@example.com,+1-555-902-7265,Past Due,2025-02-13,668
1388,Emily Brown,emily.brown1388@example.com,+1-555-949-4549,Active,2026-02-24,703
1389,Emily Davis,emily.davis1389@example.com,+1-555-788-3387,Active,2025-12-18,660
1390,James Davis,james.davis1390@example.com,+1-555-357-4146,Inactive,2025-03-27,718
1391,Chris Taylor,chris.taylor1391@example.com,+1-555-701-6091,Past Due,2024-07-10,740
1392,Sarah Smith,sarah.smith1392@example.com,+1-555-952-3690,Inactive,2024-04-03,580
1393,John Martin,john.martin1393@example.com,+1-555-714-7400,Inactive,2023-05-09,594
1394,Emma Harris,emma.harris1394@example.com,+1-555-615-4310,Active,2023-06-16,751
1395,Michael Jackson,michael.jackson1395@example.com,+1-555-943-1417,Active,2023-05-16,676
1396,Joseph Johnson,joseph.johnson1396@example.com,+1-555-726-5575,Active,2024-08-23,741
1397,David Jackson,david.jackson1397@example.com,+1-555-155-8424,Inactive,2023-12-29,800
1398,Joseph Moore,joseph.moore1398@example.com,+1-555-992-8263,Past Due,2025-04-22,740
1399,Chris Johnson,chris.johnson1399@example.com,+1-555-847-7035,Active,2024-07-27,649
1400,John Lewis,john.lewis1400@example.com,+1-555-551-8253,Past Due,2024-07-30,680
1401,Olivia Johnson,olivia.johnson1401@example.com,+1-555-831-8356,Active,2025-04-05,775
1402,Emily Miller,emily.miller1402@example.com,+1-555-710-3247,Inactive,2023-02-09,722
1403,David Lewis,david.lewis1403@example.com,+1-555-842-8768,Inactive,2023-04-08,621
1404,David Anderson,david.anderson1404@example.com,+1-555-123-7509,Past Due,2025-12-28,647
1405,David Moore,david.moore1405@example.com,+1-555-303-4320,Inactive,2024-04-20,602
1406,Chris Jackson,chris.jackson1406@example.com,+1-555-466-3805,Active,2024-12-07,814
1407,Robert Davis,robert.davis1407@example.com,+1-555-578-9924,Active,2025-08-08,582
1408,Michael Wilson,michael.wilson1408@example.com,+1-555-794-2665,Active,2023-12-01,580
1409,Robert Davis,robert.davis1409@example.com,+1-555-324-7912,Active,2025-11-17,751
1410,James Miller,james.miller1410@example.com,+1-555-578-9122,Past Due,2026-03-20,668
1411,Robert Davis,robert.davis1411@example.com,+1-555-294-4575,Inactive,2023-06-02,808
1412,Amelia Thomas,amelia.thomas1412@example.com,+1-555-414-5335,Past Due,2023-04-11,765
1413,Olivia Jackson,olivia.jackson1413@example.com,+1-555-148-3307,Inactive,2024-08-25,710
1414,Sarah Davis,sarah.davis1414@example.com,+1-555-541-5512,Inactive,2023-04-19,640
1415,William Moore,william.moore1415@example.com,+1-555-798-5098,Active,2025-03-26,700
1416,Amelia Davis,amelia.davis1416@example.com,+1-555-245-8589,Past Due,2025-10-20,750
1417,Joseph Wilson,joseph.wilson1417@example.com,+1-555-291-2231,Active,2023-11-27,743
1418,David Lewis,david.lewis1418@example.com,+1-555-940-9785,Active,2023-07-29,740
1419,Michael Anderson,michael.anderson1419@example.com,+1-555-631-7879,Active,2026-03-18,719
1420,James Lewis,james.lewis1420@example.com,+1-555-903-8175,Active,2025-05-22,801
1421,Sophia Taylor,sophia.taylor1421@example.com,+1-555-997-2883,Past Due,2023-12-29,719
1422,James Martin,james.martin1422@example.com,+1-555-129-6545,Active,2026-03-18,772
1423,William Smith,william.smith1423@example.com,+1-555-604-9922,Past Due,2025-05-27,683
1424,Emma Clark,emma.clark1424@example.com,+1-555-589-2000,Inactive,2025-10-13,640
1425,Robert Miller,robert.miller1425@example.com,+1-555-980-1253,Inactive,2023-01-05,676
1426,Amelia Miller,amelia.miller1426@example.com,+1-555-186-3800,Active,2024-04-03,741
1427,Mia Jackson,mia.jackson1427@example.com,+1-555-790-3608,Active,2025-03-16,753
1428,Mia Smith,mia.smith1428@example.com,+1-555-895-6489,Past Due,2025-07-05,819
1429,Emma Anderson,emma.anderson1429@example.com,+1-555-514-3463,Past Due,2023-05-30,713
1430,Olivia Brown,olivia.brown1430@example.com,+1-555-684-3273,Inactive,2026-03-08,681
1431,William Johnson,william.johnson1431@example.com,+1-555-670-9753,Past Due,2024-07-03,640
1432,Emily Thomas,emily.thomas1432@example.com,+1-555-902-9957,Active,2023-11-21,612
1433,Sarah Jackson,sarah.jackson1433@example.com,+1-555-917-1555,Past Due,2024-04-15,749
1434,Amelia Martin,amelia.martin1434@example.com,+1-555-836-5108,Past Due,2024-08-20,745
1435,Chris Thomas,chris.thomas1435@example.com,+1-555-720-6533,Past Due,2025-11-14,721
1436,David Brown,david.brown1436@example.com,+1-555-390-6681,Inactive,2026-01-22,709
1437,William Johnson,william.johnson1437@example.com,+1-555-811-8231,Active,2025-01-01,816
1438,Olivia Taylor,olivia.taylor1438@example.com,+1-555-657-7580,Inactive,2025-03-10,702
1439,Michael Wilson,michael.wilson1439@example.com,+1-555-126-8405,Inactive,2025-02-18,779
1440,David Brown,david.brown1440@example.com,+1-555-836-8559,Inactive,2025-12-25,706
1441,Robert Miller,robert.miller1441@example.com,+1-555-977-8151,Past Due,2025-10-15,763
1442,Chris Miller,chris.miller1442@example.com,+1-555-427-9456,Past Due,2024-02-06,706
1443,Sarah Jackson,sarah.jackson1443@example.com,+1-555-797-9591,Active,2025-03-27,744
1444,Olivia Taylor,olivia.taylor1444@example.com,+1-555-477-1849,Past Due,2024-07-05,806
1445,John White,john.white1445@example.com,+1-555-873-7392,Inactive,2024-11-10,755
1446,William Johnson,william.johnson1446@example.com,+1-555-131-3045,Active,2024-07-26,810
1447,Amelia Wilson,amelia.wilson1447@example.com,+1-555-897-6613,Inactive,2024-07-03,644
1448,Olivia Harris,olivia.harris1448@example.com,+1-555-571-7456,Active,2023-10-15,670
1449,Ava Wilson,ava.wilson1449@example.com,+1-555-753-5040,Past Due,2023-09-30,754
1450,Amelia Anderson,amelia.anderson1450@example.com,+1-555-908-7412,Active,2024-02-03,719
1451,Emma Jackson,emma.jackson1451@example.com,+1-555-514-3693,Inactive,2023-06-13,755
1452,James Wilson,james.wilson1452@example.com,+1-555-645-6535,Past Due,2025-09-16,625
1453,James Harris,james.harris1453@example.com,+1-555-271-3815,Inactive,2024-03-29,802
1454,Sophia Jackson,sophia.jackson1454@example.com,+1-555-642-7062,Active,2024-04-02,800
1455,Joseph Davis,joseph.davis1455@example.com,+1-555-673-7409,Inactive,2025-01-19,586
1456,Charlotte Anderson,charlotte.anderson1456@example.com,+1-555-495-6314,Active,2024-10-18,773
1457,Charlotte Thomas,charlotte.thomas1457@example.com,+1-555-944-5287,Active,2023-01-16,629
1458,Ava Davis,ava.davis1458@example.com,+1-555-998-9393,Past Due,2023-06-02,817
1459,Emma Lewis,emma.lewis1459@example.com,+1-555-713-8933,Active,2023-04-07,630
1460,Joseph Jackson,joseph.jackson1460@example.com,+1-555-695-4866,Inactive,2023-03-19,602
1461,Mia Moore,mia.moore1461@example.com,+1-555-503-6039,Active,2024-10-28,655
1462,William Davis,william.davis1462@example.com,+1-555-434-6370,Active,2023-08-08,635
1463,Olivia White,olivia.white1463@example.com,+1-555-734-4513,Inactive,2025-09-01,766
1464,Joseph Davis,joseph.davis1464@example.com,+1-555-343-7983,Inactive,2024-10-11,591
1465,John Anderson,john.anderson1465@example.com,+1-555-966-3452,Past Due,2023-08-12,652
1466,David Johnson,david.johnson1466@example.com,+1-555-894-6797,Active,2025-07-24,678
1467,Joseph Davis,joseph.davis1467@example.com,+1-555-812-9580,Inactive,2026-02-23,595
1468,Chris Lewis,chris.lewis1468@example.com,+1-555-106-5451,Inactive,2023-09-23,640
1469,Joseph White,joseph.white1469@example.com,+1-555-511-3667,Active,2024-11-08,722
1470,Emily Martin,emily.martin1470@example.com,+1-555-159-6315,Past Due,2025-11-03,686
1471,William Clark,william.clark1471@example.com,+1-555-386-5893,Active,2023-10-11,706
1472,James Jackson,james.jackson1472@example.com,+1-555-858-5581,Past Due,2024-11-26,767
1473,Emily White,emily.white1473@example.com,+1-555-915-6199,Past Due,2024-08-12,625
1474,Joseph Miller,joseph.miller1474@example.com,+1-555-411-2944,Active,2025-05-26,665
1475,John Miller,john.miller1475@example.com,+1-555-971-1102,Active,2023-03-29,619
1476,Ava White,ava.white1476@example.com,+1-555-754-4761,Past Due,2024-04-20,598
1477,Sophia Miller,sophia.miller1477@example.com,+1-555-758-2896,Inactive,2024-10-11,597
1478,Michael Smith,michael.smith1478@example.com,+1-555-431-6569,Inactive,2023-03-11,713
1479,Michael Martin,michael.martin1479@example.com,+1-555-668-3984,Past Due,2023-07-25,652
1480,Ava Thomas,ava.thomas1480@example.com,+1-555-971-9516,Past Due,2025-02-23,678
1481,Charlotte Miller,charlotte.miller1481@example.com,+1-555-611-4638,Inactive,2025-07-08,810
1482,William Thomas,william.thomas1482@example.com,+1-555-758-7771,Active,2023-01-14,613
1483,Mia Wilson,mia.wilson1483@example.com,+1-555-477-5717,Active,2023-05-23,714
1484,Michael Wilson,michael.wilson1484@example.com,+1-555-824-9902,Active,2023-10-01,628
1485,David Miller,david.miller1485@example.com,+1-555-304-3346,Past Due,2023-01-15,740
1486,Ava Brown,ava.brown1486@example.com,+1-555-160-7179,Past Due,2023-01-17,806
1487,David Taylor,david.taylor1487@example.com,+1-555-525-5299,Inactive,2023-11-24,632
1488,Amelia Clark,amelia.clark1488@example.com,+1-555-453-1396,Past Due,2023-12-05,776
1489,Charlotte Harris,charlotte.harris1489@example.com,+1-555-631-2426,Past Due,2025-07-22,625
1490,Olivia White,olivia.white1490@example.com,+1-555-591-8606,Inactive,2024-06-17,771
1491,Mia Anderson,mia.anderson1491@example.com,+1-555-595-3222,Inactive,2023-11-13,800
1492,Sarah Jackson,sarah.jackson1492@example.com,+1-555-245-2478,Past Due,2025-07-17,677
1493,Amelia Taylor,amelia.taylor1493@example.com,+1-555-847-2675,Inactive,2023-04-19,720
1494,Olivia Clark,olivia.clark1494@example.com,+1-555-223-8680,Active,2023-05-10,697
1495,Michael Moore,michael.moore1495@example.com,+1-555-553-4559,Past Due,2026-04-08,627
1496,John Jackson,john.jackson1496@example.com,+1-555-286-3826,Active,2026-03-26,725
1497,Michael Martin,michael.martin1497@example.com,+1-555-275-2651,Past Due,2025-05-24,784
1498,James Brown,james.brown1498@example.com,+1-555-755-5967,Active,2026-02-06,720
1499,Chris Taylor,chris.taylor1499@example.com,+1-555-270-6326,Past Due,2025-01-14,759
1500,Sophia Moore,sophia.moore1500@example.com,+1-555-427-6047,Inactive,2025-05-05,611
1501,Charlotte Clark,charlotte.clark1501@example.com,+1-555-854-9078,Active,2023-11-27,786
1502,Robert Thomas,robert.thomas1502@example.com,+1-555-353-1320,Past Due,2024-11-12,646
1503,Daniel Lewis,daniel.lewis1503@example.com,+1-555-725-2908,Active,2025-07-04,734
1504,William Smith,william.smith1504@example.com,+1-555-291-3856,Inactive,2023-05-24,621
1505,Sarah Jackson,sarah.jackson1505@example.com,+1-555-352-8676,Past Due,2025-10-16,764
1506,Emma Moore,emma.moore1506@example.com,+1-555-602-6355,Active,2026-04-01,722
1507,Joseph Taylor,joseph.taylor1507@example.com,+1-555-233-3445,Active,2023-07-21,614
1508,Mia Harris,mia.harris1508@example.com,+1-555-846-1889,Past Due,2024-01-21,624
1509,Sarah Johnson,sarah.johnson1509@example.com,+1-555-371-9010,Past Due,2025-08-11,712
1510,Joseph Clark,joseph.clark1510@example.com,+1-555-457-4450,Past Due,2025-02-01,750
1511,Joseph White,joseph.white1511@example.com,+1-555-289-4879,Past Due,2025-12-31,680
1512,Sarah Johnson,sarah.johnson1512@example.com,+1-555-306-1284,Inactive,2024-09-10,640
1513,Robert Brown,robert.brown1513@example.com,+1-555-934-6254,Active,2025-07-31,597
1514,Mia Wilson,mia.wilson1514@example.com,+1-555-315-2533,Active,2023-11-02,744
1515,Olivia White,olivia.white1515@example.com,+1-555-779-1393,Active,2024-09-12,630
1516,Charlotte Anderson,charlotte.anderson1516@example.com,+1-555-769-9378,Active,2023-04-27,736
1517,Michael Smith,michael.smith1517@example.com,+1-555-690-7808,Inactive,2023-06-19,633
1518,Charlotte Brown,charlotte.brown1518@example.com,+1-555-723-2886,Active,2025-03-25,592
1519,Chris Miller,chris.miller1519@example.com,+1-555-218-4395,Active,2023-08-30,801
1520,William Martin,william.martin1520@example.com,+1-555-577-3287,Active,2023-08-24,735
1521,David Davis,david.davis1521@example.com,+1-555-215-7268,Inactive,2023-08-03,613
1522,Olivia Johnson,olivia.johnson1522@example.com,+1-555-223-1522,Inactive,2023-10-06,765
1523,James Clark,james.clark1523@example.com,+1-555-354-4243,Past Due,2024-03-14,589
1524,Ava Moore,ava.moore1524@example.com,+1-555-541-7230,Inactive,2024-03-02,717
1525,John Wilson,john.wilson1525@example.com,+1-555-566-5939,Past Due,2023-08-01,618
1526,Ava Wilson,ava.wilson1526@example.com,+1-555-202-2476,Inactive,2023-02-16,782
1527,Amelia Harris,amelia.harris1527@example.com,+1-555-740-9598,Active,2024-11-21,800
1528,John Jackson,john.jackson1528@example.com,+1-555-237-3459,Past Due,2024-08-10,676
1529,Chris Smith,chris.smith1529@example.com,+1-555-960-4172,Past Due,2025-01-21,669
1530,Robert Brown,robert.brown1530@example.com,+1-555-929-1020,Active,2026-03-11,732
1531,Mia Miller,mia.miller1531@example.com,+1-555-897-9135,Active,2023-07-19,638
1532,William Davis,william.davis1532@example.com,+1-555-245-5513,Active,2025-05-18,819
1533,Mia Jackson,mia.jackson1533@example.com,+1-555-652-7007,Inactive,2024-09-20,775
1534,Chris Moore,chris.moore1534@example.com,+1-555-966-1443,Inactive,2023-06-03,807
1535,Chris Smith,chris.smith1535@example.com,+1-555-244-8894,Active,2025-05-15,611
1536,Mia Wilson,mia.wilson1536@example.com,+1-555-590-4781,Past Due,2025-10-10,651
1537,Sarah Wilson,sarah.wilson1537@example.com,+1-555-713-2007,Inactive,2023-06-24,690
1538,Emily Smith,emily.smith1538@example.com,+1-555-522-4738,Active,2023-09-17,800
1539,Ava Davis,ava.davis1539@example.com,+1-555-450-6233,Inactive,2023-11-21,791
1540,John Taylor,john.taylor1540@example.com,+1-555-818-5676,Active,2024-05-26,595
1541,Emma Smith,emma.smith1541@example.com,+1-555-730-6950,Inactive,2025-10-13,724
1542,William White,william.white1542@example.com,+1-555-533-6050,Past Due,2023-05-13,674
1543,William White,william.white1543@example.com,+1-555-480-5670,Inactive,2023-12-20,643
1544,Daniel Lewis,daniel.lewis1544@example.com,+1-555-961-2743,Active,2024-05-29,698
1545,Emily Smith,emily.smith1545@example.com,+1-555-213-1722,Past Due,2023-05-02,776
1546,Emma Davis,emma.davis1546@example.com,+1-555-139-4395,Active,2025-04-24,721
1547,Sophia Davis,sophia.davis1547@example.com,+1-555-560-7531,Inactive,2023-07-04,705
1548,Olivia Martin,olivia.martin1548@example.com,+1-555-628-1698,Past Due,2023-01-27,712
1549,Emma White,emma.white1549@example.com,+1-555-558-2759,Active,2023-03-04,802
1550,Emma Jackson,emma.jackson1550@example.com,+1-555-821-1996,Inactive,2023-06-22,630
1551,Joseph Johnson,joseph.johnson1551@example.com,+1-555-518-8421,Active,2024-05-19,593
1552,William Taylor,william.taylor1552@example.com,+1-555-440-2305,Active,2024-08-12,672
1553,Joseph Anderson,joseph.anderson1553@example.com,+1-555-603-5919,Active,2025-03-31,624
1554,Emma Moore,emma.moore1554@example.com,+1-555-125-1285,Past Due,2025-06-10,626
1555,Mia White,mia.white1555@example.com,+1-555-557-7978,Past Due,2025-05-29,732
1556,Daniel Lewis,daniel.lewis1556@example.com,+1-555-130-4351,Active,2026-02-23,581
1557,James Moore,james.moore1557@example.com,+1-555-787-4282,Past Due,2025-04-04,620
1558,William Anderson,william.anderson1558@example.com,+1-555-958-8167,Inactive,2025-06-13,790
1559,Chris Brown,chris.brown1559@example.com,+1-555-461-2049,Past Due,2024-05-07,792
1560,Chris Lewis,chris.lewis1560@example.com,+1-555-119-1525,Active,2024-06-28,683
1561,Emily Martin,emily.martin1561@example.com,+1-555-202-6088,Inactive,2023-02-21,773
1562,David Davis,david.davis1562@example.com,+1-555-151-8322,Past Due,2025-09-21,750
1563,William Davis,william.davis1563@example.com,+1-555-358-1611,Active,2024-06-21,729
1564,Sophia Brown,sophia.brown1564@example.com,+1-555-940-5416,Past Due,2023-01-07,660
1565,Sophia Brown,sophia.brown1565@example.com,+1-555-424-3820,Active,2024-06-07,736
1566,Joseph Johnson,joseph.johnson1566@example.com,+1-555-927-5876,Past Due,2025-10-14,817
1567,Robert Lewis,robert.lewis1567@example.com,+1-555-754-4664,Past Due,2023-05-14,630
1568,William Clark,william.clark1568@example.com,+1-555-801-2970,Inactive,2025-02-21,734
1569,Amelia Thomas,amelia.thomas1569@example.com,+1-555-204-7731,Inactive,2023-07-23,618
1570,Michael Lewis,michael.lewis1570@example.com,+1-555-393-1804,Inactive,2025-09-09,726
1571,Daniel Taylor,daniel.taylor1571@example.com,+1-555-338-3854,Inactive,2025-06-13,626
1572,Michael Thomas,michael.thomas1572@example.com,+1-555-696-2866,Past Due,2025-07-02,786
1573,John Brown,john.brown1573@example.com,+1-555-828-5327,Active,2025-06-01,797
1574,Chris Smith,chris.smith1574@example.com,+1-555-319-8655,Active,2025-11-21,697
1575,Amelia Wilson,amelia.wilson1575@example.com,+1-555-208-2458,Inactive,2023-04-23,795
1576,Olivia Smith,olivia.smith1576@example.com,+1-555-745-5251,Active,2026-01-22,784
1577,David Taylor,david.taylor1577@example.com,+1-555-478-9404,Past Due,2025-10-30,806
1578,William Miller,william.miller1578@example.com,+1-555-214-2368,Inactive,2023-02-15,767
1579,Amelia Thomas,amelia.thomas1579@example.com,+1-555-777-9326,Active,2023-05-25,719
1580,Robert Anderson,robert.anderson1580@example.com,+1-555-411-9767,Active,2023-11-26,774
1581,Emma Clark,emma.clark1581@example.com,+1-555-464-9551,Past Due,2024-04-22,726
1582,William White,william.white1582@example.com,+1-555-548-1188,Past Due,2023-12-20,595
1583,John Anderson,john.anderson1583@example.com,+1-555-653-1767,Inactive,2025-08-29,661
1584,Charlotte Brown,charlotte.brown1584@example.com,+1-555-948-3946,Active,2025-02-17,724
1585,David Thomas,david.thomas1585@example.com,+1-555-709-7606,Active,2023-06-22,819
1586,Olivia Lewis,olivia.lewis1586@example.com,+1-555-790-5430,Active,2025-05-17,723
1587,Joseph Miller,joseph.miller1587@example.com,+1-555-574-7424,Past Due,2025-09-04,750
1588,Sarah Anderson,sarah.anderson1588@example.com,+1-555-144-6810,Active,2023-08-30,646
1589,David Martin,david.martin1589@example.com,+1-555-215-6809,Inactive,2023-04-01,706
1590,Amelia Taylor,amelia.taylor1590@example.com,+1-555-281-8987,Inactive,2026-02-06,722
1591,Sophia Jackson,sophia.jackson1591@example.com,+1-555-840-7183,Inactive,2023-08-08,779
1592,William Harris,william.harris1592@example.com,+1-555-286-5798,Past Due,2023-04-03,806
1593,Emily Thomas,emily.thomas1593@example.com,+1-555-955-7165,Inactive,2026-01-24,643
1594,Daniel Martin,daniel.martin1594@example.com,+1-555-126-5352,Inactive,2025-11-13,659
1595,Chris Brown,chris.brown1595@example.com,+1-555-554-1190,Active,2026-02-22,666
1596,Emma Harris,emma.harris1596@example.com,+1-555-245-3618,Inactive,2026-04-02,774
1597,Sophia Martin,sophia.martin1597@example.com,+1-555-381-9890,Past Due,2023-09-14,580
1598,Joseph Taylor,joseph.taylor1598@example.com,+1-555-372-9759,Inactive,2025-12-26,758
1599,Joseph Taylor,joseph.taylor1599@example.com,+1-555-728-1673,Inactive,2023-10-09,646
1600,Robert Lewis,robert.lewis1600@example.com,+1-555-254-9637,Inactive,2026-03-25,597
1601,Emily Smith,emily.smith1601@example.com,+1-555-738-2038,Active,2024-09-06,598
1602,Michael Davis,michael.davis1602@example.com,+1-555-700-5067,Inactive,2023-12-01,790
1603,Michael Martin,michael.martin1603@example.com,+1-555-210-4811,Active,2025-08-31,764
1604,Emily Smith,emily.smith1604@example.com,+1-555-449-4056,Active,2023-03-31,815
1605,Daniel Jackson,daniel.jackson1605@example.com,+1-555-669-9372,Active,2025-03-31,665
1606,John Wilson,john.wilson1606@example.com,+1-555-468-5561,Inactive,2025-10-11,617
1607,Daniel Davis,daniel.davis1607@example.com,+1-555-731-2595,Inactive,2024-10-13,746
1608,Sarah Moore,sarah.moore1608@example.com,+1-555-813-5737,Inactive,2023-02-27,781
1609,Emily Harris,emily.harris1609@example.com,+1-555-965-2035,Inactive,2025-09-18,809
1610,David Miller,david.miller1610@example.com,+1-555-816-5238,Past Due,2026-01-07,726
1611,Amelia Johnson,amelia.johnson1611@example.com,+1-555-659-9864,Past Due,2023-01-06,801
1612,Robert Clark,robert.clark1612@example.com,+1-555-953-3383,Active,2024-07-10,600
1613,William Anderson,william.anderson1613@example.com,+1-555-523-9470,Active,2024-04-08,794
1614,James Wilson,james.wilson1614@example.com,+1-555-503-7169,Inactive,2026-01-23,688
1615,Amelia Taylor,amelia.taylor1615@example.com,+1-555-815-7485,Past Due,2026-01-30,692
1616,Ava Harris,ava.harris1616@example.com,+1-555-680-6117,Past Due,2023-07-04,663
1617,James Anderson,james.anderson1617@example.com,+1-555-421-1807,Active,2023-09-12,737
1618,Chris Wilson,chris.wilson1618@example.com,+1-555-159-8827,Inactive,2024-05-19,758
1619,Robert Johnson,robert.johnson1619@example.com,+1-555-459-2857,Active,2025-08-29,600
1620,Emily Johnson,emily.johnson1620@example.com,+1-555-332-9811,Past Due,2025-03-19,633
1621,Emily Jackson,emily.jackson1621@example.com,+1-555-354-7730,Past Due,2023-09-15,605
1622,Joseph Anderson,joseph.anderson1622@example.com,+1-555-435-7101,Past Due,2023-04-25,677
1623,Charlotte Smith,charlotte.smith1623@example.com,+1-555-150-1405,Past Due,2026-03-18,657
1624,Chris Thomas,chris.thomas1624@example.com,+1-555-643-5099,Active,2023-04-07,655
1625,Robert Harris,robert.harris1625@example.com,+1-555-798-5488,Past Due,2026-02-14,737
1626,Emily Martin,emily.martin1626@example.com,+1-555-609-7724,Active,2024-10-31,782
1627,Emily Anderson,emily.anderson1627@example.com,+1-555-265-1235,Inactive,2024-10-06,688
1628,Mia Lewis,mia.lewis1628@example.com,+1-555-874-8259,Inactive,2026-01-05,808
1629,John Clark,john.clark1629@example.com,+1-555-901-6054,Inactive,2024-03-28,629
1630,Joseph Smith,joseph.smith1630@example.com,+1-555-535-3143,Active,2025-01-26,646
1631,Robert Harris,robert.harris1631@example.com,+1-555-902-3143,Past Due,2024-01-13,777
1632,Emily Jackson,emily.jackson1632@example.com,+1-555-817-5738,Active,2023-08-11,681
1633,James White,james.white1633@example.com,+1-555-334-1879,Active,2025-05-21,621
1634,Olivia Davis,olivia.davis1634@example.com,+1-555-279-3492,Inactive,2024-01-06,775
1635,William Martin,william.martin1635@example.com,+1-555-589-8765,Inactive,2025-04-01,614
1636,James Brown,james.brown1636@example.com,+1-555-499-1454,Active,2023-06-11,625
1637,Daniel Davis,daniel.davis1637@example.com,+1-555-194-7103,Past Due,2024-05-29,716
1638,Joseph Harris,joseph.harris1638@example.com,+1-555-161-1100,Past Due,2023-01-31,607
1639,Charlotte Harris,charlotte.harris1639@example.com,+1-555-592-9102,Past Due,2023-09-19,630
1640,David Wilson,david.wilson1640@example.com,+1-555-691-6871,Inactive,2023-01-28,818
1641,Daniel Clark,daniel.clark1641@example.com,+1-555-238-7693,Inactive,2023-12-03,743
1642,Emily Brown,emily.brown1642@example.com,+1-555-250-2817,Active,2023-04-20,632
1643,Joseph Anderson,joseph.anderson1643@example.com,+1-555-334-8843,Inactive,2024-04-11,690
1644,Mia Harris,mia.harris1644@example.com,+1-555-987-9721,Active,2025-08-02,721
1645,Mia Wilson,mia.wilson1645@example.com,+1-555-477-5337,Past Due,2023-12-25,659
1646,Chris Davis,chris.davis1646@example.com,+1-555-787-4810,Past Due,2024-10-26,804
1647,Daniel White,daniel.white1647@example.com,+1-555-916-5396,Active,2023-03-06,753
1648,Emily Anderson,emily.anderson1648@example.com,+1-555-412-7019,Inactive,2025-08-14,666
1649,Chris Moore,chris.moore1649@example.com,+1-555-965-2256,Active,2023-10-14,629
1650,Chris Clark,chris.clark1650@example.com,+1-555-392-9802,Past Due,2025-10-03,754
1651,David Clark,david.clark1651@example.com,+1-555-548-7523,Active,2024-05-12,750
1652,Ava Wilson,ava.wilson1652@example.com,+1-555-601-3780,Active,2024-01-28,802
1653,Amelia Harris,amelia.harris1653@example.com,+1-555-801-3780,Active,2025-08-30,670
1654,John Johnson,john.johnson1654@example.com,+1-555-920-2102,Past Due,2025-03-03,643
1655,Sarah Anderson,sarah.anderson1655@example.com,+1-555-436-4184,Active,2025-03-02,735
1656,Sophia Jackson,sophia.jackson1656@example.com,+1-555-836-9934,Past Due,2023-10-24,648
1657,Sophia Jackson,sophia.jackson1657@example.com,+1-555-968-4760,Inactive,2023-01-25,589
1658,Emma Brown,emma.brown1658@example.com,+1-555-832-7493,Inactive,2025-08-29,709
1659,Ava Brown,ava.brown1659@example.com,+1-555-962-7962,Inactive,2023-12-19,651
1660,Daniel Anderson,daniel.anderson1660@example.com,+1-555-786-6889,Inactive,2024-06-20,689
1661,Sarah Moore,sarah.moore1661@example.com,+1-555-939-9766,Inactive,2023-05-16,701
1662,Michael Clark,michael.clark1662@example.com,+1-555-821-2755,Active,2024-10-18,641
1663,Emma Miller,emma.miller1663@example.com,+1-555-649-8479,Past Due,2025-11-15,749
1664,Daniel Harris,daniel.harris1664@example.com,+1-555-923-7972,Past Due,2025-12-16,711
1665,Chris Johnson,chris.johnson1665@example.com,+1-555-413-6152,Inactive,2026-03-31,759
1666,Chris Lewis,chris.lewis1666@example.com,+1-555-207-5493,Inactive,2023-10-09,644
1667,Robert Taylor,robert.taylor1667@example.com,+1-555-137-2467,Past Due,2026-01-11,771
1668,Robert Anderson,robert.anderson1668@example.com,+1-555-279-5387,Active,2024-02-22,792
1669,Amelia Taylor,amelia.taylor1669@example.com,+1-555-706-8365,Active,2025-12-03,640
1670,Sophia Davis,sophia.davis1670@example.com,+1-555-254-2846,Past Due,2026-01-30,707
1671,John Harris,john.harris1671@example.com,+1-555-936-3574,Past Due,2024-03-06,624
1672,Joseph Johnson,joseph.johnson1672@example.com,+1-555-828-4474,Active,2023-10-26,611
1673,Sarah Davis,sarah.davis1673@example.com,+1-555-115-4032,Active,2023-12-26,807
1674,John Smith,john.smith1674@example.com,+1-555-164-9552,Inactive,2025-08-02,691
1675,Robert Davis,robert.davis1675@example.com,+1-555-146-1488,Past Due,2026-02-17,815
1676,Charlotte Harris,charlotte.harris1676@example.com,+1-555-224-1183,Past Due,2023-06-21,789
1677,Ava Moore,ava.moore1677@example.com,+1-555-481-7286,Active,2024-08-14,595
1678,Sophia Thomas,sophia.thomas1678@example.com,+1-555-426-4997,Past Due,2023-06-24,730
1679,Joseph Johnson,joseph.johnson1679@example.com,+1-555-905-8906,Inactive,2025-05-12,780
1680,Amelia Miller,amelia.miller1680@example.com,+1-555-299-6158,Inactive,2025-04-16,801
1681,James Davis,james.davis1681@example.com,+1-555-135-1059,Active,2023-02-04,697
1682,Robert Wilson,robert.wilson1682@example.com,+1-555-103-7063,Inactive,2024-11-05,770
1683,Robert Clark,robert.clark1683@example.com,+1-555-954-2221,Inactive,2023-02-10,811
1684,Sarah Martin,sarah.martin1684@example.com,+1-555-543-7388,Inactive,2024-07-04,603
1685,David Smith,david.smith1685@example.com,+1-555-762-7438,Inactive,2024-09-04,802
1686,David Brown,david.brown1686@example.com,+1-555-820-4683,Inactive,2023-01-04,786
1687,William Jackson,william.jackson1687@example.com,+1-555-202-7534,Past Due,2024-07-04,777
1688,Charlotte Johnson,charlotte.johnson1688@example.com,+1-555-635-1246,Inactive,2026-02-24,774
1689,Michael Martin,michael.martin1689@example.com,+1-555-529-9982,Active,2024-08-25,721
1690,Chris Harris,chris.harris1690@example.com,+1-555-647-7639,Active,2025-03-06,735
1691,William Smith,william.smith1691@example.com,+1-555-640-4835,Past Due,2025-06-06,722
1692,Amelia Davis,amelia.davis1692@example.com,+1-555-583-9669,Past Due,2025-09-20,780
1693,David White,david.white1693@example.com,+1-555-131-7078,Past Due,2025-05-28,626
1694,Mia Clark,mia.clark1694@example.com,+1-555-964-2270,Past Due,2025-07-19,809
1695,Robert Smith,robert.smith1695@example.com,+1-555-809-4878,Active,2023-02-15,602
1696,Chris Martin,chris.martin1696@example.com,+1-555-818-6873,Inactive,2025-12-05,727
1697,Amelia Wilson,amelia.wilson1697@example.com,+1-555-489-1240,Inactive,2023-06-11,721
1698,John White,john.white1698@example.com,+1-555-242-2193,Inactive,2025-01-09,665
1699,Joseph Jackson,joseph.jackson1699@example.com,+1-555-220-8545,Inactive,2025-07-24,654
1700,David Miller,david.miller1700@example.com,+1-555-599-5862,Inactive,2024-01-14,780
1701,David Davis,david.davis1701@example.com,+1-555-654-3370,Inactive,2023-07-08,735
1702,Robert Miller,robert.miller1702@example.com,+1-555-546-5362,Active,2023-11-30,616
1703,Charlotte Jackson,charlotte.jackson1703@example.com,+1-555-624-2219,Inactive,2023-04-20,787
1704,Daniel White,daniel.white1704@example.com,+1-555-372-3160,Active,2026-02-07,668
1705,Ava White,ava.white1705@example.com,+1-555-597-1743,Inactive,2025-06-10,779
1706,Joseph Miller,joseph.miller1706@example.com,+1-555-102-3318,Active,2025-01-21,707
1707,John Smith,john.smith1707@example.com,+1-555-851-1815,Active,2025-03-28,636
1708,James Martin,james.martin1708@example.com,+1-555-381-1865,Inactive,2023-12-18,634
1709,Chris Anderson,chris.anderson1709@example.com,+1-555-967-8700,Active,2025-10-27,621
1710,Amelia Jackson,amelia.jackson1710@example.com,+1-555-838-5587,Active,2023-04-30,602
1711,Charlotte Wilson,charlotte.wilson1711@example.com,+1-555-264-5289,Past Due,2025-07-15,641
1712,David Miller,david.miller1712@example.com,+1-555-529-2187,Inactive,2026-01-15,816
1713,Mia Smith,mia.smith1713@example.com,+1-555-593-2079,Active,2024-12-20,723
1714,Sarah Brown,sarah.brown1714@example.com,+1-555-218-7091,Active,2023-12-31,796
1715,William Davis,william.davis1715@example.com,+1-555-935-2411,Inactive,2024-01-16,689
1716,David Johnson,david.johnson1716@example.com,+1-555-861-6942,Active,2025-06-21,593
1717,Chris Moore,chris.moore1717@example.com,+1-555-144-1537,Inactive,2023-05-26,787
1718,Emily Jackson,emily.jackson1718@example.com,+1-555-796-1240,Active,2025-09-17,645
1719,David Thomas,david.thomas1719@example.com,+1-555-675-6361,Past Due,2024-08-23,638
1720,Chris Clark,chris.clark1720@example.com,+1-555-523-4495,Inactive,2024-12-06,613
1721,Daniel Anderson,daniel.anderson1721@example.com,+1-555-583-2893,Inactive,2023-06-30,739
1722,Joseph Miller,joseph.miller1722@example.com,+1-555-585-4312,Inactive,2026-01-07,601
1723,Michael Brown,michael.brown1723@example.com,+1-555-136-5224,Inactive,2023-04-03,619
1724,Mia Harris,mia.harris1724@example.com,+1-555-327-4001,Active,2025-08-17,808
1725,Ava Moore,ava.moore1725@example.com,+1-555-902-6897,Inactive,2024-06-08,714
1726,Sophia Jackson,sophia.jackson1726@example.com,+1-555-992-3480,Inactive,2025-12-21,595
1727,Robert Anderson,robert.anderson1727@example.com,+1-555-658-8133,Active,2025-05-29,694
1728,Michael Taylor,michael.taylor1728@example.com,+1-555-834-5118,Inactive,2026-01-14,708
1729,Michael Thomas,michael.thomas1729@example.com,+1-555-281-6208,Active,2025-02-22,815
1730,Ava Harris,ava.harris1730@example.com,+1-555-241-9850,Active,2024-11-08,665
1731,Sarah Clark,sarah.clark1731@example.com,+1-555-935-8279,Inactive,2023-04-13,680
1732,Mia Clark,mia.clark1732@example.com,+1-555-734-6497,Inactive,2023-06-13,673
1733,Robert Wilson,robert.wilson1733@example.com,+1-555-310-3994,Past Due,2023-01-20,732
1734,Sarah Jackson,sarah.jackson1734@example.com,+1-555-884-6317,Active,2023-03-29,706
1735,Ava Smith,ava.smith1735@example.com,+1-555-782-2666,Active,2023-07-24,601
1736,Emma Clark,emma.clark1736@example.com,+1-555-897-9315,Inactive,2023-07-14,733
1737,John Miller,john.miller1737@example.com,+1-555-436-5832,Past Due,2025-06-30,754
1738,Robert Johnson,robert.johnson1738@example.com,+1-555-803-3902,Active,2023-02-18,683
1739,Mia Taylor,mia.taylor1739@example.com,+1-555-422-5391,Past Due,2023-06-20,754
1740,Olivia Smith,olivia.smith1740@example.com,+1-555-184-3215,Active,2025-06-15,810
1741,James White,james.white1741@example.com,+1-555-992-1975,Active,2023-11-20,800
1742,Emily Johnson,emily.johnson1742@example.com,+1-555-180-6234,Active,2024-11-21,634
1743,Olivia White,olivia.white1743@example.com,+1-555-917-5253,Inactive,2024-11-26,588
1744,William Thomas,william.thomas1744@example.com,+1-555-144-9066,Active,2025-06-26,760
1745,Michael Miller,michael.miller1745@example.com,+1-555-574-1811,Inactive,2025-01-19,744
1746,John Taylor,john.taylor1746@example.com,+1-555-782-2077,Active,2023-01-20,680
1747,Ava Moore,ava.moore1747@example.com,+1-555-411-1199,Active,2026-03-31,610
1748,John Anderson,john.anderson1748@example.com,+1-555-456-3065,Active,2024-03-15,689
1749,Sarah Thomas,sarah.thomas1749@example.com,+1-555-165-2179,Past Due,2024-09-06,740
1750,Emma Taylor,emma.taylor1750@example.com,+1-555-769-6518,Past Due,2023-12-23,719
1751,Mia White,mia.white1751@example.com,+1-555-878-4991,Inactive,2026-03-07,667
1752,Chris Johnson,chris.johnson1752@example.com,+1-555-470-7355,Active,2023-03-10,595
1753,Emily Lewis,emily.lewis1753@example.com,+1-555-683-1213,Past Due,2023-02-09,681
1754,Emily Johnson,emily.johnson1754@example.com,+1-555-175-9957,Inactive,2025-06-18,702
1755,Daniel Johnson,daniel.johnson1755@example.com,+1-555-896-4958,Inactive,2025-10-22,648
1756,Chris Moore,chris.moore1756@example.com,+1-555-778-4175,Past Due,2024-08-14,658
1757,Mia Taylor,mia.taylor1757@example.com,+1-555-121-1045,Inactive,2025-10-02,697
1758,Robert Wilson,robert.wilson1758@example.com,+1-555-442-6375,Active,2024-03-22,621
1759,Mia Smith,mia.smith1759@example.com,+1-555-174-9081,Active,2025-02-16,660
1760,Daniel Miller,daniel.miller1760@example.com,+1-555-500-4008,Inactive,2023-08-05,697
1761,Amelia Anderson,amelia.anderson1761@example.com,+1-555-288-2001,Past Due,2024-01-18,749
1762,Chris Taylor,chris.taylor1762@example.com,+1-555-908-4626,Inactive,2024-11-08,799
1763,Emma Brown,emma.brown1763@example.com,+1-555-115-1523,Past Due,2023-03-23,744
1764,Emily Johnson,emily.johnson1764@example.com,+1-555-464-5002,Active,2026-01-12,722
1765,Emily Anderson,emily.anderson1765@example.com,+1-555-348-1228,Active,2023-08-27,602
1766,Robert Harris,robert.harris1766@example.com,+1-555-554-4603,Active,2023-01-14,652
1767,James Clark,james.clark1767@example.com,+1-555-442-9897,Inactive,2024-10-24,799
1768,Olivia Brown,olivia.brown1768@example.com,+1-555-275-7938,Inactive,2023-12-10,681
1769,Sarah Taylor,sarah.taylor1769@example.com,+1-555-963-4936,Inactive,2024-01-02,784
1770,John Miller,john.miller1770@example.com,+1-555-568-7062,Inactive,2025-12-02,627
1771,David Anderson,david.anderson1771@example.com,+1-555-573-8591,Active,2023-09-16,580
1772,William Davis,william.davis1772@example.com,+1-555-193-6640,Active,2024-04-07,762
1773,Amelia Smith,amelia.smith1773@example.com,+1-555-285-4097,Inactive,2023-12-11,605
1774,Olivia Brown,olivia.brown1774@example.com,+1-555-461-9592,Active,2025-12-05,726
1775,Charlotte Smith,charlotte.smith1775@example.com,+1-555-802-6997,Past Due,2023-07-13,691
1776,Emma Davis,emma.davis1776@example.com,+1-555-615-8152,Active,2026-01-01,675
1777,James Brown,james.brown1777@example.com,+1-555-847-6127,Past Due,2025-08-07,756
1778,Charlotte Wilson,charlotte.wilson1778@example.com,+1-555-820-2543,Inactive,2026-02-12,712
1779,Sarah Johnson,sarah.johnson1779@example.com,+1-555-868-6565,Active,2025-09-07,716
1780,Michael Brown,michael.brown1780@example.com,+1-555-660-7151,Past Due,2023-11-13,710
1781,Charlotte Wilson,charlotte.wilson1781@example.com,+1-555-922-9340,Inactive,2024-11-10,805
1782,Ava Johnson,ava.johnson1782@example.com,+1-555-773-2572,Past Due,2023-10-10,623
1783,Charlotte Wilson,charlotte.wilson1783@example.com,+1-555-101-1884,Active,2026-02-02,634
1784,Ava Miller,ava.miller1784@example.com,+1-555-740-4746,Active,2023-11-15,595
1785,Daniel Brown,daniel.brown1785@example.com,+1-555-384-5566,Inactive,2024-07-24,747
1786,Michael Miller,michael.miller1786@example.com,+1-555-867-9599,Past Due,2023-08-13,596
1787,Emily White,emily.white1787@example.com,+1-555-691-4215,Past Due,2023-01-21,752
1788,Chris Smith,chris.smith1788@example.com,+1-555-230-1591,Past Due,2024-03-01,592
1789,Daniel Miller,daniel.miller1789@example.com,+1-555-324-3149,Active,2025-06-17,707
1790,Mia Miller,mia.miller1790@example.com,+1-555-812-2691,Active,2025-02-02,763
1791,Michael Johnson,michael.johnson1791@example.com,+1-555-895-3140,Past Due,2023-07-11,686
1792,James Johnson,james.johnson1792@example.com,+1-555-516-5152,Inactive,2024-02-08,580
1793,Sarah White,sarah.white1793@example.com,+1-555-832-4781,Inactive,2025-07-24,697
1794,Mia Harris,mia.harris1794@example.com,+1-555-698-2572,Past Due,2026-01-05,637
1795,Chris Brown,chris.brown1795@example.com,+1-555-800-1375,Past Due,2023-11-28,733
1796,David Martin,david.martin1796@example.com,+1-555-799-2212,Inactive,2024-09-03,676
1797,Sarah Wilson,sarah.wilson1797@example.com,+1-555-696-9698,Active,2023-09-02,781
1798,John Anderson,john.anderson1798@example.com,+1-555-353-9867,Inactive,2023-05-17,738
1799,Robert Harris,robert.harris1799@example.com,+1-555-266-3471,Past Due,2023-06-16,785
1800,Michael Davis,michael.davis1800@example.com,+1-555-529-8976,Active,2025-10-23,594
1801,Mia Harris,mia.harris1801@example.com,+1-555-670-7038,Inactive,2025-03-16,697
1802,Sarah Harris,sarah.harris1802@example.com,+1-555-339-7455,Active,2023-06-22,726
1803,Joseph Harris,joseph.harris1803@example.com,+1-555-470-6925,Active,2024-09-12,728
1804,Ava Anderson,ava.anderson1804@example.com,+1-555-407-1592,Inactive,2025-06-02,680
1805,Michael Thomas,michael.thomas1805@example.com,+1-555-719-4089,Past Due,2024-04-05,725
1806,Emily White,emily.white1806@example.com,+1-555-108-5952,Past Due,2025-02-10,622
1807,William Moore,william.moore1807@example.com,+1-555-232-3767,Inactive,2023-10-03,691
1808,Emma Brown,emma.brown1808@example.com,+1-555-402-3406,Inactive,2024-03-19,781
1809,Emily Miller,emily.miller1809@example.com,+1-555-948-6628,Past Due,2026-02-10,758
1810,James Anderson,james.anderson1810@example.com,+1-555-789-3478,Active,2025-11-20,797
1811,Joseph Johnson,joseph.johnson1811@example.com,+1-555-646-9077,Past Due,2023-07-20,769
1812,Emily Miller,emily.miller1812@example.com,+1-555-754-4933,Past Due,2024-09-29,812
1813,David Harris,david.harris1813@example.com,+1-555-369-4614,Active,2026-02-20,666
1814,Sophia Miller,sophia.miller1814@example.com,+1-555-837-5615,Inactive,2024-01-18,807
1815,Mia Johnson,mia.johnson1815@example.com,+1-555-473-9710,Active,2024-04-05,642
1816,Daniel Moore,daniel.moore1816@example.com,+1-555-934-1569,Past Due,2024-05-08,599
1817,David White,david.white1817@example.com,+1-555-968-9667,Inactive,2025-04-10,587
1818,Mia Anderson,mia.anderson1818@example.com,+1-555-478-8649,Past Due,2025-03-10,814
1819,Daniel Lewis,daniel.lewis1819@example.com,+1-555-438-8430,Inactive,2024-07-03,764
1820,James Moore,james.moore1820@example.com,+1-555-469-4930,Inactive,2025-01-29,724
1821,Charlotte Anderson,charlotte.anderson1821@example.com,+1-555-502-7335,Past Due,2025-10-26,677
1822,David Martin,david.martin1822@example.com,+1-555-313-5593,Active,2023-06-11,625
1823,James Thomas,james.thomas1823@example.com,+1-555-478-1362,Past Due,2023-01-17,726
1824,James Thomas,james.thomas1824@example.com,+1-555-620-2434,Inactive,2024-01-15,774
1825,Robert Miller,robert.miller1825@example.com,+1-555-430-7081,Past Due,2025-02-19,681
1826,Ava Clark,ava.clark1826@example.com,+1-555-286-2848,Active,2023-01-28,696
1827,Daniel Miller,daniel.miller1827@example.com,+1-555-345-7028,Past Due,2023-09-01,648
1828,Olivia Harris,olivia.harris1828@example.com,+1-555-225-5684,Active,2024-06-26,746
1829,Amelia Moore,amelia.moore1829@example.com,+1-555-353-3579,Inactive,2023-08-27,657
1830,James Thomas,james.thomas1830@example.com,+1-555-318-1914,Inactive,2026-03-06,685
1831,Sophia Clark,sophia.clark1831@example.com,+1-555-331-2708,Past Due,2023-02-07,587
1832,Amelia Davis,amelia.davis1832@example.com,+1-555-607-9697,Inactive,2023-12-09,616
1833,Emma Brown,emma.brown1833@example.com,+1-555-477-9994,Inactive,2023-07-09,814
1834,Amelia Anderson,amelia.anderson1834@example.com,+1-555-425-3562,Active,2025-01-12,788
1835,Daniel Wilson,daniel.wilson1835@example.com,+1-555-543-9281,Inactive,2024-06-15,648
1836,Charlotte Johnson,charlotte.johnson1836@example.com,+1-555-215-9146,Active,2023-12-02,802
1837,John Martin,john.martin1837@example.com,+1-555-915-6594,Past Due,2023-10-30,636
1838,William Clark,william.clark1838@example.com,+1-555-563-3163,Past Due,2025-05-30,682
1839,James Martin,james.martin1839@example.com,+1-555-292-4194,Inactive,2023-01-07,608
1840,Daniel Johnson,daniel.johnson1840@example.com,+1-555-761-1764,Past Due,2025-01-01,788
1841,Chris Clark,chris.clark1841@example.com,+1-555-649-2030,Active,2025-01-22,663
1842,Joseph Johnson,joseph.johnson1842@example.com,+1-555-137-1414,Active,2025-09-17,799
1843,Olivia Miller,olivia.miller1843@example.com,+1-555-167-6065,Active,2024-10-16,698
1844,Michael Davis,michael.davis1844@example.com,+1-555-535-1433,Past Due,2024-09-08,638
1845,Emma Moore,emma.moore1845@example.com,+1-555-881-7520,Past Due,2023-06-27,706
1846,Olivia Johnson,olivia.johnson1846@example.com,+1-555-303-2992,Active,2025-02-13,739
1847,Mia White,mia.white1847@example.com,+1-555-826-3525,Past Due,2025-03-11,625
1848,John Wilson,john.wilson1848@example.com,+1-555-689-8940,Active,2024-12-05,612
1849,Mia White,mia.white1849@example.com,+1-555-947-4493,Active,2023-10-31,623
1850,Chris Clark,chris.clark1850@example.com,+1-555-332-4114,Past Due,2023-12-23,580
1851,Ava White,ava.white1851@example.com,+1-555-973-8760,Past Due,2024-03-30,780
1852,Mia Taylor,mia.taylor1852@example.com,+1-555-232-4713,Inactive,2025-05-24,602
1853,Joseph White,joseph.white1853@example.com,+1-555-135-8692,Inactive,2023-07-07,812
1854,Sarah Clark,sarah.clark1854@example.com,+1-555-146-9379,Active,2025-03-07,735
1855,Charlotte Davis,charlotte.davis1855@example.com,+1-555-882-9284,Active,2024-02-14,677
1856,Sarah Davis,sarah.davis1856@example.com,+1-555-114-9050,Active,2023-11-16,681
1857,Emma White,emma.white1857@example.com,+1-555-760-4641,Past Due,2026-02-21,741
1858,Olivia Brown,olivia.brown1858@example.com,+1-555-979-9077,Past Due,2025-06-09,816
1859,Daniel Anderson,daniel.anderson1859@example.com,+1-555-898-7595,Inactive,2024-02-15,663
1860,William Anderson,william.anderson1860@example.com,+1-555-234-3378,Active,2024-03-19,756
1861,Chris Miller,chris.miller1861@example.com,+1-555-265-9328,Active,2023-08-06,773
1862,Ava Anderson,ava.anderson1862@example.com,+1-555-257-6670,Past Due,2026-03-05,619
1863,Olivia Wilson,olivia.wilson1863@example.com,+1-555-851-6795,Inactive,2023-04-28,676
1864,Olivia Jackson,olivia.jackson1864@example.com,+1-555-316-7088,Past Due,2023-04-11,810
1865,Robert Taylor,robert.taylor1865@example.com,+1-555-953-8844,Active,2023-05-17,798
1866,Emma Johnson,emma.johnson1866@example.com,+1-555-378-7501,Past Due,2025-10-04,650
1867,Emma Taylor,emma.taylor1867@example.com,+1-555-106-8955,Past Due,2024-10-07,638
1868,Amelia Thomas,amelia.thomas1868@example.com,+1-555-890-2999,Past Due,2026-02-24,662
1869,Chris Smith,chris.smith1869@example.com,+1-555-775-2175,Active,2025-02-28,624
1870,Robert Johnson,robert.johnson1870@example.com,+1-555-620-5699,Past Due,2025-03-28,638
1871,Charlotte White,charlotte.white1871@example.com,+1-555-495-2036,Inactive,2024-07-20,782
1872,Charlotte Johnson,charlotte.johnson1872@example.com,+1-555-470-6217,Inactive,2026-03-10,598
1873,Olivia Brown,olivia.brown1873@example.com,+1-555-477-2416,Inactive,2024-07-02,598
1874,David Jackson,david.jackson1874@example.com,+1-555-437-8016,Inactive,2023-02-04,725
1875,David Harris,david.harris1875@example.com,+1-555-706-4465,Past Due,2024-10-19,695
1876,Amelia Lewis,amelia.lewis1876@example.com,+1-555-466-4028,Active,2025-09-04,785
1877,John Miller,john.miller1877@example.com,+1-555-118-5155,Active,2025-06-09,620
1878,John Brown,john.brown1878@example.com,+1-555-737-9128,Active,2023-10-06,766
1879,David Miller,david.miller1879@example.com,+1-555-414-2200,Active,2026-03-16,642
1880,Emily Harris,emily.harris1880@example.com,+1-555-573-9715,Past Due,2025-07-18,683
1881,Sarah Lewis,sarah.lewis1881@example.com,+1-555-320-2215,Active,2025-05-23,705
1882,Charlotte Taylor,charlotte.taylor1882@example.com,+1-555-181-4037,Active,2025-06-15,746
1883,Robert Smith,robert.smith1883@example.com,+1-555-571-6556,Past Due,2026-03-27,715
1884,Amelia Lewis,amelia.lewis1884@example.com,+1-555-764-9924,Inactive,2024-12-22,640
1885,Michael Thomas,michael.thomas1885@example.com,+1-555-307-2888,Past Due,2023-07-07,741
1886,Robert Jackson,robert.jackson1886@example.com,+1-555-416-4086,Active,2025-11-15,752
1887,James Wilson,james.wilson1887@example.com,+1-555-338-3042,Active,2023-04-04,620
1888,Emma Brown,emma.brown1888@example.com,+1-555-460-1385,Inactive,2025-09-22,786
1889,Robert Anderson,robert.anderson1889@example.com,+1-555-389-8472,Inactive,2025-09-09,581
1890,Sarah Smith,sarah.smith1890@example.com,+1-555-243-7895,Past Due,2025-08-08,681
1891,Ava Thomas,ava.thomas1891@example.com,+1-555-657-8131,Inactive,2025-04-01,656
1892,William Clark,william.clark1892@example.com,+1-555-416-2458,Inactive,2024-02-17,678
1893,Mia Martin,mia.martin1893@example.com,+1-555-807-1553,Inactive,2024-11-08,588
1894,John Martin,john.martin1894@example.com,+1-555-350-6783,Inactive,2024-03-27,700
1895,Michael Johnson,michael.johnson1895@example.com,+1-555-702-7326,Inactive,2026-03-03,689
1896,Olivia Clark,olivia.clark1896@example.com,+1-555-551-2295,Active,2026-03-04,746
1897,Mia Miller,mia.miller1897@example.com,+1-555-682-7228,Active,2024-10-19,632
1898,Sarah White,sarah.white1898@example.com,+1-555-707-8634,Past Due,2023-01-17,625
1899,Mia White,mia.white1899@example.com,+1-555-212-3646,Past Due,2023-11-26,698
1900,Emily Moore,emily.moore1900@example.com,+1-555-536-5910,Active,2023-06-10,798
1901,James Thomas,james.thomas1901@example.com,+1-555-637-6495,Past Due,2025-03-16,669
1902,Ava Martin,ava.martin1902@example.com,+1-555-773-8120,Active,2024-09-03,664
1903,Daniel Thomas,daniel.thomas1903@example.com,+1-555-863-4627,Inactive,2024-06-11,781
1904,David Thomas,david.thomas1904@example.com,+1-555-726-2987,Inactive,2026-03-12,817
1905,Sophia Taylor,sophia.taylor1905@example.com,+1-555-953-5234,Inactive,2026-03-30,695
1906,Ava Taylor,ava.taylor1906@example.com,+1-555-688-5417,Inactive,2024-06-24,584
1907,Joseph Wilson,joseph.wilson1907@example.com,+1-555-249-4678,Active,2024-11-03,708
1908,Emily Miller,emily.miller1908@example.com,+1-555-719-8815,Past Due,2024-03-23,727
1909,Amelia Anderson,amelia.anderson1909@example.com,+1-555-202-5082,Active,2023-08-01,582
1910,William Miller,william.miller1910@example.com,+1-555-162-3839,Active,2025-09-07,774
1911,Sarah Lewis,sarah.lewis1911@example.com,+1-555-434-5937,Past Due,2024-12-13,629
1912,Ava Martin,ava.martin1912@example.com,+1-555-479-6516,Inactive,2026-04-14,613
1913,Chris Johnson,chris.johnson1913@example.com,+1-555-350-1166,Active,2024-09-10,651
1914,Emily Thomas,emily.thomas1914@example.com,+1-555-490-2050,Active,2024-04-02,725
1915,Sarah Smith,sarah.smith1915@example.com,+1-555-244-6828,Active,2023-10-07,779
1916,Emma Moore,emma.moore1916@example.com,+1-555-851-8560,Inactive,2025-03-16,801
1917,Mia Harris,mia.harris1917@example.com,+1-555-294-6419,Past Due,2024-11-21,740
1918,Charlotte Smith,charlotte.smith1918@example.com,+1-555-668-8049,Active,2026-03-20,736
1919,Michael Brown,michael.brown1919@example.com,+1-555-367-6906,Past Due,2024-09-03,628
1920,Daniel Jackson,daniel.jackson1920@example.com,+1-555-506-7355,Active,2023-06-23,598
1921,Sophia White,sophia.white1921@example.com,+1-555-149-4353,Inactive,2024-01-11,628
1922,Emily Wilson,emily.wilson1922@example.com,+1-555-786-3223,Active,2024-05-24,629
1923,Ava Clark,ava.clark1923@example.com,+1-555-399-4000,Inactive,2025-04-12,633
1924,Emma Smith,emma.smith1924@example.com,+1-555-408-4800,Past Due,2025-07-12,762
1925,Emily Harris,emily.harris1925@example.com,+1-555-900-9851,Active,2023-03-08,721
1926,James Miller,james.miller1926@example.com,+1-555-682-5597,Inactive,2026-04-08,592
1927,Chris Brown,chris.brown1927@example.com,+1-555-762-8983,Inactive,2024-08-08,596
1928,William Anderson,william.anderson1928@example.com,+1-555-292-1615,Inactive,2024-03-01,795
1929,James Johnson,james.johnson1929@example.com,+1-555-258-4741,Past Due,2025-01-20,592
1930,Olivia Wilson,olivia.wilson1930@example.com,+1-555-934-5592,Inactive,2025-03-11,666
1931,Olivia Clark,olivia.clark1931@example.com,+1-555-869-6517,Past Due,2023-11-23,630
1932,Michael Miller,michael.miller1932@example.com,+1-555-632-3511,Past Due,2024-04-23,582
1933,Chris Smith,chris.smith1933@example.com,+1-555-237-6409,Inactive,2026-03-20,607
1934,Michael Moore,michael.moore1934@example.com,+1-555-998-1163,Active,2023-02-14,636
1935,Michael Anderson,michael.anderson1935@example.com,+1-555-518-8675,Inactive,2023-05-19,767
1936,Emma Martin,emma.martin1936@example.com,+1-555-902-8475,Inactive,2023-01-22,692
1937,Emily Miller,emily.miller1937@example.com,+1-555-894-8837,Past Due,2024-12-12,772
1938,James Taylor,james.taylor1938@example.com,+1-555-866-1928,Active,2024-07-23,744
1939,Mia Moore,mia.moore1939@example.com,+1-555-157-2281,Active,2024-04-17,768
1940,Amelia Anderson,amelia.anderson1940@example.com,+1-555-935-8989,Active,2024-04-26,587
1941,Michael Anderson,michael.anderson1941@example.com,+1-555-833-3159,Active,2023-09-18,718
1942,Ava Clark,ava.clark1942@example.com,+1-555-169-1268,Active,2025-07-19,763
1943,Olivia Wilson,olivia.wilson1943@example.com,+1-555-777-3169,Inactive,2023-04-17,805
1944,Mia Johnson,mia.johnson1944@example.com,+1-555-549-7776,Inactive,2026-01-24,698
1945,Emma Lewis,emma.lewis1945@example.com,+1-555-757-9113,Inactive,2024-06-17,685
1946,Emma Wilson,emma.wilson1946@example.com,+1-555-370-1819,Inactive,2025-01-06,743
1947,Amelia Taylor,amelia.taylor1947@example.com,+1-555-649-8220,Active,2025-08-18,741
1948,Chris Jackson,chris.jackson1948@example.com,+1-555-617-2050,Active,2023-11-15,661
1949,Sarah Jackson,sarah.jackson1949@example.com,+1-555-494-7458,Past Due,2024-07-31,762
1950,Daniel Miller,daniel.miller1950@example.com,+1-555-353-8953,Active,2024-01-20,695
1951,David Wilson,david.wilson1951@example.com,+1-555-202-3129,Active,2023-06-26,592
1952,Emma Clark,emma.clark1952@example.com,+1-555-625-1687,Active,2024-12-10,756
1953,Amelia Martin,amelia.martin1953@example.com,+1-555-926-1819,Past Due,2023-06-01,696
1954,Sarah Lewis,sarah.lewis1954@example.com,+1-555-398-1590,Past Due,2024-04-06,733
1955,Chris White,chris.white1955@example.com,+1-555-206-5125,Past Due,2024-12-27,625
1956,James Davis,james.davis1956@example.com,+1-555-605-2671,Active,2023-12-26,616
1957,Charlotte Harris,charlotte.harris1957@example.com,+1-555-866-5170,Active,2024-03-27,722
1958,William Wilson,william.wilson1958@example.com,+1-555-267-1351,Inactive,2024-08-15,618
1959,Chris Davis,chris.davis1959@example.com,+1-555-484-3886,Inactive,2024-10-18,755
1960,Daniel Harris,daniel.harris1960@example.com,+1-555-970-4151,Active,2023-01-04,757
1961,Amelia Moore,amelia.moore1961@example.com,+1-555-307-5749,Inactive,2024-09-10,693
1962,John Thomas,john.thomas1962@example.com,+1-555-614-9496,Inactive,2025-11-07,733
1963,James Smith,james.smith1963@example.com,+1-555-377-8612,Active,2023-12-07,582
1964,Mia Harris,mia.harris1964@example.com,+1-555-884-9314,Past Due,2024-12-16,598
1965,James Moore,james.moore1965@example.com,+1-555-906-8343,Inactive,2024-06-11,739
1966,Olivia Harris,olivia.harris1966@example.com,+1-555-537-4427,Active,2024-10-10,686
1967,Sophia Anderson,sophia.anderson1967@example.com,+1-555-289-8411,Inactive,2025-08-29,661
1968,Olivia Wilson,olivia.wilson1968@example.com,+1-555-467-3516,Active,2025-05-06,600
1969,Robert White,robert.white1969@example.com,+1-555-655-2371,Active,2023-10-02,587
1970,Mia Wilson,mia.wilson1970@example.com,+1-555-254-5683,Active,2023-05-27,662
1971,Emily Moore,emily.moore1971@example.com,+1-555-143-3484,Past Due,2024-10-12,660
1972,Robert Taylor,robert.taylor1972@example.com,+1-555-546-5003,Inactive,2023-11-12,745
1973,Emily Wilson,emily.wilson1973@example.com,+1-555-946-5860,Past Due,2024-01-04,590
1974,Emily Harris,emily.harris1974@example.com,+1-555-177-6492,Past Due,2024-06-14,739
1975,Joseph Smith,joseph.smith1975@example.com,+1-555-761-6564,Active,2024-02-03,632
1976,Emma Taylor,emma.taylor1976@example.com,+1-555-770-9819,Active,2023-03-31,649
1977,Amelia Taylor,amelia.taylor1977@example.com,+1-555-821-3572,Active,2023-06-21,625
1978,Chris Davis,chris.davis1978@example.com,+1-555-948-3832,Active,2025-02-01,771
1979,Ava Davis,ava.davis1979@example.com,+1-555-828-7102,Past Due,2023-11-11,802
1980,Emily Martin,emily.martin1980@example.com,+1-555-648-9183,Inactive,2024-09-02,808
1981,John Davis,john.davis1981@example.com,+1-555-881-2797,Past Due,2024-10-31,647
1982,Amelia Johnson,amelia.johnson1982@example.com,+1-555-498-6067,Inactive,2023-10-01,794
1983,John Johnson,john.johnson1983@example.com,+1-555-913-7361,Active,2026-03-13,817
1984,Joseph Lewis,joseph.lewis1984@example.com,+1-555-552-9592,Inactive,2024-05-15,792
1985,James Jackson,james.jackson1985@example.com,+1-555-894-7352,Past Due,2025-04-02,652
1986,Robert Thomas,robert.thomas1986@example.com,+1-555-893-2945,Past Due,2025-06-10,765
1987,Chris Moore,chris.moore1987@example.com,+1-555-403-3953,Active,2023-10-16,763
1988,Emily Miller,emily.miller1988@example.com,+1-555-283-2230,Active,2024-01-10,584
1989,Ava Brown,ava.brown1989@example.com,+1-555-146-5658,Active,2024-06-02,716
1990,Michael Davis,michael.davis1990@example.com,+1-555-388-8956,Past Due,2026-03-09,777
1991,Emma Brown,emma.brown1991@example.com,+1-555-582-8315,Active,2025-04-12,730
1992,Daniel Davis,daniel.davis1992@example.com,+1-555-767-3635,Past Due,2024-02-12,608
1993,Amelia Smith,amelia.smith1993@example.com,+1-555-158-4593,Inactive,2025-05-14,684
1994,John Wilson,john.wilson1994@example.com,+1-555-823-1034,Active,2023-01-12,669
1995,Michael Wilson,michael.wilson1995@example.com,+1-555-652-6515,Active,2026-01-19,681
1996,Michael Davis,michael.davis1996@example.com,+1-555-103-6271,Past Due,2023-04-06,663
1997,Olivia Anderson,olivia.anderson1997@example.com,+1-555-350-9674,Active,2026-01-31,761
1998,John White,john.white1998@example.com,+1-555-666-3651,Inactive,2023-12-17,748
1999,Sarah Johnson,sarah.johnson1999@example.com,+1-555-561-7522,Past Due,2025-06-04,621
2000,William Martin,william.martin2000@example.com,+1-555-349-4721,Active,2026-02-12,807
